gene,abundance
b0166,2507.8083457057
b0200,512.10313086949998
b0596,14.4904718897
b2096,10585.8471932251
b0755,7775.1021971093005
b2029,2765.7695821071002
b0415,4327.3094751691997
b1612,808.84429585350006
b2095,1343.5570047702001
b0754,1598.3976218473999
b0819,1466.6947294489999
b3612,960.76974315479993
b4213,346.63667454269995
b3941,1193.6524533813001
b1200,646.51276144420001
b4214,1007.4357292166001
b3439,534.30780092660007
b2041,397.75793028430002
b1487,314.31863461149999
b1678,439.97834251289999
b2303,702.7556184250999
b0154,459.88868787569999
b1199,249.07182817150002
b1764,239.94844603439998
b2601,412.00128230160004
b2262,340.7543431775
b3012,622.3793787697
b1738,403.55849384099997
b4129,124.432546199
b2038,330.93561343210001
b0085,105.41062462239999
b3041,192.44008693700002
b4232,176.09895886259997
b1990,146.52310807239999
b1896,198.19703936970001
b1198,68.676566147900004
b1190,63.076433393999999
b0207,60.199816287700003
b0110,100.5862121724
b0925,23.635440248400002
b1270,60.256797059300006
b0224,48.896694778599993
b1704,95.059551876499995
b3925,79.508789939500005
b2436,20.588534022600001
b3432,13.750740971700001
b1113,12.4182256074
b4053,20.0563307868
b3579,1.6418519872999999
b3788,9.7412632544999997
b3081,3.0055698336000001
b0662,20.595843303599999
b2965,3.6826271701
b3132,1.1766008315000001
b2746,6.4887728829999993
b4571,1.2755331218000001
b4122,1.4757238562000001
b1478,4.3565746949999999
b1736,0.72170225230000007
b3987,707.72933708240009
b0114,1348.1763685369999
b0118,3527.1817058615998
b4143,9166.1212287836006
b0014,5078.4935973003994
b3774,4299.9646992974003
b3544,8967.1553530623005
b3988,88.938586491599992
b3829,1836.0739694942999
b0033,237.0967930942
b1241,1133.3963298607
b0911,7361.9277041244995
b3340,6102.7769537618005
b2697,455.97081772589996
b2416,1742.0440984838001
b3732,8099.7063153825002
b1243,6414.3198097641007
b2530,3884.2845389928998
b1136,12384.226065365801
b0436,4794.4393431696999
b0115,1481.7656552573999
b3339,29964.437010892998
b3559,655.35786403719999
b3164,2337.5901862005999
b0903,694.93183066600011
b0473,836.8176224532001
b3734,7354.6756831424
b3172,2137.4844860409999
b3926,524.35875927230006
b2551,9048.7053646042004
b0726,276.28431635750002
b0194,1376.9936369768
b2926,13389.685797365901
b1415,8159.2673266889005
b1761,2482.1738915600999
b3213,1237.5467537923
b2779,11169.6935647396
b3870,4822.9828277910001
b0177,895.53879044999996
b1779,12155.1491789867
b1676,2533.8571084724999
b4177,2933.0663032619
b4015,42504.565106547998
b0723,864.01123588830001
b2150,32270.1560912813
b3426,102.05498025430001
b4006,587.1082021643
b0074,1770.4905762778001
b0170,5870.9783188533993
b1866,467.86760981079999
b2935,833.57676260410005
b2942,3615.2688978403999
b0095,2149.0801703848001
b3783,1219.7539364728
b3942,1064.0201337056001
b1830,443.2934700404
b0680,373.45370509830002
b1713,506.92794500160005
b3403,3391.3192622680999
b3871,548.40260602239994
b2976,747.13331025910009
b3236,22029.835767815297
b2463,295.92279322680002
b0116,4032.3691710212001
b1084,239.47285636999999
b1702,359.89220552260002
b0655,4321.7651938306999
b0439,191.1238125783
b2763,525.4416393258
b4391,586.726646673
b0053,1896.9380683497
b4034,1436.4871640387
b3169,1329.3181729744999
b0928,1633.5520423728001
b3956,63.680463682899997
b3458,2288.5483746754003
b3453,1144.4519184168
b2425,2531.5284567972999
b2764,750.99436586410002
b0004,1848.8501187438001
b2400,566.36493307410001
b4245,7914.5242719042008
b0893,786.08455277259998
b2323,7960.5459582160001
b2925,9213.0550294901004
b0720,1878.4741912945001
b3699,183.01578209409999
b2557,40.453614288200001
b1479,429.38819696160004
b1048,1186.7533030127001
b0688,629.0272472872
b3671,710.07328255100003
b3212,29.392922491700002
b2780,310.56401033039998
b3984,5109.9847984300004
b3295,5295.6966104167996
b3708,467.90288804089994
b0008,4275.1619028597997
b2297,440.74948286860001
b2414,17535.863034379097
b0811,6516.0114181396993
b1002,2166.6641481010997
b0907,3173.9157214154998
b3308,7858.578027044
b2890,549.86264445710003
b3433,4498.8773710791002
b3460,23314.326917684302
b1440,1712.3590662835002
b3863,138.0974395769
b2507,314.16497609139998
b2133,264.56882884480001
b2296,1735.4083510362
b0438,907.00601565539989
b2533,521.97272154569998
b1920,3273.4807996784002
b0161,1314.1437283600001
b4019,31.826741742100001
b2283,133.6984520451
b0574,1308.1760538008
b1062,2011.1063327713
b3931,540.46975502349994
b2498,5943.6720759595992
b1719,83.953200710600001
b3733,1972.6701177657001
b0098,85.852704590100004
b3359,1891.6382322307002
b1276,289.50973537530001
b3962,444.35879130089995
b1286,192.1252726054
b2465,671.34663045010006
b0763,730.45000313869991
b0724,1434.1077969377
b2310,13165.434083353401
b4058,10.372143810499999
b4383,1480.3005630476998
b1261,1865.9275057182001
b0882,164.01241713409999
b4235,519.14643041860006
b3464,672.64019940779997
b1197,617.46580308370005
b0237,1449.1007787538001
b4069,304.54832848320001
b3176,526.70557467949993
b0325,2822.0598337619999
b4200,9016.1350758025001
b1714,1674.8703063520002
b0072,1101.9630962767001
b2476,3545.6361072201003
b0728,2319.0925770109002
b3919,6474.0229312889005
b0930,727.07013903490008
b3162,79.432275039700002
b1852,220.1864733868
b1876,241.26579759259999
b1854,1021.6584989021001
b3256,414.5058122854
b0073,3527.2422796707001
b0863,2815.0332056777002
b2132,154.5430444353
b0606,574.41331692289998
b3553,1339.6265114322
b0026,26.675278243699999
b0839,1152.2912906638001
b0032,2540.7854534068001
b2294,1117.6773591261001
b2042,2040.1608069269
b1288,2858.9296403020003
b0526,220.35397433
b3619,1231.7509517389999
b3908,5778.0443516436999
b3751,10437.9575914938
b3600,871.52093715600006
b2153,1537.9644111914001
b1207,2524.2122012520999
b3916,1425.0855070168
b0169,6076.4724397018008
b0172,2407.0058831740998
b0740,1852.1709977132
b4266,287.88024324470001
b1018,296.41691364490003
b0185,1431.6795363771
b1203,898.85190719110005
b2898,1493.3881266061999
b2309,4650.7706517911001
b0729,4500.7529019400999
b1740,2073.8227247949999
b0474,2277.9732090933999
b1604,1646.0724750231
b1614,383.84644906290004
b3067,133.16326620940001
b0243,669.98054124049997
b2614,2909.7213479655998
b1215,1675.0089093115
b0945,355.54682532819999
b2464,1414.0367311217999
b0957,1120.9529517719
b3251,1817.4655620439
b1092,2783.3986390338
b4139,431.63907758940002
b3357,2644.7465137456002
b0632,629.79192413060002
b3982,2445.8327086229997
b1123,870.59763138850008
b3729,106.8480277802
b2752,768.76877217729998
b3847,623.37229668700002
b2039,541.19309951510002
b1452,1109.7309997135001
b4382,239.14442565249999
b2526,306.961544312
b3306,3970.8968266375
b1635,1325.9863085889999
b3405,1484.6833287713
b1131,197.45323912720002
b2508,621.04837981129992
b3448,593.49339570630002
b1236,1584.1123756439001
b4392,186.46563966740001
b0854,2345.619320497
b2036,593.67827408690005
b0578,1240.3626547702002
b4267,101.98809604959999
b0767,3914.5642660440999
b0126,1346.1018364807001
b0324,168.7696346779
b3011,523.56489995339996
b1611,618.94830206300003
b0759,3698.7043911440996
b0908,404.23442988599999
b4381,715.28788260710007
b0426,3452.3464497121995
b0660,791.66506527270008
b3730,203.51717122619999
b0605,19141.917886511699
b1175,1975.3635012338
b3644,388.88366329879995
b4051,1125.4572961614999
b0133,740.81995622860006
b3605,263.97094476429999
b2687,4115.2601245373999
b3320,2977.5198937128002
b1817,890.98193936719997
b3052,368.88218408519998
b1498,822.32619474080002
b3384,919.8256155949
b1901,535.15081590839998
b3771,94.166732283799988
b0480,430.74551613160003
b3167,1416.3226123217999
b0406,138.56951472820001
b1260,2767.3973213440995
b0756,2325.7769803159999
b2599,1027.0082854943
b2913,959.97395810259991
b3617,88.617642079199996
b1783,94.030258585799999
b2665,5548.8629960502003
b1093,1989.1523809436999
b3960,252.20660531979999
b4107,1085.8473752932
b3234,569.42642207430004
b2000,295.83630691460002
b4227,3436.4011304146998
b3347,1909.6749606907999
b2514,281.41904689849997
b2417,13239.107987896499
b2114,101.10731592209999
b4054,423.36474762940003
b2891,613.87889369289996
b4014,245.85500418979998
b0954,3916.2557036625999
b3181,1621.0920699870999
b4226,1243.3806405135999
b4375,91.033120405400012
b3303,7208.8901455123996
b0888,980.66227582679994
b3255,1320.2848913296
b0838,1464.8697510567001
b0168,729.82125107990009
b4252,13048.980882883401
b3305,9707.1264773688999
b1646,855.58609947410002
b3447,251.24559336549999
b3957,569.33886529109998
b3498,50.054315864199999
b0800,671.88979130459995
b0860,3938.6950859806002
b3527,286.88798882599997
b1857,188.34494766540001
b2515,311.81080343069999
b2185,4854.8082866712002
b0492,978.37433411220002
b1263,515.8517053393
b3341,1698.511185564
b2239,204.53816561279999
b1014,5.4565055219000005
b1091,990.29188284060001
b3168,45.8738364895
b4244,7873.8652779720996
b0120,448.95170217750001
b1004,9555.9651098570994
b3752,376.6042476696
b4401,3638.8354076046999
b2091,1086.9128145136999
b1095,652.56834971540002
b3770,909.51463523350003
b3229,1858.4735850057
b1658,437.45062971610002
b1851,24.926003224499997
b2231,21.0174024887
b0727,345.75702121669997
b2679,293.9537965454
b3244,354.0827880297
b3958,1368.6986038863001
b2329,457.95179060300001
b4005,400.91386253269997
b2421,781.86715104559994
b2661,278.27796625130003
b1406,977.07788890789993
b0123,924.77937904270004
b1232,373.76360495699998
b3566,589.78389605330005
b1539,1924.7025188647001
b3147,205.68583501959998
b0059,14.455008214300001
b0104,535.76520607860004
b2019,1004.089019643
b3315,2473.5779301918001
b0222,2545.0133425317999
b0077,213.57283680930001
b1613,422.45580059650001
b3744,312.17449839560004
b3966,134.4468266531
b3500,355.49914016980006
b2021,661.42387589019995
b1723,941.89780588710005
b0642,24.141578211199999
b3959,2216.4290847040002
b0757,1836.6875358370999
b1712,3510.3639254318
b3986,7603.7464462048001
b2962,2498.8137311692003
b2316,782.52380473639994
b3231,6171.4495923158993
b3735,2392.2538351132998
b4174,416.43105065579999
b2143,337.24903211980001
b1237,13740.168373442801
b0889,4008.6505959322999
b3764,2572.9186689960998
b3860,1518.4918071654999
b0661,82.279374641099992
b3831,1641.011790644
b2762,579.95583580070002
b2938,134.2052422255
b0897,2789.7803614828003
b1130,1112.7417470046
b0197,628.47410535849997
b1127,449.37329792809999
b0801,320.28086124959998
b2521,767.34427911729995
b2131,1013.9195761892
b2523,259.12998584280001
b1431,1966.0211539657998
b2169,181.49103273580002
b1525,43.3196990625
b1329,243.5004384344
b0423,2.3149735738000001
b0419,604.34318817350004
b1247,4.4655897289999995
b4154,43.6240740633
b4037,1439.8928196369
b2947,428.084664487
b0932,24.980658061100002
b2320,158.96693361020002
b2499,1025.7996661102
b1281,331.55769476019998
b0015,325.45168838109998
b1189,66.869486519199995
b0381,107.7993230716
b2478,1387.6604391587
b3225,131.55135547559999
b4025,76.354636584199994
b0678,4197.1278447405002
b2518,10163.9682356791
b2699,468.21052332059998
b2567,271.19026287040003
b0471,2098.7610984452999
b2007,8036.7642287275003
b1056,1024.8724109967
b1850,2529.2661066128999
b0386,1434.0674676660001
b0125,335.16823493840002
b0820,107.4001699929
b2415,12564.975731598101
b1333,995.5449083028999
b0094,345.07617974030001
b0145,3086.4067204059002
b3209,1296.008151131
b1064,1777.6251272172001
b0369,315.6304146114
b3670,1828.5320224717002
b2480,2393.7778231989
b3495,23741.267116817799
b2287,650.34727742370001
b3363,2210.6925801371999
b1637,200.0945644025
b2662,237.06945991979998
b3967,59.556146330399997
b0525,3238.3595782599
b4322,208.68215219020001
b0054,63.948122887499999
b1967,1691.9248446282002
b3620,54.439053632399997
b1376,2973.8221473721001
b0607,944.66667637390003
b1831,291.3881396443
b3407,35.225874480100003
b0628,220.05963572479999
b2569,39.733452591899997
b0891,786.24587637750005
b2494,248.65721340099998
b2217,882.28333096100005
b0870,342.79538585289998
b2431,151.01545923480001
b1743,474.61398026129996
b2989,912.58589840490004
b2838,129.28979652709998
b2366,62.334355629899996
b3056,16.220483520799998
b0150,6.8983267587999997
b2319,587.12736445589996
b4349,53.217566067200003
b1749,325.23402017889998
b0565,283.5887508843
b3287,769.20526168770004
b1718,1348.5300928358999
b0242,202.79057484540002
b2914,2775.5927466005
b1324,20746.053008541698
b1864,561.6448615649
b3866,437.4053145858
b3701,321.67048704690001
b4207,1444.0653211961999
b2183,753.96374474240008
b0753,872.83765454800005
b1765,1247.1795128183999
b2893,534.00137783800005
b3509,4311.8422827267996
b2113,412.56372088429998
b3003,317.4161127557
b2582,232.09891714
b3290,55.699183894199997
b2422,188.92666376610001
b2155,34.753389360100002
b3845,902.64792764029994
b1732,177.8348764296
b1623,676.87863964170003
b0071,3131.8652225271003
b1847,2245.8750892223002
b0393,241.06951925389998
b1059,480.33298606650004
b0082,335.75768088630002
b3319,4730.5349439517995
b3414,2065.9681102701002
b2579,956.97209050560002
b0469,1170.0829441537001
b2094,5543.8903779319999
b1033,392.70573965349996
b1516,843.70439301800002
b0573,10188.896459726
b0334,255.1041737036
b3001,73.989460203700006
b0003,357.92253167519999
b1710,1846.1324441437
b3805,193.07489311750001
b2020,933.37120991979998
b0151,32.673755251300001
b3731,4647.5994978709996
b4142,9557.1556875693987
b1087,1890.8898319701002
b3189,231.94104633480001
b2564,623.65363803849993
b3642,24.103950748400003
b3985,4107.2675693949996
b3983,3565.8480027264
b4203,6146.9580104335
b3321,7788.8971114912001
b3314,204.72470205639999
b3296,207.14943948290002
b3649,2776.1145207454997
b3833,591.59751843339996
b3938,1190.4912335406
b2268,57.514614184199999
b3697,162.91687993420001
b0683,2363.9523082492001
b3455,302.38550181570002
b2834,626.89746896480005
b0812,461.10490547960001
b2529,6732.406995291899
b2669,1438.5347303628
b4135,785.46995654049999
b0220,2013.5499449488
b3200,1165.9487396324
b0441,7.6853367165999993
b3310,998.26292059240006
b0675,474.6945937022
b1638,475.45873467940004
b0384,244.86311942099999
b1267,1143.7045621334
b2125,52.934987124199999
b0523,1310.7049735319999
b3302,3060.8259454040999
b2610,66.556362400400005
b2581,518.9589357868
b2024,449.27155051889997
b3590,64.556893558400006
b2908,150.44757304639998
b2232,393.3935309904
b0611,235.81552109490002
b0674,57.871921648500006
b2733,12.121087114000002
b4389,25.815915892500001
b0356,1017.9188941205999
b3706,110.80015625850001
b1133,371.09330799930001
b1128,471.46956961059999
b2797,19.5930602219
b1536,432.48313938699999
b1414,571.77850888319995
b1822,24.424465868600002
b2093,13629.1201049027
b3183,215.19813715570001
b1380,295.18642183380001
b3830,1467.1263399166
b2025,640.15267403040002
b1209,410.98849317660006
b4045,876.8840218946001
b0329,14351.6836741838
b0686,495.5179406826
b1449,582.32452784029999
b1919,485.57670961809998
b2520,45.159354944099995
b0572,90.867417899500012
b0304,29.272353571300002
b1727,285.87328921210002
b1444,206.36798961540001
b3020,70.599823926300004
b3940,11.1094753493
b1262,156.55051267659999
b2840,152.20963472610001
b0031,65.710044718299997
b1923,39.992205693000002
b0918,324.9642745443
b1693,353.33237288250001
b1274,12.8394426245
b0470,1.5652367983000002
b2215,68.091776107100003
b3564,27.4724298967
b0758,438.67920977680001
b3390,739.30362040160003
b2511,92.320022827199992
b3741,31.8245889833
b1778,3044.4121158273997
b4043,173.49570216999999
b1204,268.37292250759998
b0171,1016.7744843828999
b2066,240.94444867839999
b3780,120.4483997904
b4234,514.54483960200002
b1275,185.50805401900001
b0238,1407.6414590468
b3781,9259.5575067439004
b0643,688.79488439729994
b0892,8.6562620989999992
b0450,329.00456390380003
b2016,447.84772758099996
b3038,160.22672690799999
b3912,1181.702752467
b1961,8.9872022528999995
b2787,5.5242167866999994
b0178,3756.8664088237001
b1221,427.77817852839996
b3928,4505.3170789465003
b4376,2477.2636976034
b1304,421.03024978680003
b0687,567.09274816419997
b2312,42.789317351500003
b3606,35.765058937799999
b0090,47.112538293199997
b0179,517.1884809718
b0421,189.01351625889998
b2585,8.101399301599999
b2471,310.00205630869999
b3253,333.62342660360002
b2905,309.14262407519999
b0144,16.307597659799999
b4239,7.9880175010999999
b0855,21.424199961799999
b2284,48.088045235500005
b4049,187.9864823641
b2210,17.809709155
b3574,73.133480832900005
b3614,26.937107166500002
b2040,274.52703773370001
b1780,889.70405382820002
b3128,9.7776855995999998
b0742,958.44251887929988
b0029,211.97012569110001
b3998,115.7936403592
b1126,90.265189916899999
b2235,103.74125146799999
b1192,12.3176530669
b1435,1.0307475342000001
b0581,56.956484704300003
b1682,405.37775222629995
b0331,1279.1629949476001
b1706,30.178009647300001
b1757,113.8963204423
b0219,47.093739143900002
b0002,15.749954601700001
b0078,785.78469538619993
b1264,27.274820933800001
b3939,183.74455999840001
b1252,8.9847866935000003
b4348,1.8116567949000002
b2022,265.20627514180001
b4013,251.76181119660001
b3389,282.71567061979999
b3616,181.28335065419998
b4024,43.238024686199999
b0522,92.772110492999985
b0121,381.63425246999998
b0910,789.26449344859998
b2527,380.46408067530001
b4147,2317.0863481903002
b0912,3344.6521236259996
b3401,372.25567246330002
b0096,50.176881125600005
b0963,1043.3196035504
b3223,87.07427624120001
b0416,524.38907866310001
b2606,971.92909863240004
b2608,649.02780164000001
b0214,47.383659349399998
b4393,452.96802169349996
b2827,33.699697406700004
b3170,442.58469339430002
b1108,852.8498456538
b0006,267.69802949370001
b2960,306.66809240399999
b3929,1653.1495367749999
b2525,1428.2862045464999
b3463,379.92158237320001
b3945,64.594417779899999
b2553,2207.3561161541002
b0864,418.77947376699996
b0481,298.8793839622
b4384,27.932192225000001
b1103,2099.0662646609999
b0113,162.5013690044
b2101,34.993614945600001
b0506,179.37812342450002
b2187,427.8129076454
b2597,2291.4911614664002
b3602,410.43507558739998
b2922,196.34661400599998
b0658,98.886347933400003
b1809,2769.4558173634005
b1134,134.14749766840001
b1619,408.48490224660003
b0009,292.85197214250002
b0159,1458.7654143053001
b0676,6.5614061851000001
b4057,789.56469756590002
b4243,7932.4467284875
b2285,847.00176704499995
b0610,616.70427436249997
b3609,5912.4598490971994
b1656,1805.6780024641
b4059,1398.6062681746
b1482,11662.9327524946
b0773,828.30094384910001
b2677,26.103741173299998
b0088,532.06314505249998
b2411,40.807504256599998
b1814,173.84110146
b0091,158.16517286600001
b2440,67.937997797799994
b2576,96.358084688399998
b3454,455.60862680320002
b0529,723.7247694949001
b3631,6.5984133351000001
b2936,228.14632523259999
b3786,23.307417754399999
b3924,314.0512459684
b2261,20.417061003499999
b0109,223.79544602209998
b1114,57.043053620100004
b3385,407.70290274029998
b1849,54.641968396700001
b2426,269.83269779279999
b3546,50.681688233000003
b4268,5.2203164055000002
b4161,147.19722004850001
b4251,104.93440413489999
b1424,55.128678447799999
b1412,891.90183312699992
b3102,249.26460871340001
b1413,0.6492484691
b3153,306.73688461630002
b0173,17.407101563099999
b2023,688.34237924579998
b0163,2054.7493153754999
b2592,115.84570254719999
b3146,283.44004668279996
b1517,392.69825403179999
b1777,52.607910591400007
b1792,292.1358863941
b1827,125.8095364023
b1832,641.704837516
b2080,2552.7939934248002
b2450,151.14590960479998
b0604,99.8833334089
b1650,88.277588646499993
b1341,23.447312480700003
b2430,11.0649504771
b1681,201.81362704630001
b0223,48.5717006912
b3301,580.94397339559998
b2837,25.863387913499999
b2821,38.994362232199997
b4119,54.757305561400003
b3640,1346.1590596799999
b2026,609.63998677070003
b2318,20.650846447999999
b0092,221.03342089310001
b4350,0.43772932749999999
b3572,3.1883520836000003
b2818,82.1398856677
b0388,580.13787189289997
b2171,993.3218201784
b3865,552.48984334310001
b1174,1281.6629671771
b4162,298.13756201979999
b4395,89.711049386699997
b4021,233.2053352531
b3936,4968.8441730973
b3298,1349.2782271082999
b2609,9193.0210653426002
b1860,59.950508857200006
b0779,3.4970989245999999
b0636,116.9950458922
b1187,110.0024569327
b2290,45.472126549799995
b1767,220.03935764970001
b0425,5.3289189760000006
b0902,119.48889440139999
b2799,105.95851691200001
b0495,153.1636007278
b3201,437.52709342639997
b3923,255.09859520650002
b2528,516.72832513870003
b3541,56.778221701400007
b0968,385.35288150940005
b1633,29.902337113200002
b3125,176.49810805130002
b2595,267.33665945460001
b2684,278.13479512909998
b1618,75.826708577100007
b1426,308.17668618840003
b2806,14.334498810099999
b2910,380.87527345029997
b3029,580.31949785870006
b3024,2042.1092532371999
b3165,5149.5131502976001
b0463,61.842826178199999
b1982,275.4590571892
b4055,260.22463603
b3844,191.80153190040002
b2572,216.3788836093
b2571,178.66585224069999
b3294,517.35307749260005
b3917,70.637712036400004
b3728,109.1386349485
b3713,1151.6425560607001
b2531,1790.8633462579999
b0633,126.83490487479999
b0827,168.72640287620001
b0776,69.806672756200001
b0778,345.80303138559998
b0962,0.62876528980000002
b2707,12.389398651900001
b0851,367.29646551010001
b3030,2.9709271206999999
b3361,195.3347277689
b1257,646.13210505589996
b4179,23.204268419499996
b1238,136.1752460875
b4170,12.5577995288
b2751,8.9586733597000006
b3288,382.24316086599998
b0240,371.90612459910005
b1051,7932.2831583866
b0785,428.2168475647
b3857,62.658735295100001
b2165,18.571443759499999
b2129,92.11726199959999
b2594,285.0337607779
b1991,66.01639690479999
b4241,31.688575055700003
b0127,170.0117154774
b0828,129.09206240259999
b2842,22.997692659400002
b1917,180.37252088770001
b2959,1627.2330079707001
b4211,219.7422332127
b4371,329.8895931344
b4378,46.034605388199999
b2418,227.79499430150003
b0599,188.29780699419999
b1325,116.04502513620001
b3025,30.233693321899999
b3648,168.27412922900001
b2937,191.98726428180001
b1208,34.239172453800002
b3156,456.16562976550006
b1836,2062.0262015193998
b2107,501.91173205519999
b2900,801.36347280439998
b0884,4072.3789593514002
b3204,652.25623805480006
b0927,769.02598577460003
b0965,1507.0528098218999
b1145,41.642577179
b1178,509.98777804160005
b1340,21.225607095099999
b1583,936.49892934050001
b1955,238.39607417389999
b2086,45.108975378300002
b0378,30.4366612102
b1640,78.4576110486
b2293,502.23594775399999
b1684,684.08718932760007
b2512,44.383780975900002
b0424,519.48287957510001
b0261,185.69140901290001
b3565,8.0802716720000003
b3560,292.7736715369
b3035,52.026999867000001
b4254,662.80272969279997
b3748,946.72420516350007
b1812,5.2272151994999998
b3064,64.455430977399999
b3008,162.0038640185
b0273,258.07530221619999
b1603,9.4844286935
b0980,35.527549301599997
b4258,2.3408960069
b3778,1.6171180859999998
b0437,1146.7431635360999
b0180,600.46464074569997
b3608,962.5239020424001
b2388,97.697315654400001
b0783,146.37501837720001
b4219,887.50189844600004
b2615,11.870126709000001
b3316,359.99375874980001
b3591,20.638024767400001
b3205,182.23564187669999
b0413,255.40461952310002
b0422,1001.0862099433
b2948,294.3276950472
b1641,344.88821621239998
b0741,30.373440177700001
b0411,173.58388029310001
b1584,69.470199040400004
b2241,1.6032958021999999
b3828,15.901975181400001
b0761,49.210904276199997
b3349,7812.3739569630006
b0058,66.532630611100004
b2727,1.060333008
b0389,853.14372871490002
b1219,1758.8530571483
b1251,1114.2708351239
b0435,810.89737601750005
b0143,2.2636884707
b3639,8.1384240836000004
b4153,168.8882537264
b3592,231.7849761537
b0840,100.10927481
b2980,40.6906379124
b3934,18.412168757500002
b1326,76.663263894600007
b1667,1020.1494361164
b0571,295.819581411
b1867,439.4973683229
b3858,1138.8450100089001
b3888,74.305975261499995
b2958,194.37187071880001
b4222,740.64597768520002
b2472,111.90930427209999
b3472,127.31491961489999
b0593,63.306263331800004
b3510,21999.353398790099
b0782,331.52614425420001
b2281,166.20543009319999
b3019,1.6721197228
b2502,1.7258064172000001
b1662,279.90233143379999
b3203,4257.0518131836998
b3186,4335.8338068728999
b0398,10.183842097000001
b0452,345.1196869922
b0259,19.167895593599997
b0809,395.24069563360001
b0183,22.3767865889
b3891,46.432461800900001
b1610,5.2785181122000004
b0931,14.475473690099999
b4360,385.32553666519999
b1258,763.11277665369994
b0766,53.9287308874
b0694,32.444265273799999
b2892,0.8369877322
b0475,14.0291346593
b1538,57.524876375299996
b4352,41.025005611700003
b0337,22.447244759699998
b3571,3.3517901923000002
b1927,16.965390904900001
b2065,257.3171552243
b1067,206.313118992
b3665,13.795364637899999
b3922,547.10013792099994
b2286,1.5909831703999999
b1000,87.636907050400012
b0102,18.7390788218
b3289,1.0285548245
b2517,27.131671385100002
b3524,11.9529640738
b1464,46.415619220399996
b4233,61.702755647399997
b4216,71.156638604700007
b3097,124.4773185242
b3106,8.5637028807000011
b0949,9.8306042010999999
b3197,122.78680135090001
b3440,174.30639916999999
b2954,409.37265790830003
b1608,148.8836098845
b3309,1032.4219758991999
b0630,57.898959292100002
b4180,243.56872442810001
b1446,402.50273848180001
b3149,59.652367777700007
b2300,503.86458125800004
b1480,1094.8185313563001
b1101,2.4909775045
b3517,11.995554780999999
b0807,41.864811357000001
b0877,0.63165358169999997
b1117,219.83266161669999
b1119,19.017898784300002
b1180,693.00123121499996
b1284,105.7995972934
b1344,52.926085509899998
b1679,105.4213288059
b1870,96.6757694633
b2081,18.003344328499999
b2342,67.2100259849
b1668,24.264442525300002
b1400,144.24416685040001
b0306,7.3125785701000003
b0272,17.776272225300001
b1680,170.26011487899999
b2301,219.02877506990001
b1725,267.43744236750001
b3021,51.7148758847
b2810,7.8522100634000003
b2812,24.321997736700002
b1987,13.210777052999999
b2745,72.752796573699996
b4478,203.4808247329
b3034,170.56812317290002
b3396,3.6838684475000001
b0929,116.11273783610001
b3742,1486.0756232813001
b3661,141.28255608799998
b2704,48.731565387799996
b1709,48.3958771466
b3075,26.2905559477
b0871,32.378810150999996
b2600,15.2826498691
b2315,8.8381147487000007
b1094,20477.119110911899
b3237,327.80800944809999
b2750,157.51904042610002
b3740,97.432122548999999
b3481,228.93664238830002
b3351,43.904416571499993
b4041,0.21869637050000001
b1211,39.261353859099998
b1277,164.25978475389999
b3637,281.45219701310003
b1045,240.65112482320001
b0631,1782.2760090037
b4480,24.426382959800002
b2916,205.04325210229999
b3259,71.600900667600001
b1642,377.09828324489996
b0814,74.322141969100002
b2097,42.176556511199998
b2927,58.673260722600006
b1334,261.73137052560003
b3068,208.93527756009999
b1661,27.612416047199996
b3775,1102.4389659121
b1930,2520.5609555288002
b1806,14.795508780499999
b2149,54.471719280600006
b1290,13.2340925551
b3893,0.56821964189999996
b0357,233.03960970189999
b0917,623.63946349809999
b1003,2498.0074832153
b1602,8.2717600844000003
b4175,9.5932053579999987
b3336,416.3853789122
b0048,403.47134245309996
b3066,2.2785014689
b3198,234.56272118290002
b3177,67.927941227100007
b1651,460.53306889390001
b0212,126.4543988276
b4052,98.312723917900016
b0460,241.12912236380001
b0440,10539.796642467099
b4396,45.610574752600002
b2805,24.929125231599997
b3961,79.82895362939999
b4089,6.2619784241999996
b1908,323.70015720409998
b0494,246.0460150168
b3594,16.470269362
b3812,92.684444097400004
b3356,339.35950790229998
b3318,443.86050969260003
b0390,337.00656067950001
b1217,304.87802185599998
b2782,71.004683701999994
b4397,345.68415907010001
b0835,36.5636554007
b1071,212.98012025840001
b2988,0.72756791779999996
b3032,208.06213064080001
b0477,12.4242944163
b2168,20.050210704200001
b3028,60.155115705699998
b4056,152.24951707450001
b4168,677.41535874660008
b0493,15.387263905199999
b0710,128.65919380049999
b1100,57.198883381499996
b2175,31.864432926399999
b3386,132.26719405469998
b3611,3.7016206726999998
b3669,42.944327480300004
b2811,171.67099765079999
b0417,5.9771481826999997
b2946,86.429837052500005
b3304,2578.6756052382998
b3687,211.82322716019999
b0852,16.8440556547
b0182,6.9624943171
b2580,82.295432451300002
b2741,42.7291313594
b3129,198.40159109659999
b3551,2.7796490523000004
b3965,21.778835706399999
b0467,4.0590667766999999
b0394,186.16328031009999
b3621,9.2005449809000002
b3182,47.508513622899997
b2552,54.092707109099997
b2714,13.9483835668
b1430,63.860893690200001
b4173,23.545558139899999
b0414,46.150551297700005
b2151,131.65086322240001
b3017,80.235544157500001
b3049,3.7651088246
b3787,17.034744762199999
b3807,299.8664855701
b3826,125.44044755510001
b3848,35.848475662600002
b4372,88.718008021499998
b1652,60.386221818900005
b1537,99.752534762700009
b0068,36.349627220100004
b2193,101.4697048325
b1494,13.007088620699999
b3910,101.4823484481
b3996,81.912608659
b2154,228.22984593459998
b2173,13.683288382899999
b2140,3.5278386776999997
b2069,2.4177811265
b3506,126.42940046149999
b1303,14.993657878099999
b4090,100.767836456
b3499,484.34731329970003
b2798,13.9675572233
b4323,65.091124097000005
b2330,238.57230646759999
b4088,92.505437284400003
b4367,2.6093135574000001
b4394,214.3214005527
b3087,30.587697276300002
b3222,20.812206418599999
b3282,175.26535197659999
b3283,19.210522666500001
b3397,232.04411989990001
b0772,59.599857488999994
b1895,81.696821939300008
b4468,3.2131746126
b1378,1.3209681329
b2785,0.35444108860000001
b3166,54.580781690000002
b3317,23.2513513512
b0684,1696.5599858032001
b1541,153.1896443327
b2777,41.059128454499998
b3098,1874.4443035438001
b3346,271.51402659960002
b2790,629.64815469279995
b4035,131.67569652860001
b2559,17.730039341199998
b1493,7.8874034034000005
b2696,421.89309024330004
b0804,19.271136436900001
b0821,33.287547757699997
b0844,57.2188731695
b0947,46.211966775299999
b1111,45.859092008999994
b1120,110.5719245416
b1321,2.968206823
b1327,24.962001567600002
b1647,261.97188563869997
b1754,56.244163308599994
b2291,61.033715655600005
b2428,55.889169773100001
b2473,219.29586334609999
b2584,2.8054179019999999
b2548,12.121512579400001
b0608,6.1879212139000002
b0420,51.360836037700004
b0346,28.923494227399999
b0351,57.194373210600006
b2253,20.444386292800001
b1550,1961.1358230681001
b0453,2594.3358809023002
b1385,12.233721071500002
b4554,1325.1487791662
b3070,182.652743689
b1294,30.178501494099997
b0484,1279.9196166603999
b4477,248.13048441180001
b4150,24.914237601100002
b3702,30.7068371254
b3813,1.0148015652
b0049,56.531841149899996
b0584,12.7890564457
b2566,99.083512822299994
b0051,72.587722872200004
b4201,7.5341664788999996
b2306,249.71817508400002
b3972,46.996949648900006
b3698,296.54380913049999
b1593,21.3190468319
b3974,29.615646813400001
b3634,178.21438728160001
b3809,160.40543015809999
b3261,1074.7869978988999
b2904,450.24986736849996
b3429,0.46960852650000001
b0405,30.241804604499997
b1716,98.937583665700004
b3312,8315.8941778617009
b3230,111.27982311139999
b0146,12.650528845999998
b2744,180.36759442959999
b1983,467.89260323559995
b1703,137.21617581340001
b2909,958.20637364669994
b0101,220.40553124569999
b4406,1122.3944782717999
b0956,153.37139635370002
b3811,6.7583331837999996
b3885,391.27571467069998
b2813,47.449296900200004
b4373,13.339478167100001
b0880,3649.695111127
b0623,4130.3381310976001
b2243,0.59585751149999999
b0817,39.998957860200001
b2479,81.079226948300004
b3279,81.056673875499996
b1823,10939.070940223601
b0190,38.584987039399998
b1291,2.7220713801999996
b3178,1.6441578996000001
b2996,0.11375575460000001
b0528,767.74289822210005
b0637,420.15911491550003
b0806,3402.4541426298997
b1088,533.09190229820001
b1179,198.53768693380002
b1273,582.67158361629993
b3260,2.0256943912000001
b1939,0.57937269250000001
b2912,6.1348294046000005
b3610,3064.2990253205999
b1654,4310.2728516685002
b3850,93.335348154599984
b0156,892.80025375740001
b4000,23331.896739153399
b3400,17.2629256365
b3604,5.3999717890999994
b2157,28.569567483099998
b3292,4.7992193742999998
b1295,441.06057420709999
b2181,34.395458894800001
b2742,111.1710766392
b0434,642.85144370609999
b1739,956.85818607089993
b0641,41.541850354799998
b0595,69.070333744300001
b3820,82.8109911154
b2795,0.72134859849999999
b3055,16.322348595499999
b3192,73.296196460000004
b3313,297.03197898339999
b2381,18.841586252599999
b3210,53.156155278500002
b2266,2484.1932294968001
b0592,98.580611346599994
b2781,6.1533707610000006
b4078,17.500647558499999
b4255,4131.9650576515005
b3868,16.978085994000001
b1335,24.793670604599999
b2134,13.530012276099999
b4108,217.67578803740003
b1606,84.543561636700005
b0953,556.70365517620007
b3995,351.75073097009999
b2522,216.20595472029999
b2784,0.60591775240000001
b4388,2.9707232161000001
b2573,188.43687306749999
b3180,2197.1207099671001
b2619,4.7827528464999993
b3686,925.70687669949996
b2963,39.760105520000003
b3179,122.95712586889999
b1193,101.3875262983
b0826,31.107454831599998
b0777,3.2445398992999999
b0397,1.2340842356000001
b0730,10.7986851872
b4290,2.6922062929000004
b4287,1.3931426180000002
b3281,97.065042332900006
b4018,6.2567088338999994
b2708,34.881680505399999
b0312,75.242444688299997
b1176,67.958358181999998
b0052,45.007287769199998
b0553,3.6882375489999997
b0404,18.3758418717
b0924,1.5468385687999999
b3810,1.9112074971999999
b1308,892.12734787470004
b3039,43.305716191199998
b4351,50.009206627700003
b0707,31.106730576300002
b3202,98.447362791700002
b1132,22.889408291599999
b4390,45.258781412099999
b0195,45.401015046899992
b4238,18.7248188497
b4259,68.249248739700008
b3689,27.984019618000001
b0036,9.2169183812999993
b1495,1.7050544280000002
b3867,0.61309053099999999
b3881,16.9557946935
b3999,78.015769393799999
b4022,13.100584919400001
b2009,379.71266612749997
b2903,9.8267940185999993
b1846,156.3385945496
b2660,4.4064716942000004
b3492,10.173954158600001
b3513,0.061662999000000003
b3526,177.85208859689999
b3588,123.6265675975
b2034,5.0611222713000004
b1733,16.449110109199999
b4324,5.9367219714999999
b4146,1.7190114184999998
b4206,56.915115355799998
b3084,9.101266816599999
b3375,4.9234407882999998
b3383,3.6326774831999997
b1875,179.01051454380001
b0914,0.5163852176
b3195,121.09793498639999
b3352,1.5078527561000001
b1625,18.2521823477
b1724,782.58829572050001
b1839,514.59540153269995
b1953,272.4285976525
b2325,437.86925922569998
b2897,146.39327431140001
b3071,68.840096035100004
b2299,137.7567649934
b2951,85.385601766600004
b3105,53.132776643699998
b3497,21.981963639699998
b3065,1116.3914535710001
b0849,277.93813683740001
b4209,0.13340516720000001
b1677,241.49402888900002
b1591,3.9787877827
b0712,58.8720318855
b0865,248.7099265766
b0948,0.48324351049999997
b1034,31.513140642399996
b1035,508.64211367370001
b1068,97.609951066000008
b1356,9.6246142762999991
b1375,9.8823743394000001
b1807,70.85224965270001
b1834,8.4965693590000004
b1970,1185.6899948514999
b2027,6.4992769719000005
b2103,5.7914184317999995
b2439,87.448857207700001
b2449,19.739839163300001
b2495,870.98032064119991
b2513,119.93597234319999
b1631,23.355415906199998
b2667,53.377786126099998
b0308,2.7380524712000001
b1683,20.067417583200001
b2302,67.660298181599998
b1664,35.409829450799997
b1687,6.8759007200999998
b2304,57.652086494300001
b1686,345.13651100599998
b0459,131.3642906302
b1441,34.011357812600004
b0600,14.6142932986
b4555,71.951576468799999
b3042,308.31027774180001
b2794,70.879680611799998
b0226,102.4515346812
b3417,3.6832628313
b2568,18.092111347300001
b4488,24.662070724299998
b3360,35.029448239399997
b3772,12.776150185200001
b3749,41.163838382899996
b2705,0.53145958650000003
b1570,6.3456547577000002
b1945,0.32607873030000001
b1323,6.2882610451999996
b0152,14.3454504572
b2500,129.98339702440001
b1766,0.50445273020000003
b3803,2.2467719519
b1804,1.3504007171000001
b2314,73.806944659899997
b2700,100.0674855683
b0103,64.865623552800002
b3887,34.255947412200001
b3430,17.0230372987
b3425,80.408070090199999
b2688,6.6943548514
b1210,6.6880611752999997
b4172,50.808600687100004
b1098,41.130785601100001
b0181,318.24452898269999
b2830,18.440093792399999
b0131,928.78689277369995
b2743,153.82649063190001
b3932,110.83563434770001
b3185,270.30534634310004
b1089,624.22392137949998
b3342,91.808002163099999
b4202,2784.7375634931
b1861,86.369543203899994
b2607,37.960241224899995
b2331,17.1757471347
b0387,39.9720971144
b4362,74.805641217299993
b4160,436.25890625720001
b4374,24.944609369499997
b4149,17.948717215599999
b2477,28.741749912600003
b1256,3.9606594964999999
b1066,59.376368193799998
b3607,80.719085953199993
b2808,1.9008412416999998
b3190,483.13426663199999
b1858,6.4362707526999996
b3556,379.06468396599996
b1086,2.4185515323
b2791,15.808809433399999
b0122,45.104580013300001
b3843,6.5171097210999998
b0652,120.2660270603
b0382,1388.4039727822001
b4512,147.31430835090001
b0685,0.8847844090000001
b0711,204.25568219429999
b0802,34.048275770399997
b1105,64.109698960299994
b1171,0.49844743250000001
b3736,3.0246544188
b0733,0.2012126535
b1061,42.019485363100003
b3005,19.281222034999999
b4046,150.41503239159999
b3743,32.376670975399996
b3423,46.008015529799998
b3094,25.928967009899999
b4212,7.2310362627
b0080,49.747074047299996
b3438,162.1373245753
b2369,9.5903053016999991
b4537,126.7654016435
b2343,593.08649248970005
b2398,0.30999310699999999
b2671,9.8272925539999996
b3187,58.482242241800002
b0376,20.405141685099998
b3554,156.54498905930001
b2672,688.14493686720004
b3362,221.16044632380002
b2532,398.64142918930003
b1882,32.068073091900004
b1914,26.305941754099997
b4361,31.084462646999999
b0620,3.3007093407999997
b2267,75.627484519399999
b1844,5.2722046393999999
b0028,478.15179317949998
b2804,40.6528463991
b0399,133.38772446900001
b3842,96.755271525799998
b3228,287.79485084819999
b3311,3829.0066960894001
b0391,1466.1357590154
b1564,188.0667825068
b3641,18.103848353299998
b3859,19.103103096800002
b2524,1330.8722608267001
b0360,9.0786213838999998
b0594,0.33382105370000004
b0750,59.4241242859
b0086,30.891774927600004
b0775,31.905082161799999
b3412,33.909946116299999
b2242,5.0720728533999999
b0585,0.89368348650000007
b1763,0.51679973749999997
b0598,3.3970957429000004
b4092,17.0724113978
b2264,0.18826186670000003
b3846,14.3912778092
b1259,4.3342688807999998
b1768,70.757360280299991
b1343,0.28516900100000003
b0923,146.97752034850001
b0030,146.58736629059999
b3126,21.0045680134
b2209,192.37628173979999
b1055,5.7472146251999998
b3652,0.24420152179999999
b2906,8.457944595199999
b4169,46.987838313900006
b4039,65.545815965599999
b1090,1.6469089425999999
b0167,2.5587452629
b2516,3.1606113680000001
b3790,1.0467725079999999
b4483,5.5845302859000006
b3997,45.404534311999996
b0784,415.64858109699998
b0199,60.563282597299995
b0134,103.51614791909999
b0760,16.313786436699999
b1928,106.10206188950001
b4479,55.300666464099997
b3715,2.4644151523
b1019,0.48932767100000002
b0333,35.597441800799999
b4316,7.6009223952999996
b4167,89.770606973799985
b1271,48.079563808800003
b3873,6.0913948641999998
b3920,25.644616711999998
b3894,4.2610053317999999
b3895,15.300998783599999
b2124,14.583009705999999
b2593,72.88217569470001
b2186,16.016267717000002
b2435,10.875124832400001
b2289,45.949011660699995
b2467,89.764577337700004
b2676,31.904539377800003
b2993,13.366794173199999
b3540,74.85045015
b2259,193.02895307279999
b3552,0.34889146119999997
b3613,14.1142193822
b2561,20.217696550300001
b1580,2.0977431355
b0995,0.42385447789999997
b4256,60.352361147899998
b4295,23.480659752399998
b4303,1.8928357046000002
b4359,0.76188897010000001
b0192,13.672245605999999
b2701,138.5535789887
b0651,15.942003266199999
b0901,6.3998266417999998
b3353,1.5040892181000001
b3343,92.381094223399998
b1853,53.1514335261
b0412,30.8223686927
b0714,2.2206150338999997
b0352,34.201510896199999
b0354,104.71010316579999
b0355,17.774535680100001
b2902,3.7779171352999996
b2955,3.8392299236
b0188,1.5274812765000001
b2618,31.3053280269
b0732,0.79763995890000006
b0922,4.0918983414999994
b0174,4.5475743999000002
b3519,1.7161143365
b1787,118.67094317879999
b2998,0.28328930270000002
b3150,124.16980866889999
b3157,11.632804505199999
b3191,261.22759221410001
b3232,4.9122743879000001
b3399,20.1109887669
b1811,33.474784349400004
b3354,39.894354516199996
b1874,44.1291895066
b2079,75.604495530899996
b2017,27.246804285500001
b0196,185.34849602880001
b3836,32.4789625879
b4137,331.9164504405
b2496,7.4697624550999997
b0268,72.094012885400005
b0780,12.5836593706
b0837,79.140600237399994
b0868,5.6619441279999991
b0967,28.979109586100002
b1076,9.7252079791000003
b1162,3.9164007880999998
b1246,1.0650339081
b1423,26.647719809899996
b1448,87.268339918400002
b1462,5.1297711801999997
b1512,8.3330838317999998
b1519,280.5039744632
b1586,894.25773702360004
b1598,3.8248940745
b1969,4.1938344845
b2340,169.17493450110001
b2510,127.01040901270001
b2659,38.896255769899994
b2883,3.4280689568000002
b1636,31.210776259799999
b0490,53.608759392399996
b1624,62.013851075600002
b0485,148.73337682940002
b1748,42.580405153499996
b1629,0.3775128667
b1320,9.0507673384
b1434,6.5178356311999996
b0443,265.68684404150002
b1770,38.904931031499999
b1759,160.80198895859999
b2249,1.4823784983000001
b0825,7.5558684705999992
b2867,2.0632190154000001
b2747,35.621805674699999
b2843,6.7591733236999998
b4596,3.3521022657999997
b4606,0.080287743199999997
b1109,0.76250282549999993
b2957,5.0212516462999996
b4036,35.576280298100002
b0215,1.6051675777000001
b0239,5.6290750030999996
b2819,0.020185030700000002
b2616,nan
b3973,0.9663955998999999
b4320,5.7750010727999994
b1282,169.5605335381
b0099,0.020501239099999999
b4398,5.4817067097000001
b2820,24.6053153067
b1960,3.1210311095999996
b0765,6.9369803397999998
b2159,42.875305750700001
b1524,nan
b0046,15.356245701400001
b2501,0.1533282658
b3700,2.9026641658999996
b0472,18.349482539899999
b0296,1.0442033262999999
b3636,485.84345158400004
b3297,144.56878153150001
b0023,236.02232699259997
b3470,92.812604877099986
b0866,117.50536309669999
b0119,91.68309570129999
b3092,10.921390497100001
b1248,64.733608268400005
b4155,8.2883022526999994
b3348,233.2153023445
b2793,45.9788845068
b3226,29.369646866799997
b0597,9.9616178373000004
b1253,33.954768169799998
b0736,62.751163488500005
b3031,98.6100463426
b1782,104.9825341243
b1887,0.84595685599999992
b1905,63.922971320600006
b1902,0.25329804140000001
b0487,63.525434062200006
b3247,5.4598167885000004
b3724,2.2215525423
b0483,108.10381075469999
b1299,30.705682316199997
b3555,0.12507450119999999
b3882,0.68359342249999999
b4191,56.513437061300003
b1841,98.233124890499994
b0287,0.50732327749999995
b4002,4.7341419452000002
b3725,22.033723778699997
b2992,21.882929793400002
b0410,150.0860756905
b0456,55.629434061400005
b0579,25.368131862600002
b0790,15.239849189000001
b0969,242.36413555310003
b1063,8.5744768194000009
b1112,40.793958320800002
b2800,3.9385115057999998
b3503,38.615421562100003
b2457,7.9761924162
b0432,25.6974674129
b2895,93.683053152000014
b2673,7.1704023392999998
b3633,1.0834891968
b4517,9.7640678469999997
b1212,1.0429218437000001
b2994,0.51361235620000001
b3569,1.4651782721000002
b3131,11.217538768099999
b1540,34.187566524799998
b1675,64.088842345299994
b1848,58.062193427899999
b1915,191.33598575959999
b2188,1.0721808027999999
b4546,40.650965305599996
b0635,0.6668536733
b0084,3.3232999757999999
b4353,1.1126274645999998
b4220,1.8941160065
b3037,4.9624991991000007
b3033,1.4542552391999999
b3160,13.355724071900001
b4551,229.4642537643
b3465,28.862273436300001
b1731,21.690516199600001
b2783,16.448282844000001
b4484,155.08927277450002
b3368,43.1512559954
b3387,2.5329229591
b3408,1.0709774723999999
b1922,10.277919839600001
b2977,3.3300761218999999
b3355,140.9162313098
b0842,3.2626821545999998
b0677,70.864791320199998
b4178,27.786136256199999
b4144,191.6065357718
b3869,5.3068219205
b1865,3.5860862973000001
b1234,5.0236634209000002
b2554,5.4102969836000003
b0189,281.86556016740002
b0025,10.541285272
b3175,7.4737322748000006
b3651,9.2291555922999997
b2328,7.0879930377999996
b3643,1.8282643353999999
b2344,79.023754961999998
b2753,1.2383718438
b0184,0.44129528140000002
b3450,54.400214672499999
b3449,25.004693119000002
b3388,0.28647126429999997
b0774,27.834217106200001
b4291,0.51875726950000001
b1427,75.644945243699993
b0124,1.1484226852999999
b4171,14.90031744
b4093,160.3994078918
b3250,2.3608394299
b3935,0.1178683489
b0081,146.71920568639999
b3645,1.0677058896
b1300,1.7940214677999999
b1829,5.9796349007000007
b1855,24.9481924402
b2563,13.918791385499999
b2907,30.067516137600002
b3248,68.815838882400001
b0142,131.9288434508
b4269,110.8080429651
b3791,6.2549419272
b3794,8.1945794046000007
b1096,18.090176078399999
b1188,0.79715006340000005
b0887,1.112804168
b3933,6.5765448873999999
b3406,29.014851392600001
b0508,0.038324895299999995
b4113,127.56305281809999
b0208,7.6048442223999997
b3054,4.1201410955000002
b1250,9.0335576585999995
b3693,35.217267671100004
b3746,0.69400266300000002
b3755,8.4079568508999998
b0568,0.00037504539999999999
b1897,81.588118004199998
b4386,44.005690122200001
b3856,9.7140547414
b3884,34.063237415000003
b2012,2410.5605867609002
b2137,71.292135400799992
b0503,0.57186573289999998
b2177,13.9126019147
b2206,0.39189984020000002
b4240,0.40478168450000002
b4498,22.795283440799999
b4403,49.096482236999996
b0158,6.8846915960999997
b1233,38.797611359699999
b0567,3.9105714011000003
b2664,3.5793606331999999
b1868,0.1298245734
b3459,72.996881458100006
b1269,2.9854230462999998
b2265,nan
b1581,4.2967850505999996
b4248,2.9852402314999997
b4263,18.492963490999998
b4280,13.048244516199999
b4298,2.4501375103999998
b4302,16.4679690691
b4305,3.788992468
b4310,17.283509734599999
b4331,0.18985257159999999
b0803,5.3531770256
b3073,11.4370277907
b4470,0.048824587500000002
b3133,63.259498891999996
b0951,1.9864721191999999
b3221,84.220614543699995
b3152,107.5638964276
b3344,52.805909389899995
b3345,17.723917597500002
b3280,83.851996495500003
b4472,0.72583047889999996
b3441,2.3750482449999999
b3437,63.343530017900001
b1906,1.7607822619
b2953,37.208703555100001
b0187,215.0627523375
b4523,59.975518241300001
b3789,15.036197153900002
b2817,14.9902348208
b2475,1.1381768656
b1518,13.083107941500002
b1685,59.7624576268
b1810,10.140522344700001
b3238,13.9679545129
b3239,106.66967094559999
b2809,154.6054531421
b2872,3.422620325
b1649,1.1728196290000001
b1477,29.553691253699998
b4260,0.1651325763
b3838,9.1571297378000001
b1819,0.45182212759999996
b4194,15.252544004800001
b0515,79.928950216199993
b0713,46.803717852299997
b0805,3.8602684798000002
b0815,0.1047697558
b0822,44.259089859300005
b0867,10.4725652413
b0905,3.0910312682999996
b0955,0.53028027590000004
b1383,2.5455887295999999
b1398,7.4814410983000004
b1746,1.1097709062999999
b1760,86.244403702800014
b1781,23.063699649699998
b1835,0.67427133129999994
b1871,7.9019911538000001
b1931,3.0496681711
b1971,26.357464385700002
b1976,441.4480190758
b2028,5.5793586382000004
b2104,0.78368827029999999
b2250,0.085432670099999997
b2335,36.917140615100003
b2434,25.953337654400002
b1422,19.562702614999999
b2545,1.391224896
b0545,44.184319389700001
b2341,0.1586215174
b2379,15.7613009627
b2690,32.856836645500003
b1595,8.6130740065999998
b0350,5.3850080754
b0444,37.097494978699999
b2220,0.4335509079
b2889,123.1062611184
b2901,0.59365602630000003
b3010,0.1836523582
b2792,58.091629201899998
b2844,28.188498392600003
b0221,0.0133452451
b0232,2.9268062436000002
b0365,0.50537058280000002
b0345,9.082809171900001
b2212,1.7343359982
b3773,6.0037175704999992
b1916,0.9773860634
b4224,0.27110653200000001
b3804,0.060604434499999998
b0639,0.52732465130000006
b3299,1793.017379336
b2620,11.886938926800001
b0659,474.81117767849997
b2949,1.5642851662999999
b0990,18.9543433216
b1881,0.10490948580000001
b3366,0.60487146219999999
b2796,0.2169231368
b0442,7.9703040502000002
b0952,0.70353130080000004
b0966,6.2836096304
b1110,2.6546892719999997
b1280,3.503391315
b3371,0.1065372913
b3872,0.048135719199999996
b4063,4.7761918794999998
b1054,0.16214004029999998
b4411,3.0518429733999999
b3688,20.893502870900001
b4558,20.441833437300001
b3233,2.7286172110000004
b0407,6.4827078999000003
b1993,8.8494219652999995
b1037,3.7586423076999997
b3543,0.1017674076
b1235,0.1021360967
b4126,2.0929085346999998
b4188,3.3115101811000001
b3307,47.921169238199994
b0408,0.019295197300000001
b3955,0.1256520592
b2574,nan
b1225,0.085218788300000001
b3338,0.59228991959999999
b4511,64.356690170100009
b4292,1.3069664606
b2399,15.2847695529
b1099,0.209312568
b2575,4.8878662537000004
b1461,62.536484940600005
b3954,1.9160543838999999
b4023,59.537804943500007
b4067,2.6200694088000001
b2013,5.4280356046000007
b2172,0.022035215899999998
b0921,0.89493724419999998
b1557,10.5671489932
b2468,0.38086351000000002
b2829,0.3557815017
b0368,0.42331750560000003
b3487,0.68846376239999996
b3522,8.2364675708000004
b3538,nan
b3581,26.4471257975
b4377,0.9216387788
b2216,0.027351065000000001
b3085,0.22914119559999999
b3114,14.2034682706
b1813,10.401731487899999
b3208,0.29618569750000001
b1962,0.41793762179999999
b0890,0.0233548768
b2251,4.7364466359000001
b1040,0.70135398999999998
b2735,0.14726597619999998
b4518,1.5298443478000001
b4565,63.036461377100004
b1793,2.2727202646999998
b1957,4.3500436018000004
b3130,1.5959522687000001
b3207,2.2301930614000001
b3410,0.71744628300000002
b1805,0.040275346499999996
b0281,nan
b0859,2.50218108762671e-07
b1165,nan
b1655,1.1227027533
b1722,0.68602387300000001
b1794,0.20520003050000002
b2074,0.016232347899999999
b2352,0.28340901839999999
b0321,0.2286836991
b2427,1.4111324862999999
b0516,1.5791333034000001
b1729,0.1978590023
b1501,2.4956989562
b1502,nan
b1566,1.180969052
b2865,0.76103586200000006
b2868,0.82838704090000004
b2870,1.9978420153999998
b2877,10.7549734819
b4469,0.045257880800000004
b2739,5.9403500036999999
b1384,0.20991852999999999
b3100,nan
b1172,0.11635180960000001
