gene,abundance
b0002,932
b0003,112
b0004,2347
b0005,
b0006,43
b0007,
b0008,4555
b0009,141
b0010,
b0011,
b0013,
b0014,5869
b0015,346
b0018,
b0019,
b0020,
b0023,8015
b0024,
b0025,
b0026,1088
b0027,
b0028,675
b0029,126
b0030,182
b0031,431
b0032,706
b0033,637
b0034,
b0035,
b0036,
b0037,
b0038,
b0039,
b0040,
b0041,
b0042,
b0043,
b0044,
b0045,
b0046,
b0047,
b0048,288
b0049,69
b0050,
b0051,174
b0052,
b0053,1462
b0054,57
b0055,
b0058,
b0059,68
b0060,
b0061,
b0062,64
b0063,
b0065,
b0066,
b0067,
b0068,462
b0069,
b0070,
b0071,5439
b0072,3272
b0073,2886
b0074,3656
b0075,
b0076,
b0077,576
b0078,749
b0080,300
b0081,
b0082,147
b0083,
b0084,
b0085,66
b0086,94
b0087,
b0088,70
b0089,
b0090,
b0091,75
b0092,74
b0093,
b0094,269
b0095,1778
b0096,
b0097,
b0098,538
b0099,
b0101,
b0102,130
b0103,
b0104,204
b0106,
b0107,
b0108,
b0109,288
b0110,
b0111,
b0112,281
b0113,83
b0114,4254
b0115,2556
b0116,5475
b0117,
b0118,6572
b0119,
b0120,
b0121,231
b0122,
b0123,372
b0124,143
b0125,507
b0126,2004
b0127,198
b0128,
b0129,
b0130,
b0131,
b0132,
b0133,827
b0134,2144
b0135,
b0136,
b0137,
b0138,
b0139,
b0140,
b0141,
b0142,
b0143,
b0144,
b0145,2671
b0146,
b0147,
b0148,
b0149,209
b0150,
b0151,
b0152,
b0153,
b0154,858
b0155,
b0156,645
b0157,
b0158,
b0159,396
b0160,
b0161,1382
b0162,
b0163,3295
b0164,
b0166,1713
b0167,16
b0168,617
b0169,8587
b0170,6047
b0171,345
b0172,3027
b0173,
b0174,
b0175,
b0176,
b0177,357
b0178,5848
b0179,801
b0180,1444
b0181,772
b0182,490
b0183,
b0184,
b0185,1524
b0186,
b0187,231
b0188,
b0189,542
b0190,
b0191,
b0192,
b0193,
b0194,1668
b0195,
b0196,
b0197,6740
b0198,
b0199,221
b0200,
b0201,
b0204,
b0207,311
b0208,28
b0209,
b0210,
b0211,
b0212,471
b0213,
b0214,
b0215,
b0217,
b0218,
b0219,
b0220,1175
b0221,203
b0222,1990
b0223,
b0224,
b0225,
b0226,
b0227,
b0228,
b0229,
b0230,
b0231,
b0232,
b0233,
b0234,
b0235,
b0236,
b0237,1724
b0238,855
b0239,93
b0240,445
b0241,
b0242,271
b0243,542
b0244,
b0245,
b0246,
b0247,
b0248,
b0249,
b0250,
b0251,
b0252,
b0253,
b0254,
b0256,232
b0258,
b0260,
b0261,58
b0262,
b0263,
b0266,
b0267,
b0268,
b0269,
b0270,
b0271,
b0272,
b0273,
b0276,
b0277,
b0278,
b0279,
b0280,
b0281,
b0283,
b0284,
b0285,
b0286,
b0287,
b0288,
b0289,
b0290,
b0291,
b0292,
b0293,
b0294,
b0295,
b0296,
b0297,
b0300,
b0301,
b0303,
b0304,
b0305,
b0306,
b0307,
b0308,
b0310,
b0311,
b0312,
b0313,
b0314,
b0315,
b0316,
b0317,
b0318,
b0319,
b0320,
b0321,
b0323,
b0324,
b0325,5240
b0326,
b0327,
b0328,
b0329,14959
b0330,
b0331,408
b0333,298
b0334,561
b0335,
b0336,
b0337,471
b0338,
b0339,
b0340,
b0341,
b0346,35
b0347,
b0348,
b0349,
b0350,
b0351,
b0352,
b0353,
b0354,166
b0355,
b0356,488
b0357,127
b0358,
b0363,
b0364,
b0365,
b0366,
b0367,
b0368,
b0369,917
b0375,
b0376,
b0377,
b0378,
b0379,
b0380,
b0381,373
b0382,1664
b0383,
b0384,200
b0385,
b0386,902
b0387,
b0388,183
b0389,959
b0390,319
b0391,943
b0392,
b0393,286
b0394,340
b0396,
b0397,
b0398,
b0399,73
b0400,
b0401,
b0402,
b0403,
b0404,
b0405,
b0406,60
b0407,2154
b0408,127
b0409,88
b0410,384
b0411,202
b0412,
b0413,186
b0414,38
b0415,3562
b0416,1097
b0417,140
b0418,
b0419,825
b0420,80
b0421,134
b0422,358
b0423,
b0424,297
b0425,
b0426,3917
b0427,
b0428,
b0429,
b0430,
b0431,551
b0432,629
b0433,
b0434,805
b0435,392
b0436,4616
b0437,2558
b0438,580
b0439,1019
b0440,18125
b0441,613
b0442,
b0443,423
b0444,223
b0445,
b0446,
b0447,
b0448,
b0449,
b0450,
b0451,
b0452,174
b0453,1897
b0454,
b0455,
b0456,328
b0457,
b0458,
b0459,
b0460,
b0461,
b0462,164
b0463,928
b0464,
b0465,
b0466,
b0467,
b0468,
b0469,510
b0470,30
b0471,1697
b0472,
b0473,1004
b0474,2436
b0475,
b0476,
b0477,
b0478,
b0479,
b0480,451
b0481,189
b0482,
b0483,
b0484,231
b0485,
b0486,
b0487,
b0488,
b0489,
b0490,
b0491,
b0492,1133
b0493,
b0494,149
b0495,
b0496,
b0497,
b0498,
b0499,
b0502,
b0503,
b0504,
b0505,
b0506,41
b0507,
b0508,
b0509,
b0511,
b0512,
b0513,
b0514,
b0515,106
b0516,
b0517,
b0518,
b0520,
b0521,
b0522,190
b0523,853
b0524,
b0525,2877
b0526,284
b0527,
b0528,570
b0529,263
b0530,
b0531,
b0532,
b0533,
b0534,
b0535,
b0536,
b0537,
b0543,
b0544,
b0545,
b0546,
b0547,
b0548,
b0549,
b0550,
b0551,
b0553,
b0554,
b0555,
b0562,
b0564,
b0565,372
b0566,
b0567,
b0568,
b0569,
b0570,
b0571,221
b0572,216
b0573,1924
b0574,256
b0575,
b0576,
b0577,
b0578,1090
b0579,
b0580,
b0581,701
b0583,
b0584,
b0585,
b0586,
b0587,
b0588,
b0589,
b0590,
b0591,
b0592,90
b0593,
b0594,
b0595,
b0596,
b0597,
b0598,1042
b0599,
b0600,
b0601,
b0602,
b0603,
b0604,39
b0605,13401
b0606,502
b0607,2533
b0608,158
b0610,606
b0611,
b0612,
b0613,
b0614,
b0615,
b0616,
b0617,
b0618,
b0619,
b0620,
b0621,
b0622,
b0623,11175
b0624,
b0627,
b0628,379
b0629,
b0630,
b0631,2319
b0632,442
b0633,27
b0634,
b0635,
b0636,
b0637,
b0638,
b0639,
b0640,
b0641,
b0642,1262
b0643,1190
b0644,
b0645,
b0646,
b0647,
b0648,
b0649,
b0650,
b0651,104
b0652,
b0653,
b0654,
b0655,3140
b0657,
b0658,130
b0659,
b0660,487
b0661,
b0662,64
b0665,
b0670,
b0672,
b0673,
b0674,300
b0675,431
b0676,30
b0677,182
b0678,1170
b0679,650
b0680,873
b0681,
b0682,
b0683,2343
b0684,195
b0685,
b0686,455
b0687,379
b0688,1229
b0689,
b0691,
b0692,
b0693,
b0694,
b0695,
b0696,
b0697,
b0698,
b0699,
b0700,
b0702,
b0703,
b0704,
b0705,
b0706,
b0707,
b0708,
b0709,
b0710,653
b0711,
b0712,70
b0713,
b0714,
b0715,
b0716,
b0717,
b0718,
b0719,
b0720,6048
b0721,
b0722,224
b0723,2134
b0724,2215
b0726,1484
b0727,2577
b0728,5470
b0729,4663
b0730,
b0731,
b0732,
b0733,892
b0734,486
b0735,
b0736,
b0737,99
b0738,
b0739,
b0740,1746
b0741,67
b0742,514
b0746,
b0749,
b0750,137
b0751,
b0752,
b0753,2258
b0754,963
b0755,7607
b0756,627
b0757,236
b0759,465
b0760,36
b0761,
b0762,
b0763,640
b0764,
b0765,56
b0766,
b0767,1989
b0768,
b0769,
b0770,
b0771,
b0772,52
b0773,365
b0774,
b0775,
b0776,
b0777,
b0778,57
b0779,82
b0780,
b0781,
b0782,2427
b0783,202
b0784,281
b0785,226
b0786,
b0787,
b0788,
b0789,
b0790,
b0791,
b0792,
b0793,
b0794,
b0795,
b0796,
b0797,
b0798,
b0799,
b0800,736
b0801,563
b0802,
b0803,
b0804,
b0805,
b0806,
b0807,
b0808,
b0809,1069
b0810,
b0811,8894
b0812,5677
b0813,
b0814,
b0815,
b0816,
b0817,
b0818,
b0819,1199
b0820,147
b0821,
b0822,
b0823,
b0824,
b0825,
b0826,
b0827,193
b0828,
b0829,
b0830,604
b0831,
b0832,
b0833,
b0834,
b0835,
b0836,
b0837,
b0838,1422
b0839,1290
b0840,
b0841,
b0842,
b0843,
b0844,
b0845,
b0846,
b0847,
b0848,
b0849,
b0850,
b0851,108
b0852,
b0853,
b0854,4084
b0855,144
b0856,
b0857,
b0858,
b0859,
b0860,1485
b0861,
b0862,
b0863,2420
b0864,247
b0865,333
b0866,
b0867,
b0868,
b0869,
b0870,374
b0871,1775
b0872,
b0873,
b0874,
b0875,
b0876,
b0877,
b0878,7
b0879,
b0880,3651
b0881,
b0882,640
b0884,1945
b0885,
b0886,
b0887,
b0888,1080
b0889,4479
b0890,
b0891,519
b0892,
b0893,1360
b0894,
b0895,
b0896,
b0897,4634
b0898,
b0899,
b0900,
b0901,
b0902,239
b0903,7998
b0904,
b0905,
b0906,
b0907,3068
b0908,290
b0909,
b0910,295
b0911,6983
b0912,6241
b0913,
b0914,50
b0915,
b0916,
b0917,370
b0918,262
b0919,
b0920,
b0921,
b0922,
b0923,183
b0924,66
b0925,
b0926,
b0927,702
b0928,3477
b0929,1827
b0930,1710
b0931,292
b0932,918
b0933,
b0934,
b0935,
b0936,
b0937,
b0938,
b0939,
b0940,
b0941,
b0942,
b0943,
b0944,
b0945,86
b0946,
b0947,171
b0948,12
b0949,
b0950,
b0951,
b0952,
b0953,3467
b0954,4176
b0955,
b0956,157
b0957,3064
b0958,
b0959,
b0960,
b0961,
b0962,224
b0963,756
b0964,
b0965,1408
b0966,
b0967,38
b0968,168
b0969,
b0970,101
b0971,
b0972,
b0973,
b0974,
b0975,
b0976,
b0977,
b0978,
b0979,
b0980,
b0981,
b0982,
b0983,
b0984,
b0985,
b0986,
b0987,
b0989,
b0990,
b0991,
b0992,
b0993,
b0994,
b0995,
b0996,
b0997,
b0998,
b0999,
b1000,409
b1001,
b1002,2396
b1003,2492
b1004,6444
b1006,
b1007,
b1008,
b1009,
b1010,
b1011,
b1012,
b1013,
b1014,
b1015,
b1018,197
b1019,
b1020,
b1021,
b1022,
b1023,
b1024,
b1025,
b1026,
b1027,
b1028,
b1029,
b1032,
b1033,275
b1034,
b1035,320
b1036,
b1037,
b1038,498
b1039,
b1040,80
b1041,
b1042,1746
b1043,373
b1044,
b1045,338
b1046,
b1047,
b1048,1161
b1049,31
b1050,
b1051,552
b1053,
b1054,
b1055,
b1056,659
b1057,
b1058,
b1059,200
b1060,
b1061,
b1062,822
b1063,
b1064,1096
b1065,
b1066,
b1067,346
b1068,
b1069,
b1070,113
b1071,394
b1072,
b1073,
b1074,
b1075,
b1076,
b1077,
b1078,
b1079,77
b1080,
b1081,
b1082,104
b1083,233
b1084,876
b1085,
b1086,42
b1087,502
b1088,207
b1089,3455
b1090,
b1091,1270
b1092,2470
b1093,2640
b1094,25542
b1095,518
b1096,
b1097,
b1098,40
b1099,
b1100,
b1101,1157
b1102,
b1103,2821
b1104,
b1105,277
b1106,
b1107,61
b1108,1016
b1109,256
b1110,
b1111,
b1112,
b1113,
b1114,45
b1115,
b1116,
b1117,88
b1118,
b1119,79
b1120,183
b1121,
b1122,
b1123,3420
b1124,
b1125,
b1126,154
b1127,423
b1128,612
b1129,
b1130,983
b1131,1001
b1132,
b1133,101
b1134,
b1135,
b1136,8613
b1137,
b1138,
b1139,
b1140,
b1141,
b1143,
b1144,
b1145,
b1146,
b1147,
b1148,
b1150,
b1151,
b1152,
b1153,
b1154,
b1155,
b1156,
b1157,
b1158,
b1159,
b1160,
b1161,
b1162,
b1163,
b1164,
b1165,
b1166,
b1167,
b1168,
b1171,
b1172,
b1174,1444
b1175,2164
b1176,82
b1177,
b1178,
b1179,315
b1180,124
b1181,
b1182,157
b1183,
b1184,
b1185,
b1186,
b1187,185
b1188,55
b1189,230
b1190,47
b1191,
b1192,58
b1193,
b1194,
b1195,
b1196,
b1197,1261
b1198,45
b1199,237
b1200,1307
b1201,
b1202,
b1203,442
b1204,
b1205,
b1206,
b1207,2039
b1208,
b1209,75
b1210,
b1211,
b1212,
b1213,
b1214,
b1215,1770
b1216,
b1217,278
b1218,
b1219,2416
b1220,
b1221,431
b1222,
b1223,
b1224,
b1225,
b1226,
b1227,
b1229,
b1232,374
b1233,
b1234,
b1235,
b1236,1217
b1237,19029
b1238,
b1241,5507
b1242,
b1243,6256
b1244,
b1245,
b1246,
b1247,
b1248,
b1249,
b1250,
b1251,2120
b1252,
b1253,
b1254,
b1255,
b1256,
b1257,929
b1258,1313
b1259,386
b1260,1236
b1261,922
b1262,347
b1263,158
b1264,67
b1266,
b1267,460
b1268,
b1269,91
b1270,
b1271,
b1272,46
b1273,475
b1274,325
b1275,111
b1276,1457
b1277,
b1278,
b1279,380
b1280,25
b1281,124
b1282,
b1283,
b1284,160
b1285,
b1286,206
b1287,
b1288,5256
b1289,
b1290,
b1291,
b1292,
b1293,
b1294,31
b1295,153
b1296,
b1297,
b1298,
b1299,
b1300,
b1301,
b1302,
b1303,
b1304,1090
b1305,32
b1306,
b1307,
b1308,680
b1309,
b1310,
b1311,
b1312,
b1313,
b1314,
b1315,
b1316,
b1317,
b1319,
b1320,
b1321,346
b1322,
b1323,60
b1324,7459
b1325,216
b1326,80
b1327,
b1328,
b1329,370
b1330,
b1332,
b1333,1395
b1334,605
b1335,
b1336,
b1337,
b1338,
b1339,
b1340,
b1341,26
b1342,
b1343,
b1344,
b1345,
b1346,
b1347,
b1348,
b1349,
b1350,
b1351,
b1352,
b1353,
b1355,
b1356,91
b1357,
b1358,
b1359,
b1360,
b1361,
b1362,
b1363,
b1365,
b1366,
b1368,
b1370,
b1372,
b1374,
b1375,
b1376,4402
b1377,
b1378,62
b1379,
b1380,597
b1381,
b1382,
b1383,
b1384,
b1385,
b1386,
b1387,
b1388,
b1389,
b1390,
b1391,
b1392,
b1393,
b1394,
b1395,
b1396,
b1397,
b1398,
b1399,
b1400,178
b1406,2062
b1407,
b1408,
b1409,
b1410,
b1411,
b1412,442
b1413,
b1414,1034
b1415,16751
b1418,
b1419,
b1420,
b1421,136
b1422,248
b1423,401
b1424,105
b1426,1143
b1427,136
b1428,
b1429,
b1430,128
b1431,1982
b1432,
b1433,
b1434,
b1435,
b1436,
b1438,
b1439,
b1440,4557
b1441,255
b1442,
b1443,
b1444,2974
b1445,
b1446,449
b1447,
b1448,
b1449,823
b1450,
b1451,
b1452,375
b1453,
b1454,
b1455,
b1456,
b1457,
b1459,
b1460,
b1461,258
b1462,145
b1463,
b1464,
b1465,
b1466,
b1467,
b1468,
b1469,
b1470,161
b1471,
b1472,
b1473,
b1474,
b1475,
b1476,
b1477,
b1478,543
b1479,636
b1480,5282
b1481,
b1482,16410
b1483,
b1484,
b1485,
b1486,
b1487,332
b1488,
b1489,
b1490,109
b1491,
b1492,502
b1493,205
b1494,25
b1495,
b1496,
b1497,
b1498,448
b1499,
b1500,
b1501,
b1502,
b1503,
b1504,
b1505,
b1506,
b1507,
b1508,
b1511,69
b1512,45
b1513,150
b1514,
b1515,
b1516,2811
b1517,774
b1518,70
b1519,192
b1520,
b1521,
b1522,
b1523,
b1524,
b1525,
b1526,
b1527,
b1528,
b1529,
b1530,
b1531,
b1532,
b1533,
b1534,
b1535,
b1536,506
b1537,249
b1538,519
b1539,2305
b1540,
b1541,119
b1542,
b1544,
b1545,
b1547,
b1549,
b1550,1884
b1551,
b1552,
b1553,
b1554,
b1555,
b1556,
b1557,
b1558,
b1559,
b1560,
b1561,
b1562,
b1563,
b1564,289
b1565,
b1566,
b1567,
b1568,
b1569,
b1570,
b1571,
b1572,
b1573,
b1575,
b1576,
b1577,
b1578,
b1579,
b1580,
b1581,
b1582,
b1583,389
b1584,36
b1585,
b1586,1109
b1587,
b1588,
b1589,
b1590,
b1591,
b1592,
b1593,
b1594,37
b1595,
b1596,
b1597,
b1598,
b1599,
b1600,
b1601,
b1602,907
b1603,786
b1604,2256
b1605,
b1606,
b1607,
b1608,78
b1609,
b1610,
b1611,2743
b1612,858
b1613,692
b1614,1186
b1615,
b1616,
b1617,149
b1618,
b1619,1384
b1620,
b1621,
b1622,
b1623,319
b1624,232
b1625,
b1626,
b1627,
b1628,
b1629,
b1630,
b1631,
b1632,
b1633,
b1634,
b1635,1655
b1636,
b1637,602
b1638,424
b1639,
b1640,120
b1641,727
b1642,435
b1643,
b1644,
b1645,
b1646,1061
b1647,1343
b1648,
b1649,
b1650,
b1651,791
b1652,
b1653,
b1654,2325
b1655,
b1656,2702
b1657,
b1658,925
b1659,
b1660,
b1661,87
b1662,241
b1663,
b1664,
b1665,
b1666,
b1667,2495
b1668,108
b1669,
b1670,
b1671,
b1672,
b1673,
b1674,
b1675,233
b1676,5559
b1677,2415
b1678,194
b1679,
b1680,612
b1681,
b1682,182
b1683,
b1684,
b1685,
b1686,218
b1687,220
b1688,
b1689,
b1690,
b1691,104
b1692,
b1693,149
b1694,
b1695,
b1696,
b1697,
b1698,
b1699,
b1700,
b1701,
b1702,1125
b1703,116
b1704,
b1705,
b1706,
b1707,
b1708,
b1709,
b1710,2133
b1711,
b1712,8533
b1713,437
b1714,472
b1716,5351
b1717,993
b1718,2279
b1719,724
b1722,
b1723,420
b1724,141
b1725,402
b1726,
b1727,248
b1728,
b1729,326
b1730,
b1731,
b1732,2974
b1733,
b1734,
b1735,
b1736,
b1737,
b1738,244
b1739,2966
b1740,1060
b1741,
b1742,
b1743,874
b1744,
b1745,
b1746,
b1747,
b1748,378
b1749,440
b1750,
b1751,
b1752,
b1753,
b1754,
b1755,
b1756,
b1757,118
b1758,
b1759,
b1760,361
b1761,1426
b1762,
b1763,
b1764,507
b1765,1235
b1766,
b1767,293
b1768,163
b1769,
b1770,
b1771,
b1772,
b1773,
b1774,
b1775,
b1776,
b1777,144
b1778,1349
b1779,11722
b1780,168
b1781,
b1782,134
b1783,1181
b1784,
b1785,
b1786,
b1787,88
b1788,
b1789,
b1790,
b1791,
b1792,278
b1793,
b1794,
b1795,
b1796,
b1797,
b1798,
b1799,
b1800,
b1801,
b1802,
b1803,
b1804,
b1805,161
b1806,
b1807,
b1808,
b1809,900
b1810,
b1811,
b1812,
b1813,
b1814,
b1815,
b1816,
b1817,4988
b1818,825
b1819,1080
b1820,
b1821,
b1822,
b1823,14959
b1824,
b1825,
b1826,
b1827,464
b1828,
b1829,
b1830,430
b1831,538
b1832,353
b1833,
b1834,
b1835,
b1836,3178
b1837,
b1838,
b1839,176
b1840,
b1841,
b1842,
b1843,
b1844,
b1845,
b1846,48
b1847,1720
b1848,
b1849,248
b1850,1955
b1851,
b1852,985
b1853,48
b1854,1656
b1855,
b1856,
b1857,
b1858,
b1859,
b1860,
b1861,182
b1862,
b1863,
b1864,987
b1865,
b1866,1241
b1867,288
b1868,
b1869,
b1870,166
b1871,
b1872,
b1873,
b1874,
b1875,
b1876,383
b1877,
b1878,
b1879,
b1880,
b1881,496
b1882,1887
b1883,
b1884,
b1885,
b1886,712
b1887,957
b1888,287
b1889,
b1890,
b1891,
b1892,
b1895,
b1896,456
b1897,228
b1900,
b1901,1480
b1902,
b1904,
b1905,1107
b1906,
b1907,
b1908,653
b1909,
b1910,
b1912,
b1913,
b1914,40
b1915,
b1916,
b1917,221
b1918,
b1919,1044
b1920,6186
b1921,
b1922,38
b1923,6634
b1924,144
b1925,
b1926,
b1927,102
b1928,140
b1929,
b1930,1413
b1931,
b1932,
b1936,
b1937,
b1938,
b1939,35
b1940,43
b1941,
b1942,
b1943,
b1944,
b1945,
b1946,192
b1947,
b1948,
b1949,
b1950,
b1951,
b1952,
b1953,151
b1954,
b1955,538
b1956,
b1957,
b1958,
b1959,
b1960,
b1961,
b1962,
b1963,
b1967,2868
b1968,
b1969,
b1970,
b1971,
b1972,
b1973,
b1974,
b1975,
b1976,401
b1978,
b1981,
b1982,132
b1983,84
b1985,
b1987,
b1988,
b1989,
b1990,72
b1991,
b1992,
b1993,
b1994,
b1999,
b2000,1493
b2001,
b2002,
b2003,
b2004,
b2005,
b2006,
b2007,2531
b2008,
b2009,430
b2010,
b2011,
b2012,
b2013,
b2014,
b2015,
b2016,281
b2017,
b2019,695
b2020,383
b2021,489
b2022,553
b2023,273
b2024,
b2025,206
b2026,107
b2027,306
b2028,
b2029,3344
b2032,77
b2033,
b2034,88
b2035,
b2036,618
b2037,
b2038,120
b2039,732
b2040,146
b2041,295
b2042,1859
b2043,
b2044,
b2045,
b2046,
b2047,
b2048,
b2049,
b2050,
b2051,
b2052,
b2053,
b2054,
b2055,
b2056,
b2057,
b2058,
b2059,
b2060,
b2061,
b2062,
b2063,
b2064,
b2065,
b2066,
b2067,
b2068,
b2069,
b2070,
b2071,
b2072,
b2073,
b2074,
b2075,
b2076,
b2077,
b2078,
b2079,59
b2080,2161
b2081,59
b2082,
b2083,
b2085,
b2086,122
b2091,5163
b2092,2132
b2093,19025
b2094,9189
b2095,18619
b2096,23272
b2097,3991
b2098,
b2099,
b2100,
b2101,
b2102,
b2103,1112
b2104,1003
b2105,315
b2106,
b2107,333
b2108,
b2109,
b2110,
b2111,
b2112,
b2113,415
b2114,710
b2118,
b2119,
b2120,
b2121,
b2122,
b2123,
b2124,
b2125,556
b2126,
b2127,
b2128,
b2129,
b2130,
b2131,1400
b2132,101
b2133,746
b2134,
b2135,
b2136,
b2137,292
b2139,
b2140,
b2141,
b2142,
b2143,1331
b2144,
b2145,
b2146,
b2147,
b2148,
b2149,370
b2150,12027
b2151,
b2152,
b2153,1054
b2154,277
b2155,
b2156,
b2157,
b2158,
b2159,
b2160,
b2161,
b2162,
b2163,
b2164,
b2165,
b2166,
b2167,158
b2168,122
b2169,246
b2170,
b2171,383
b2172,
b2173,
b2174,
b2175,
b2176,
b2177,
b2178,
b2179,
b2180,
b2181,
b2182,
b2183,213
b2184,
b2185,7265
b2186,254
b2187,497
b2188,
b2189,
b2190,
b2193,133
b2194,
b2195,
b2196,
b2197,
b2198,
b2199,
b2200,
b2201,
b2202,
b2203,
b2204,
b2205,
b2206,
b2207,
b2208,
b2209,
b2210,
b2211,
b2212,
b2213,
b2214,
b2215,881
b2216,35
b2217,1298
b2218,
b2219,
b2220,
b2221,
b2222,
b2223,
b2224,
b2225,
b2226,
b2229,
b2230,
b2231,669
b2232,256
b2233,
b2234,601
b2235,454
b2236,
b2237,
b2238,
b2239,
b2240,
b2241,
b2242,
b2243,
b2244,
b2245,
b2246,
b2247,
b2248,
b2249,
b2250,
b2251,
b2252,147
b2253,316
b2254,53
b2255,90
b2256,
b2257,
b2258,
b2259,156
b2260,
b2261,
b2262,638
b2263,
b2264,
b2265,
b2266,2459
b2267,
b2268,
b2269,
b2270,
b2271,
b2272,
b2273,
b2274,
b2275,
b2276,
b2277,
b2278,52
b2279,214
b2280,
b2281,684
b2282,
b2283,796
b2284,400
b2285,759
b2286,1010
b2287,586
b2288,247
b2289,20
b2290,79
b2291,30
b2292,
b2293,174
b2294,1070
b2295,
b2296,1584
b2297,1278
b2298,
b2299,254
b2300,367
b2301,143
b2302,70
b2303,504
b2304,450
b2305,
b2306,170
b2307,
b2308,
b2309,3181
b2310,11136
b2311,
b2312,128
b2313,
b2314,
b2315,
b2316,733
b2317,
b2318,
b2319,380
b2320,540
b2321,
b2322,
b2323,3886
b2324,
b2325,162
b2326,
b2327,
b2328,
b2329,298
b2330,406
b2331,
b2332,
b2333,
b2334,
b2335,
b2336,
b2339,
b2340,
b2341,21
b2342,118
b2343,
b2344,86
b2345,
b2346,
b2347,
b2348,
b2349,
b2350,
b2351,
b2352,
b2353,
b2354,
b2355,
b2356,
b2357,
b2358,
b2359,
b2360,
b2361,
b2362,
b2363,
b2364,
b2365,
b2366,
b2367,
b2368,
b2369,
b2370,
b2371,
b2372,
b2373,
b2374,
b2375,
b2376,
b2377,
b2378,
b2379,36
b2380,
b2381,
b2382,
b2383,18
b2384,
b2385,
b2386,
b2387,
b2388,923
b2389,
b2390,
b2392,
b2393,
b2394,78
b2395,
b2397,
b2398,
b2399,
b2400,1150
b2405,
b2406,
b2407,
b2408,
b2409,
b2410,
b2411,89
b2412,524
b2413,
b2414,15675
b2415,6043
b2416,2377
b2417,18878
b2418,46
b2419,
b2420,
b2421,338
b2422,89
b2423,
b2424,
b2425,2215
b2426,368
b2427,
b2428,92
b2429,
b2430,
b2431,263
b2432,
b2433,
b2434,
b2435,
b2436,
b2437,
b2438,
b2439,141
b2440,
b2441,
b2442,
b2443,
b2444,
b2445,
b2446,
b2447,
b2448,
b2449,
b2450,258
b2451,
b2452,
b2453,
b2454,
b2455,
b2456,
b2457,
b2458,
b2459,
b2460,
b2461,
b2462,
b2463,1952
b2464,2634
b2465,2137
b2466,
b2467,
b2468,
b2469,
b2470,104
b2471,253
b2472,49
b2473,113
b2474,
b2475,171
b2476,2153
b2477,564
b2478,613
b2479,
b2480,1791
b2481,
b2482,
b2483,
b2484,
b2485,
b2486,
b2487,137
b2488,
b2489,
b2490,
b2491,
b2492,
b2493,
b2494,287
b2495,772
b2496,
b2497,
b2498,2882
b2499,493
b2500,97
b2501,64
b2502,30
b2503,
b2504,
b2505,
b2506,
b2507,1021
b2508,2043
b2509,
b2510,
b2511,442
b2512,494
b2513,563
b2514,717
b2515,273
b2516,470
b2517,79
b2518,4329
b2519,
b2520,41
b2521,887
b2522,
b2523,1367
b2524,512
b2525,647
b2526,93
b2527,229
b2528,140
b2529,2373
b2530,3056
b2531,1828
b2532,70
b2533,304
b2534,
b2535,
b2536,
b2537,
b2538,
b2539,
b2540,
b2541,
b2542,
b2543,
b2544,
b2545,
b2546,
b2547,
b2548,
b2549,
b2550,
b2551,4348
b2552,
b2553,863
b2554,
b2555,
b2556,
b2557,750
b2558,
b2559,
b2560,
b2561,
b2562,
b2563,
b2564,642
b2565,
b2566,48
b2567,121
b2568,41
b2569,675
b2570,
b2571,401
b2572,
b2573,183
b2574,
b2575,
b2576,224
b2577,
b2578,
b2579,1111
b2580,
b2581,517
b2582,69
b2583,
b2584,147
b2585,690
b2586,
b2587,305
b2591,
b2592,1351
b2593,109
b2594,180
b2595,383
b2597,2293
b2599,361
b2600,87
b2601,241
b2602,
b2603,
b2604,
b2605,
b2606,6574
b2607,
b2608,1216
b2609,13199
b2610,457
b2611,
b2614,2050
b2615,73
b2616,
b2617,
b2618,
b2619,
b2620,
b2621,
b2622,
b2623,
b2624,
b2625,
b2626,
b2627,
b2628,
b2629,
b2630,
b2631,
b2632,
b2633,
b2634,
b2635,
b2636,
b2637,
b2638,
b2641,
b2642,
b2643,
b2644,
b2645,
b2646,
b2647,
b2648,
b2650,
b2652,
b2659,
b2660,
b2661,1072
b2662,1173
b2663,
b2664,
b2665,11283
b2666,
b2667,
b2668,
b2669,839
b2670,
b2671,
b2672,543
b2673,
b2674,
b2675,
b2676,
b2677,
b2678,
b2679,73
b2681,
b2682,
b2683,
b2684,66
b2685,
b2686,
b2687,3050
b2688,103
b2689,
b2690,
b2694,
b2695,
b2696,3236
b2697,1012
b2698,
b2699,905
b2700,155
b2701,
b2702,
b2703,
b2704,
b2705,
b2706,
b2707,
b2708,30
b2709,
b2710,
b2711,
b2712,
b2713,
b2714,
b2715,
b2716,
b2717,
b2718,
b2719,
b2720,
b2721,
b2722,
b2723,
b2724,
b2725,
b2726,
b2727,
b2728,
b2729,
b2730,
b2731,
b2732,
b2733,
b2734,
b2735,
b2736,
b2737,
b2738,
b2739,
b2740,
b2741,302
b2742,
b2743,
b2744,
b2745,
b2746,
b2747,
b2748,
b2749,
b2750,
b2751,530
b2752,684
b2753,
b2754,
b2755,
b2756,
b2757,
b2758,
b2759,
b2760,
b2761,
b2762,346
b2763,739
b2764,640
b2765,
b2766,
b2767,
b2768,
b2769,
b2770,
b2771,
b2774,
b2775,
b2776,
b2777,
b2778,
b2779,13564
b2780,309
b2781,
b2782,
b2783,
b2784,99
b2785,
b2786,
b2787,
b2788,
b2789,
b2790,632
b2791,
b2792,
b2793,
b2794,51
b2795,24
b2796,
b2797,
b2798,
b2799,256
b2800,
b2801,
b2802,
b2803,
b2804,
b2805,
b2806,36
b2807,
b2808,
b2809,1290
b2810,
b2811,39
b2812,
b2813,
b2816,
b2817,
b2818,145
b2819,
b2820,
b2821,
b2822,
b2823,
b2824,
b2825,
b2826,
b2827,138
b2828,
b2829,52
b2830,
b2831,
b2832,
b2833,
b2834,522
b2835,
b2836,
b2837,
b2838,85
b2839,
b2840,
b2841,
b2842,
b2843,
b2844,128
b2845,
b2846,
b2847,
b2848,
b2849,
b2850,
b2851,
b2852,
b2853,
b2854,
b2856,
b2858,
b2859,
b2860,
b2861,
b2863,
b2864,
b2865,
b2866,
b2867,
b2868,
b2869,
b2870,
b2871,
b2872,
b2873,
b2874,
b2875,
b2876,
b2877,
b2878,
b2879,
b2880,
b2881,
b2882,
b2883,
b2886,
b2887,
b2888,
b2889,
b2890,1681
b2891,
b2892,
b2893,303
b2894,
b2895,
b2896,
b2897,299
b2898,1387
b2899,
b2900,303
b2901,503
b2902,
b2903,185
b2904,561
b2905,67
b2906,
b2907,
b2908,766
b2909,481
b2910,363
b2911,
b2912,
b2913,2751
b2914,2339
b2915,
b2916,256
b2917,
b2918,
b2919,
b2920,
b2921,
b2922,1968
b2923,
b2924,458
b2925,7947
b2926,10329
b2927,
b2928,
b2929,
b2930,
b2933,
b2934,
b2935,1375
b2936,90
b2937,830
b2938,333
b2939,
b2940,
b2942,1913
b2943,
b2944,
b2945,
b2946,
b2947,593
b2948,163
b2949,
b2950,
b2951,124
b2952,
b2953,
b2954,128
b2955,
b2956,
b2957,
b2958,397
b2959,1274
b2960,371
b2961,
b2962,2306
b2963,
b2964,17
b2965,
b2966,
b2967,
b2968,
b2969,
b2970,
b2971,
b2972,
b2975,
b2976,1382
b2977,958
b2979,
b2980,
b2981,
b2982,
b2983,
b2984,
b2985,
b2986,
b2987,
b2988,336
b2989,1770
b2990,
b2991,
b2992,
b2993,
b2994,
b2995,
b2996,
b2997,
b2998,
b3001,1296
b3002,
b3003,537
b3005,
b3006,
b3008,1023
b3009,
b3010,
b3011,371
b3012,1128
b3013,
b3014,
b3017,152
b3018,
b3019,
b3020,48
b3021,
b3022,
b3023,
b3024,1906
b3025,
b3026,
b3027,
b3028,199
b3029,1579
b3030,
b3031,
b3032,122
b3033,
b3034,141
b3035,151
b3037,144
b3038,159
b3039,
b3040,
b3041,110
b3042,523
b3043,
b3046,
b3047,
b3048,
b3049,
b3050,
b3051,
b3052,460
b3053,69
b3054,99
b3055,121
b3056,33
b3057,
b3058,
b3059,
b3060,
b3061,
b3062,
b3063,
b3064,
b3065,10313
b3066,
b3067,953
b3068,92
b3069,
b3070,
b3071,
b3072,294
b3073,
b3074,
b3075,
b3076,
b3077,
b3078,
b3079,
b3080,
b3081,97
b3082,
b3083,
b3084,
b3085,
b3086,
b3087,519
b3088,
b3089,154
b3090,
b3091,
b3092,90
b3093,
b3094,87
b3095,
b3096,
b3097,201
b3098,6977
b3099,122
b3100,
b3101,
b3102,559
b3103,
b3104,
b3105,
b3106,
b3107,
b3110,
b3113,767
b3114,
b3115,
b3116,
b3117,
b3118,
b3119,
b3120,
b3121,
b3123,
b3124,
b3125,74
b3126,
b3127,
b3128,
b3129,79
b3130,
b3131,
b3132,
b3133,
b3134,
b3135,
b3136,
b3137,
b3138,
b3139,
b3140,
b3141,
b3142,
b3143,
b3144,
b3145,
b3146,75
b3147,115
b3148,
b3149,
b3150,231
b3151,
b3152,
b3153,429
b3154,
b3155,
b3156,922
b3157,
b3158,
b3159,
b3160,
b3161,
b3162,16
b3163,52
b3164,2517
b3165,7787
b3166,
b3167,857
b3168,1095
b3169,1742
b3170,166
b3171,
b3172,1222
b3173,
b3174,
b3175,368
b3176,699
b3177,
b3178,746
b3179,
b3180,1217
b3181,1582
b3182,
b3183,629
b3184,
b3185,3084
b3186,5355
b3187,180
b3188,
b3189,267
b3190,745
b3191,179
b3192,1700
b3193,74
b3194,
b3195,52
b3196,
b3197,64
b3198,221
b3199,
b3200,1077
b3201,672
b3202,113
b3203,4033
b3204,689
b3205,80
b3206,
b3207,
b3208,
b3209,933
b3210,88
b3211,
b3212,436
b3213,475
b3214,
b3215,
b3216,
b3219,
b3220,
b3221,272
b3222,
b3223,
b3224,
b3225,
b3226,
b3227,
b3228,369
b3229,2515
b3230,6082
b3231,8705
b3232,
b3233,854
b3234,905
b3235,
b3236,19723
b3237,
b3238,
b3239,
b3240,
b3241,
b3242,
b3243,21
b3244,208
b3247,
b3248,
b3249,
b3250,
b3251,1790
b3252,
b3253,1003
b3255,1819
b3256,945
b3257,
b3258,
b3259,97
b3260,
b3261,
b3262,
b3263,
b3264,
b3265,
b3266,
b3267,
b3268,
b3269,
b3270,
b3271,
b3273,
b3275,
b3276,
b3277,
b3278,
b3279,157
b3280,
b3281,79
b3282,96
b3283,
b3284,
b3287,621
b3288,295
b3289,61
b3290,94
b3291,343
b3292,
b3293,
b3294,5943
b3295,3718
b3296,7860
b3297,4689
b3298,9555
b3299,
b3300,337
b3301,5748
b3302,9535
b3303,9261
b3304,4847
b3305,8431
b3306,4649
b3307,4418
b3308,8400
b3309,8220
b3310,4987
b3311,4496
b3312,10211
b3313,8962
b3314,8441
b3315,10215
b3316,7063
b3317,6203
b3318,4119
b3319,7478
b3320,6372
b3321,9338
b3322,
b3323,
b3324,
b3325,
b3326,
b3327,
b3328,
b3329,
b3330,
b3331,
b3332,
b3333,
b3334,
b3335,
b3336,5037
b3337,
b3338,
b3339,39226
b3340,8037
b3341,9558
b3342,2697
b3343,
b3344,
b3345,75
b3346,257
b3347,1327
b3348,338
b3349,2515
b3350,
b3351,
b3352,
b3353,
b3354,
b3355,121
b3356,151
b3357,3431
b3358,
b3359,1057
b3360,
b3361,204
b3362,486
b3363,1230
b3364,
b3365,
b3366,
b3367,
b3368,
b3369,
b3370,
b3371,
b3374,
b3375,
b3376,
b3377,
b3378,
b3379,
b3380,
b3381,
b3382,
b3383,
b3384,922
b3385,175
b3386,1236
b3387,
b3388,174
b3389,340
b3390,372
b3391,
b3392,
b3393,
b3394,
b3395,
b3396,
b3397,
b3398,
b3399,
b3400,
b3401,636
b3402,
b3403,4264
b3404,
b3405,1407
b3406,
b3407,79
b3408,
b3409,
b3410,
b3411,
b3412,
b3413,
b3414,2376
b3415,
b3416,
b3417,404
b3418,187
b3421,
b3422,
b3423,193
b3424,
b3425,
b3426,
b3427,
b3428,392
b3429,563
b3430,613
b3431,
b3432,227
b3433,3951
b3434,
b3437,
b3438,238
b3439,816
b3440,193
b3441,
b3442,
b3443,
b3446,
b3447,311
b3448,536
b3449,195
b3450,160
b3451,
b3452,
b3453,1696
b3454,319
b3455,196
b3456,
b3457,
b3458,1053
b3459,
b3460,17618
b3461,
b3462,
b3463,222
b3464,571
b3465,
b3466,
b3467,
b3468,
b3469,
b3470,
b3471,
b3472,692
b3473,
b3474,
b3475,
b3476,
b3477,
b3478,
b3479,
b3480,
b3481,248
b3482,
b3483,
b3484,
b3485,
b3486,
b3487,20
b3488,
b3491,
b3492,
b3493,
b3494,
b3495,16768
b3496,
b3497,
b3498,591
b3499,
b3500,488
b3501,
b3502,
b3503,
b3504,
b3506,412
b3507,
b3508,
b3509,6825
b3510,16146
b3511,
b3512,
b3513,
b3514,
b3515,
b3516,
b3517,4000
b3518,
b3519,
b3520,
b3521,
b3522,
b3523,
b3524,140
b3525,
b3526,91
b3527,230
b3528,368
b3529,
b3530,
b3531,
b3532,
b3533,
b3534,
b3535,
b3536,
b3537,
b3538,
b3539,
b3540,96
b3541,318
b3542,
b3543,
b3544,11445
b3545,
b3546,50
b3547,
b3548,
b3549,
b3550,
b3551,
b3552,124
b3553,489
b3554,469
b3555,
b3556,130
b3557,
b3558,
b3559,1377
b3560,1048
b3561,
b3562,
b3563,
b3564,
b3565,
b3566,866
b3567,
b3568,
b3569,
b3570,
b3571,
b3572,
b3573,
b3574,
b3575,
b3576,
b3577,
b3578,
b3579,
b3580,
b3581,
b3582,
b3583,
b3584,
b3585,
b3586,
b3587,
b3588,4048
b3589,
b3590,15
b3591,
b3592,615
b3593,
b3594,
b3595,
b3596,
b3597,
b3598,
b3599,526
b3600,951
b3601,
b3602,538
b3603,
b3604,
b3605,64
b3606,
b3607,331
b3608,270
b3609,4878
b3610,2319
b3611,639
b3612,484
b3613,
b3614,
b3615,
b3616,172
b3617,20
b3618,
b3619,2030
b3620,
b3621,
b3622,
b3623,14
b3624,
b3625,
b3626,
b3627,
b3628,
b3629,
b3630,
b3631,
b3632,
b3633,
b3634,
b3635,
b3636,4765
b3637,6490
b3638,
b3639,379
b3640,404
b3641,
b3642,
b3643,
b3644,580
b3645,
b3646,
b3647,
b3648,116
b3649,2568
b3650,
b3651,
b3652,
b3653,
b3654,
b3655,35
b3656,
b3657,
b3658,
b3659,
b3660,
b3661,597
b3662,
b3663,
b3664,
b3665,
b3666,
b3667,
b3668,
b3669,
b3670,493
b3671,1068
b3672,
b3673,
b3674,
b3675,
b3676,
b3677,
b3678,
b3679,
b3680,
b3683,
b3684,
b3685,23
b3686,
b3687,
b3688,
b3689,
b3690,
b3691,
b3693,
b3696,
b3697,704
b3698,460
b3699,422
b3700,
b3701,346
b3702,31
b3703,10643
b3704,
b3705,376
b3706,78
b3707,
b3708,2739
b3709,
b3710,
b3711,
b3712,
b3713,1573
b3714,
b3715,
b3716,
b3717,
b3718,
b3719,
b3720,
b3721,
b3722,
b3723,
b3724,150
b3725,
b3726,
b3727,
b3728,776
b3729,804
b3730,135
b3731,3365
b3732,8399
b3733,2159
b3734,6228
b3735,2347
b3736,1604
b3737,
b3738,470
b3739,
b3740,
b3741,
b3742,396
b3743,
b3744,
b3745,
b3746,
b3747,
b3748,420
b3749,
b3750,
b3751,7924
b3752,90
b3753,
b3754,
b3755,
b3756,
b3758,
b3760,
b3761,
b3764,2032
b3765,
b3766,
b3769,
b3770,558
b3771,19
b3772,
b3773,
b3774,6257
b3775,1089
b3777,
b3778,
b3779,
b3780,375
b3781,6774
b3783,1814
b3784,
b3785,
b3786,
b3787,
b3788,
b3789,
b3790,
b3791,56
b3792,
b3793,
b3794,
b3795,
b3796,
b3797,
b3799,
b3800,
b3801,
b3802,103
b3803,289
b3804,31
b3805,
b3806,
b3807,260
b3809,185
b3810,
b3811,
b3812,
b3813,27
b3816,308
b3817,
b3818,
b3819,
b3820,140
b3821,
b3822,
b3823,
b3824,
b3825,
b3826,
b3827,
b3828,
b3829,4563
b3830,499
b3831,5124
b3832,
b3833,485
b3834,59
b3835,77
b3836,260
b3838,69
b3839,
b3842,
b3843,152
b3844,158
b3845,1103
b3846,1380
b3847,1003
b3848,
b3849,
b3850,43
b3851,
b3854,
b3856,
b3857,58
b3858,1649
b3859,
b3860,1429
b3861,
b3862,
b3863,730
b3864,
b3865,342
b3866,462
b3867,
b3868,
b3869,
b3870,2238
b3871,734
b3872,
b3873,
b3874,
b3875,
b3876,
b3877,
b3878,
b3879,
b3880,
b3881,
b3882,
b3883,
b3884,
b3885,
b3886,
b3887,180
b3888,151
b3889,
b3890,
b3891,168
b3892,
b3893,
b3894,
b3895,
b3896,
b3897,
b3898,
b3899,
b3900,
b3901,
b3902,
b3903,
b3904,
b3905,
b3906,
b3907,
b3908,26458
b3909,
b3910,446
b3911,
b3912,1888
b3915,
b3916,1265
b3917,
b3918,
b3919,4784
b3920,
b3921,
b3922,294
b3923,286
b3924,206
b3925,
b3926,1015
b3927,
b3928,2390
b3929,1346
b3930,
b3931,513
b3932,536
b3933,12
b3934,
b3935,
b3936,3012
b3937,
b3938,982
b3939,363
b3940,43
b3941,506
b3942,3225
b3943,
b3944,
b3945,48
b3946,
b3947,19
b3949,
b3950,
b3951,
b3952,
b3953,
b3954,
b3955,
b3956,1684
b3957,279
b3958,129
b3959,444
b3960,170
b3961,109
b3962,674
b3963,63
b3964,
b3965,21
b3966,
b3967,
b3968,
b3969,
b3970,
b3972,26
b3973,
b3974,65
b3976,
b3978,
b3979,
b3980,
b3981,
b3982,2161
b3983,6090
b3984,7826
b3985,7047
b3986,13955
b3987,2577
b3988,2230
b3989,
b3990,
b3991,294
b3992,267
b3993,535
b3994,306
b3995,733
b3996,
b3997,284
b3998,
b3999,80
b4000,22805
b4001,
b4002,
b4003,
b4004,
b4005,342
b4006,354
b4009,
b4011,
b4012,
b4013,397
b4014,6202
b4015,32244
b4016,57
b4017,
b4018,
b4019,190
b4020,
b4021,310
b4022,
b4023,122
b4024,345
b4025,2919
b4026,
b4027,
b4028,
b4029,
b4030,
b4031,
b4032,
b4033,
b4034,8403
b4035,705
b4036,206
b4037,3114
b4038,
b4039,
b4040,
b4041,333
b4042,
b4043,90
b4044,
b4045,2770
b4046,121
b4047,
b4048,
b4049,58
b4050,
b4051,1361
b4052,
b4053,
b4054,795
b4055,283
b4056,
b4057,681
b4058,152
b4059,1740
b4060,
b4061,
b4062,
b4063,
b4064,
b4065,
b4066,
b4067,777
b4068,842
b4069,7800
b4070,
b4071,
b4072,
b4073,
b4074,
b4075,
b4076,
b4077,
b4078,
b4079,
b4080,
b4081,
b4082,
b4083,
b4084,
b4085,
b4086,
b4087,105
b4088,193
b4089,
b4090,
b4092,
b4093,
b4094,
b4095,
b4096,
b4097,
b4098,
b4099,
b4100,
b4101,
b4102,
b4104,
b4105,
b4106,
b4107,1282
b4108,573
b4109,
b4110,35
b4111,
b4112,
b4113,517
b4114,
b4115,
b4116,
b4117,
b4118,
b4119,
b4120,
b4121,
b4122,
b4123,
b4124,
b4125,
b4126,
b4127,250
b4128,
b4129,69
b4130,
b4131,
b4132,
b4133,
b4135,387
b4136,
b4137,
b4138,
b4139,1071
b4140,
b4141,
b4142,13660
b4143,8928
b4144,266
b4145,
b4146,
b4147,2100
b4148,
b4149,40
b4150,
b4151,
b4152,
b4153,566
b4154,238
b4155,
b4156,
b4157,
b4158,
b4159,
b4160,730
b4161,200
b4162,477
b4165,
b4166,
b4167,114
b4168,257
b4169,
b4170,13
b4171,
b4172,
b4173,99
b4174,570
b4175,317
b4176,
b4177,4747
b4178,
b4179,114
b4180,
b4181,
b4182,
b4183,56
b4184,
b4185,
b4186,
b4187,
b4188,
b4189,
b4190,
b4191,
b4192,
b4193,
b4194,
b4195,
b4196,
b4197,
b4198,
b4199,
b4200,9866
b4201,
b4202,6896
b4203,7326
b4204,
b4205,
b4206,132
b4207,1452
b4208,438
b4209,
b4210,
b4211,57
b4212,
b4213,213
b4214,1022
b4215,
b4216,1087
b4217,
b4218,
b4219,1023
b4220,
b4221,
b4222,223
b4224,
b4225,
b4226,7043
b4227,3064
b4230,
b4231,
b4232,448
b4233,126
b4234,717
b4235,615
b4236,
b4237,
b4238,
b4239,
b4240,
b4241,
b4242,
b4243,2949
b4244,6762
b4245,5258
b4246,
b4248,
b4249,
b4251,
b4252,203
b4253,
b4254,488
b4255,4757
b4256,104
b4257,
b4258,475
b4259,
b4260,604
b4261,27
b4262,99
b4263,463
b4264,
b4265,
b4266,31
b4267,
b4268,
b4269,194
b4270,
b4271,
b4277,
b4278,
b4279,
b4280,118
b4281,
b4282,
b4284,
b4286,
b4287,
b4288,
b4289,
b4290,
b4291,
b4292,
b4293,
b4295,106
b4296,
b4297,
b4298,
b4299,
b4300,
b4301,
b4302,57
b4303,448
b4304,
b4305,494
b4306,
b4307,
b4308,
b4309,
b4310,
b4311,
b4312,
b4313,
b4314,
b4315,
b4316,
b4317,
b4318,
b4319,
b4320,
b4321,
b4322,612
b4323,86
b4324,
b4325,
b4326,
b4327,
b4328,
b4329,
b4330,
b4331,
b4332,
b4333,
b4334,
b4335,
b4336,
b4337,
b4339,
b4340,
b4341,
b4342,
b4345,
b4346,
b4347,
b4348,
b4349,
b4350,32
b4351,
b4352,
b4353,
b4354,
b4355,69
b4356,
b4357,
b4358,
b4359,
b4360,183
b4361,
b4362,
b4363,
b4364,
b4365,
b4366,
b4367,
b4369,
b4370,
b4371,193
b4372,
b4373,
b4374,
b4375,202
b4376,3054
b4377,
b4378,
b4379,
b4380,
b4381,1069
b4382,174
b4383,1501
b4384,1288
b4385,
b4386,
b4387,
b4388,78
b4389,
b4390,43
b4391,1347
b4392,160
b4393,428
b4394,
b4395,194
b4396,319
b4397,215
b4398,
b4399,
b4400,
b4401,5108
b4402,
b4403,
b4406,
b4407,
b4408,
b4409,
b4410,
b4411,
b4412,
b4414,
b4415,
b4416,
b4417,
b4418,
b4420,
b4421,
b4422,
b4423,
b4424,
b4425,
b4426,
b4427,
b4428,
b4430,
b4431,
b4432,
b4433,
b4435,
b4436,
b4437,
b4438,
b4439,
b4440,
b4441,
b4442,
b4443,
b4444,
b4445,
b4446,
b4447,
b4448,
b4449,
b4450,
b4451,
b4452,
b4453,
b4454,
b4455,
b4456,
b4457,
b4458,
b4459,
b4460,
b4461,
b4462,
b4463,
b4464,
b4465,
b4466,
b4467,
b4468,
b4469,
b4470,
b4471,
b4472,
b4473,
b4474,
b4475,
b4476,
b4477,
b4478,
b4479,
b4480,
b4481,
b4482,
b4483,
b4484,
b4485,
b4486,
b4487,
b4488,
b4490,
b4491,
b4492,
b4493,
b4494,
b4495,
b4496,
b4497,
b4498,
b4499,
b4500,
b4501,
b4502,
b4503,
b4504,
b4505,
b4506,
b4509,
b4511,
b4512,
b4513,
b4514,
b4515,
b4517,
b4518,
b4519,
b4520,
b4521,
b4522,
b4523,
b4524,
b4525,
b4526,
b4527,
b4529,
b4532,
b4533,
b4535,
b4536,
b4537,
b4538,
b4539,
b4541,
b4542,
b4543,
b4544,
b4546,
b4547,
b4548,
b4550,
b4551,
b4552,
b4553,
b4554,
b4555,
b4556,
b4557,
b4558,
b4559,
b4561,
b4565,
b4566,
b4567,
b4568,
b4569,
b4570,
b4571,
b4572,
b4573,
b4575,
b4577,
b4578,
b4579,
b4580,
b4581,
b4582,
b4585,
b4586,
b4587,
b4588,
b4590,
b4592,
b4593,
b4594,
b4595,
b4596,
b4597,
b4598,
b4599,
b4600,
b4601,
b4602,
b4603,
b4604,
b4606,
b4608,
b4609,
b4611,
b4612,
b4613,
b4615,
b4616,
b4618,
b4620,
b4621,
b4622,
b4623,
b4624,
b4625,
b4626,
b4627,
b4628,
b4630,
b4631,
b4632,
b4633,
b4636,
b4637,
b4639,
b4640,
b4641,
b4642,
b4644,
b4646,
b4647,
b4648,
b4649,
b4650,
b4651,
b4652,
b4653,
b4654,
b4655,
b4656,
b4657,
b4658,
b4659,
b4660,
b4661,
