id,abundance
YGR192C,20684.1539248
YBR118W,17669.3442775
YCR012W,22805.4232915
YHR174W,19801.6742665
YDR385W,7152.03545454
YLR044C,12808.2007345
YLL024C,15878.3134938
YPL231W,2365.23509492
YKL182W,2711.7485937
YNR016C,1817.57627743
YMR186W,10013.0234461
YNL209W,8763.1731154
YAL038W,25562.6784459
YLR167W,1185.54071195
YOL086C,15536.224244
YML045W,4268.37318703
YLR249W,7477.84978855
YBR079C,2358.75673038
YJL130C,1934.4238526
YOR063W,10152.0712705
YAL003W,2255.7349332
YBR196C,3431.08407166
YPL106C,5509.13800652
YJL080C,1240.52780615
YKL060C,10194.7336712
YJR045C,1650.95590148
YER091C,6287.25279207
YLR304C,1348.84290118
YOR335C,1584.19714488
YDR127W,752.833362934
YLR259C,1515.06825491
YJL034W,1886.15213629
YBL076C,699.592266987
YEL034W,3129.28708915
YKL152C,11785.8832073
YPL160W,761.357942624
YLL045C,7677.96804947
YLR150W,774.78869839
YGR094W,1221.96176141
YLR106C,339.142383993
YGL206C,739.931936954
YGR234W,7949.42732485
YOR341W,1360.29854581
YIL078W,758.758696361
YGL253W,2022.59281399
YMR229C,535.665942635
YMR012W,775.815756184
YDR037W,1428.40037799
YGL009C,2535.72668871
YBR121C,1819.55138858
YDL185W,1781.5502502
YOR027W,890.617116209
YER165W,2054.51061004
YGR264C,597.336812937
YLR180W,2025.99000515
YJR109C,1471.299792
YLR340W,3074.77402162
YGL008C,5648.42284426
YMR031C,774.298870827
YJL138C,592.478039527
YGR204W,767.362280496
YJR016C,1293.22377142
YJR007W,510.645234686
YML072C,398.735437373
YOR198C,965.197312936
YMR169C,703.060562153
YER110C,1268.8113977
YFL018C,1312.42185172
YNL064C,945.288192623
YDR226W,961.405099543
YER043C,7230.96089578
YDL215C,409.882964659
YPR145W,531.842127464
YJR064W,270.463819359
YOR375C,1411.17740883
YMR116C,4547.10087141
YOR317W,593.023170202
YKL210W,2442.18542502
YDL055C,1620.22317211
YGL173C,468.267250021
YLL026W,775.53134018
YGL147C,3261.856549
YBL047C,245.024387848
YBR084W,522.140381534
YNL121C,649.629855536
YMR217W,1877.22463393
YNL247W,490.048775696
YOR168W,480.141618207
YLR432W,1099.66287949
YGL135W,1215.48339687
YLR355C,3935.13243513
YOR374W,1697.01549332
YPR074C,1487.65371225
YPL061W,8613.85471306
YPL226W,446.77014035
YGL245W,999.485242363
YML063W,6115.89214938
YCL043C,743.550340566
YDR353W,368.516236899
YGR155W,1890.02335413
YMR108W,683.459559178
YPL093W,489.487844132
YGL195W,371.091781828
YGR061C,651.999988906
YGR240C,568.753004488
YHR027C,445.253254993
YLR335W,501.196302982
YLR354C,5237.99474893
YDL126C,1000.43329571
YER069W,467.232291782
YKR001C,672.880863901
YMR205C,725.442521615
YIL115C,474.990528349
YCL030C,619.110438168
YGR244C,504.625095925
YJR137C,318.948847676
YML070W,668.393411386
YBR011C,1687.69296873
YDL171C,1516.41133048
YGL148W,378.494498389
YDR129C,268.164789989
YIL053W,6771.1550219
YOR332W,693.485223336
YDL195W,538.952527575
YHR183W,1856.05144248
YLR197W,582.776293597
YMR309C,458.099377861
YKR095W,93.4227570228
YBL039C,675.582815943
YER025W,849.850822236
YGR162W,209.74890285
YGR090W,302.365814526
YNL302C,3692.90480466
YOR310C,464.159018845
YOR326W,1442.06814709
YER006W,341.702128033
YBR039W,740.54817163
YHR007C,500.216647856
YKL157W,358.05604829
YMR145C,1247.55920182
YOR007C,843.293453244
YBR181C,4706.92686503
YGR116W,226.640053337
YNL069C,5671.72915574
YDR172W,274.943371429
YPR191W,398.688034706
YDR341C,490.269988144
YFL022C,970.964637471
YGR218W,377.878263712
YLL018C,849.613808899
YLR027C,735.665696887
YOL109W,2385.14421524
YBL024W,307.098180823
YBR143C,629.270409883
YEL031W,303.242763874
YML126C,1441.9101382
YHR064C,870.945009234
YNL055C,8061.61363772
YAL035W,177.420283675
YFL039C,2479.1595056
YLR061W,1068.53512789
YDL066W,808.452492697
YDR238C,145.889609402
YGL026C,937.940779175
YJL167W,823.621346268
YER003C,322.970173961
YER120W,293.51731661
YGL076C,10570.7948327
YHR019C,809.479550491
YML008C,749.199158433
YDR233C,1219.19660581
YER073W,592.801957754
YHR020W,771.478412116
YIL075C,1135.37288894
YLR153C,664.056067318
YBR086C,242.164426914
YDR050C,437.716230874
YLR309C,168.121460418
YOR206W,279.059503049
YOR323C,361.160923005
YBL030C,2271.21980456
YDR258C,707.152992439
YER036C,669.712785629
YJL014W,392.983913727
YBR245C,318.964648565
YKL212W,381.95489311
YNR050C,364.550213725
YDL097C,332.640318113
YDL174C,199.707437803
YER070W,349.128545927
YGR180C,1192.73011651
YJL008C,325.498316223
YPR041W,1117.12286199
YDR099W,462.563129042
YER052C,250.380889266
YKR097W,576.692951279
YBL022C,500.706475419
YDL040C,235.820369926
YEL071W,610.285641584
YER065C,2355.675557
YKL085W,421.393912396
YLR058C,834.444955327
YLL048C,249.638247476
YBR218C,395.764870215
YDR023W,2130.27587346
YDR150W,236.499808159
YNL287W,233.90846234
YCR053W,1310.44674058
YDL147W,457.996672082
YDR158W,2173.49130525
YEL055C,225.478687986
YER074W,1350.89701677
YJL041W,311.317018223
YNL138W,415.950506088
YOL127W,3911.27309254
YCL057W,179.419096151
YER103W,481.903417346
YGR254W,685.205557428
YLR060W,328.026458485
YPL019C,285.142845367
YPL145C,608.041915327
YPL260W,310.076648425
YJL177W,2636.85237919
YJR077C,428.204095614
YBR106W,420.232547044
YCL050C,527.141362945
YDL124W,339.29249244
YDR060W,241.263776233
YDR168W,202.512095625
YHL015W,6960.76569154
YHR068W,340.074636452
YPL048W,290.807464123
YPL078C,444.281500311
YDR188W,244.550361174
YDR212W,375.342221006
YHR179W,203.815668979
YHR203C,5468.84573922
YLR129W,268.196391768
YOR209C,325.703727782
YDL084W,977.443002017
YDL130W,283.07292889
YFR053C,425.328333791
YGL105W,548.030138385
YGR103W,205.372056559
YGR130C,385.660201612
YGR185C,2185.42097654
YGR285C,658.399349007
YKL081W,4486.10943934
YLR222C,120.592385894
YLR314C,1448.38850275
YLR410W,132.648464305
YMR079W,193.584593262
YDR074W,168.713993761
YFR030W,207.868597042
YFR044C,624.861961813
YGL030W,3602.28670546
YIL155C,275.409497659
YMR146C,660.327057481
YMR226C,341.907539592
YPL028W,365.063742622
YBL099W,590.574032386
YBR025C,2008.29300932
YBR263W,326.817690466
YJL012C,412.197794918
YJR121W,479.398976418
YKL054C,346.876919225
YBL027W,1423.5811068
YBR088C,634.998232195
YDR447C,2299.89841834
YGL167C,386.236934066
YHR208W,298.865917583
YLR109W,2035.70755197
YNL112W,321.461189049
YOR165W,177.823206348
YOR361C,481.058069777
YFL014W,652.600422693
YJR105W,376.598391692
YOL097C,276.199542115
YBR248C,317.558369432
YCR088W,196.681567533
YDL145C,1093.34252384
YDR234W,144.262117821
YMR062C,356.77617627
YMR105C,280.007556397
YOR243C,153.063213071
YDL103C,255.516178235
YDL140C,533.714532826
YDR170C,690.056430393
YHR052W,201.263825383
YJR139C,1104.48215068
YLL001W,179.363793039
YLR429W,224.680743084
YPR010C,270.400615802
YPR148C,172.601012488
YCL040W,1232.78537047
YCR093W,192.660241248
YDR194C,183.65373444
YFR010W,182.879490872
YJL111W,703.250172822
YNL134C,438.996102894
YFR009W,296.314073987
YIL018W,1079.59575029
YNL061W,371.455202278
YNL087W,140.501506207
YNL243W,155.204233549
YOL098C,285.055940477
YDL058W,134.647276781
YDR012W,4322.49123233
YDR450W,1870.35124715
YEL046C,288.389928085
YHR193C,1289.9055847
YJL050W,116.831774279
YLR303W,2668.6911708
YLR389C,119.731237436
YML010W,170.618000902
YNL007C,1091.99944826
YNL241C,499.173789173
YPL217C,135.903447468
YBL015W,168.690292427
YDL168W,198.743583566
YLL040C,114.832961803
YOL039W,237.38465795
YOR142W,475.883278585
YOR230W,589.562775481
YDR368W,369.819810252
YER080W,201.96696495
YLR075W,327.947454039
YNL137C,161.39818209
YOL145C,99.6167055645
YBR015C,179.284788593
YBR048W,12353.9251718
YDL074C,115.939024043
YDL226C,182.666178869
YGL092W,144.309520489
YGL123W,1967.92173757
YGR211W,247.884348782
YIL043C,310.400566653
YIL125W,379.608461073
YJL109C,675.100888825
YKL056C,1481.41236104
YKL150W,475.567260802
YLR448W,2662.44981959
YML054C,269.168146449
YOL027C,193.434484816
YPL043W,122.725505927
YBR249C,732.268505722
YHR190W,424.182769328
YOR184W,205.379957003
YBR127C,1236.8145972
YBR286W,1949.59270617
YFL016C,197.787629773
YIL136W,633.971174401
YMR235C,362.598803917
YPR112C,210.918168646
YBR208C,264.980910828
YJL191W,3180.16595217
YLR244C,178.976671255
YML075C,193.039462587
YMR083W,610.040727803
YMR129W,196.855377314
YPL063W,124.123884616
YPL091W,245.158695406
YPL126W,78.9388719953
YDR101C,250.831214606
YDR298C,1478.72620989
YIL051C,2383.48512188
YJL020C,107.485548355
YJL026W,1056.13142992
YJL076W,88.0741560499
YKR046C,286.809839171
YLR028C,434.516550824
YML128C,155.741463779
YNL071W,565.537523548
YNL096C,1154.57096924
YOR086C,1353.34615459
YDR002W,239.810094433
YGL202W,459.995484558
YGR178C,128.998458915
YHR039C,226.395139556
YHR049W,301.394059844
YKL104C,269.207648672
YKL195W,168.137261307
YLR216C,391.46702837
YLR359W,731.723375047
YMR189W,150.945893926
YNL010W,246.225255423
YNL175C,242.820163813
YPL079W,16190.3810543
YDR189W,94.5051179286
YEL058W,169.172219546
YGL207W,275.148782988
YIL041W,2653.75933057
YKL035W,519.64384105
YLR325C,1120.12503092
YOR096W,10551.0437213
YOR151C,242.843865147
YDL100C,192.865652807
YDR507C,216.867203406
YER178W,222.041994598
YGR209C,1166.89566277
YJR009C,634.121282848
YNL001W,128.390124683
YOL021C,180.161737941
YOL040C,678.948405329
YOR117W,148.164937438
YPR108W,195.10147862
YDL022W,457.206627625
YDR155C,2893.69583211
YFR002W,204.265994319
YGL103W,7951.79745822
YGL137W,160.22101585
YGR034W,6739.07921695
YGR054W,142.160599566
YHR146W,171.234235578
YIL033C,165.988340385
YKL172W,149.018185451
YKL211C,460.074489003
YMR290C,805.687337098
YNL132W,334.931447038
YOL058W,441.848163384
YPL117C,163.31799012
YDL182W,210.017517965
YER023W,405.008390361
YGR124W,157.850882479
YGR167W,135.540027018
YGR233C,207.528877926
YIR006C,121.698448133
YMR096W,238.917344197
YNR053C,265.202123276
YPL085W,65.9458008579
YAL060W,117.400606288
YBL092W,4007.73752072
YBR101C,136.567084811
YDL031W,322.195930393
YDL112W,87.4342200398
YFR052W,647.457233279
YGR193C,77.0087933872
YJR002W,92.2376903375
YKR066C,194.422040387
YLR257W,105.123315429
YOR046C,442.843619399
YPR189W,134.02314166
YDR483W,917.399623297
YER136W,234.050670342
YFR037C,229.168195599
YGL234W,204.028980982
YHR104W,355.67011403
YLR175W,396.072987554
YLR342W,732.21320261
YNL117W,554.650710933
YPL012W,366.367315976
YAR002W,60.981161491
YAR015W,259.031876068
YBL068W,182.279057085
YBR115C,138.874014625
YBR155W,150.851088591
YDL014W,560.00721235
YDL137W,288.698045423
YDR418W,1880.77983398
YER090W,315.053928503
YGL048C,403.262392111
YGR128C,138.60539951
YIL022W,143.503675143
YIL142W,243.167783374
YNR043W,748.124697971
YOL004W,133.691322988
YOL139C,291.510603689
YOR153W,228.615164479
YOR254C,166.34386039
YBL007C,182.990097096
YBR080C,114.303632017
YDL143W,167.947650638
YDR299W,210.617951752
YDR496C,122.243578809
YEL047C,347.090231229
YFL004W,1119.88801759
YGL129C,124.084382393
YMR241W,259.490101853
YPR033C,199.557329356
YDR035W,280.355175959
YGR085C,3745.75877883
YHR005C-A,462.563129042
YML069W,79.0834501309
YMR099C,364.19469372
YMR109W,326.003944675
YNL098C,198.269556892
YPL084W,76.5932300029
YPL146C,336.882856846
YBR189W,3727.82476966
YCL019W,85.8699320152
YDL078C,311.767343563
YDL132W,617.166928804
YDR190C,243.230986931
YDR430C,98.3763357672
YER048C,223.519377733
YFL008W,85.1983942269
YGR207C,589.207255476
YHR197W,294.410066846
YLR270W,126.383411763
YNL118C,235.069827692
YPL212C,131.716211846
YDL083C,1046.25587421
YDR091C,453.043093337
YER049W,182.413364643
YER081W,999.643251255
YGL011C,386.789965186
YJL039C,107.232734129
YNL002C,97.538888643
YNL220W,574.994355697
YOR136W,273.529191851
YPR069C,142.942743578
YCR030C,73.2110496831
YDL075W,475.4250528
YER055C,396.507512005
YFL005W,556.570518963
YIL094C,303.053153204
YLR276C,206.928444139
YMR024W,173.667572505
YNL088W,68.4447114749
YNR001C,263.385021025
YOR211C,94.8843392679
YPL004C,416.029510534
YPL262W,256.772348921
YPR163C,219.553354559
YAL005C,638.56923314
YBL045C,579.094686428
YDR365C,297.870461567
YER122C,59.4287241333
YGL078C,158.877940273
YHR047C,267.87247354
YJR060W,412.016084693
YLL021W,40.9954068661
YML042W,371.636912503
YNL085W,119.28881254
YNL141W,178.289332578
YOR215C,243.183584264
YAL012W,500.32725408
YBL017C,70.7935136451
YBR169C,123.539251718
YGL157W,231.751640973
YGR282C,301.804882962
YHR010W,2295.63217827
YKR009C,110.566721736
YMR246W,633.102125498
YMR318C,140.303995092
YOL049W,115.480798258
YOR014W,38.5928816728
YAL016W,750.558034899
YAL054C,265.044114385
YCL064C,176.748745887
YDL019C,44.0955413147
YDL052C,350.052897942
YDL225W,201.658847611
YDL236W,279.68363817
YDR502C,149.816130353
YFL045C,891.486165112
YIL133C,976.968975343
YIL137C,204.171188984
YJL200C,102.72158028
YKR008W,51.8221761028
YML028W,434.516550824
YML120C,146.57694808
YMR261C,118.593573418
YNL166C,59.5551312464
YNL244C,224.269919967
YOR098C,330.633605193
YPR035W,207.125955253
YAL036C,89.4409329602
YBR172C,89.1960191786
YDR064W,279.968054175
YDR120C,134.789484784
YDR513W,270.155702021
YER086W,136.029854581
YFL038C,215.579430941
YFR011C,117.021384949
YGL055W,116.381448939
YGR159C,180.390850833
YGR200C,101.568115373
YHR063C,96.8910521883
YIR003W,95.3820672757
YKL135C,99.2058824469
YMR092C,216.140362506
YOR108W,481.508395118
YPR133C,85.8462306815
YAL043C,178.51844547
YAR007C,199.604732024
YBR149W,133.525413653
YGL049C,52.9977622545
YHR108W,181.583817963
YIR004W,72.1958425561
YKL040C,217.34123008
YLR069C,106.047667443
YMR027W,271.166958925
YNL313C,277.842834586
YOL111C,93.2568476868
YCR077C,91.1869312099
YDR449C,163.475999012
YEL042W,128.287418904
YHL001W,3827.686389
YHR037W,252.561411966
YHR042W,147.430196093
YJL052W,952.240583844
YJL087C,196.412952418
YJR104C,375.057805001
YKL073W,127.528976225
YLR043C,494.267613096
YLR186W,138.960919516
YLR196W,319.193761457
YMR303C,656.558545422
YNL231C,147.675109875
YNL248C,104.333270972
YNL308C,138.297282172
YNR051C,338.241733312
YOL061W,78.6805274579
YOL123W,183.353517546
YOR207C,51.5053682756
YOR217W,166.288557278
YOR260W,128.003002899
YPL131W,2568.75054701
YPR125W,102.184350049
YDL029W,324.692470877
YDR033W,346.086874769
YDR145W,88.1689613847
YDR214W,297.665050008
YDR251W,191.238161226
YDR346C,193.260675035
YGR229C,131.660908734
YHR216W,225.31277865
YIL109C,148.117534771
YKL142W,293.454113053
YKR016W,174.805236523
YLR192C,230.945795627
YML106W,358.127152291
YMR266W,167.979252416
YMR302C,71.0234165821
YNL178W,2894.72288991
YNL301C,126.691529101
YOR124C,80.3001185944
YPL111W,99.8853206798
YPL235W,240.078709548
YPR088C,84.4952546603
YPR173C,186.640102487
YCL037C,140.24869198
YCL054W,117.677121848
YDR381W,392.004258601
YER155C,27.6254845227
YER172C,37.8865819283
YHR018C,481.579499119
YJL033W,81.1454661633
YLL013C,107.532951022
YLR330W,79.1466536874
YLR401C,131.455497176
YMR038C,113.568890672
YMR089C,72.2440352679
YNL036W,151.988752609
YOR185C,1575.03262918
YPL243W,99.8379180124
YPR002W,104.404374973
YPR160W,184.830900681
YBL004W,155.970576672
YDL160C,164.439853249
YDL204W,130.428439382
YDR174W,142.413413792
YEL060C,124.123884616
YER151C,170.886616017
YIL063C,191.032749667
YJL123C,140.738519544
YKL057C,87.979350715
YKL080W,230.977397405
YLR380W,160.292119851
YML085C,163.049375005
YMR142C,3437.48343176
YMR242C,545.604701902
YNL135C,296.637992214
YPL237W,522.432697983
YBR142W,135.658533686
YDR165W,70.2310019919
YDR427W,140.130185312
YGL001C,144.19101382
YHR029C,152.43907795
YHR114W,296.677494437
YJL190C,1127.15642659
YJR070C,200.710794263
YKL103C,85.0245844464
YKL196C,196.357649306
YKR048C,206.707231691
YKR071C,402.18793165
YML035C,200.77399782
YMR072W,293.24080105
YNL079C,400.947561852
YNL312W,1690.45812433
YOL006C,202.101272507
YOL041C,271.870098492
YOR095C,189.839782537
YOR356W,1368.83102594
YPL154C,224.830851531
YBR227C,198.467068006
YBR247C,183.337716657
YCR005C,113.142266666
YDL198C,255.026350672
YDR356W,52.4534216238
YEL024W,169.496137773
YGL120C,101.291599813
YGR019W,64.003871583
YHR158C,70.0556121224
YIL138C,396.831430232
YML056C,101.054586476
YML086C,172.624713822
YML093W,112.42332621
YMR307W,294.536473959
YNL123W,179.585005487
YNL173C,104.546582975
YNL292W,66.8519818499
YNR021W,179.498100597
YOR099W,109.468559941
YOR241W,89.3303267363
YOR261C,131.147379837
YOR298C-A,967.014415187
YPL037C,139.60875597
YPR036W,312.667994244
YBL058W,128.548133574
YBR170C,80.5213310424
YCL059C,309.049590631
YCR016W,152.944706402
YDL223C,99.387592672
YDR135C,98.929366887
YER082C,40.8516187749
YJL153C,237.479463285
YJR048W,210.499445084
YMR049C,425.770758687
YNL255C,117.811429406
YOL057W,57.6448037498
YOR222W,146.932468085
YOR369C,10157.6015817
Q0140,47.8656334628
YCR009C,294.43376818
YDL136W,8254.38448519
YDR380W,72.7228022088
YDR395W,230.353262284
YER021W,121.03481079
YGL228W,877.818396008
YIL126W,70.2341621697
YJL061W,84.0291284308
YJL128C,47.0424071388
YKL029C,107.082625682
YKR082W,103.116602508
YMR015C,288.698045423
YMR178W,1588.22637161
YOL064C,128.342722016
YOR187W,169.835856889
YOR303W,304.554237672
YPL094C,116.081232045
YPL105C,238.21420463
YPL129W,109.436958163
YPL210C,67.3939523473
YPR181C,236.357600156
YDR019C,130.63385094
YEL013W,215.492526051
YER031C,126.746832213
YGL027C,148.04643077
YGL043W,476.025486587
YGL190C,44.263820784
YGL244W,114.16932446
YHR039C-A,455.792448047
YHR074W,73.3761689746
YHR098C,97.4993864201
YIL076W,220.390801683
YJL088W,131.811017181
YKL009W,390.82709236
YKL148C,196.160138192
YKL213C,216.906705629
YKL216W,108.907628377
YKR080W,37.9497854849
YLL041C,307.0586786
YLR100W,244.510858951
YLR398C,52.5000342467
YNL212W,88.7535942828
YOL140W,192.16251324
YOR272W,82.9072653021
YPL225W,583.676944278
YPL228W,80.1816119259
YPR183W,137.064812819
YBL050W,189.270950528
YDL153C,62.2555031999
YDR040C,224.285720856
YDR300C,138.976720405
YDR324C,138.945118627
YDR477W,309.586820862
YER168C,33.2419105665
YGL086W,83.7289115372
YGL122C,57.5089161032
YGL203C,65.238711069
YGR088W,95.6506823911
YGR173W,485.632427182
YHL034C,132.672165639
YHR005C,80.2448154825
YHR021C,277.100192796
YHR099W,28.718906051
YIL149C,30.6252833254
YIR037W,385.075568714
YJL145W,173.422658724
YJR148W,268.101586433
YKL179C,39.119051281
YKL181W,247.939651894
YKR056W,84.4004493255
YLR419W,49.4330816652
YML073C,1350.02796787
YMR220W,89.1012138438
YMR296C,127.236659776
YOR120W,131.882121182
YOR195W,115.141079142
YOR239W,82.8203604118
YOR270C,127.544777114
YPL266W,85.8225293478
YPR024W,111.649082642
YAL021C,33.2284798107
YBR026C,86.9443924766
YBR072W,277.392509245
YBR166C,76.8191827175
YCR084C,199.983953363
YDR292C,123.965875725
YDR361C,87.0945009234
YDR454C,1170.13484504
YGL099W,70.3376579935
YGR049W,106.332083448
YGR231C,145.399781839
YHR072W-A,275.994130557
YIL005W,34.2436869378
YJL010C,75.0486930897
YJL148W,235.5675557
YKL204W,224.720245307
YLL050C,233.394933443
YLR382C,39.466670842
YLR409C,37.9150235288
YMR067C,28.9432786768
YMR230W,378.241684162
YMR250W,85.3327017846
YNL252C,346.987525449
YNL297C,100.951880697
YOR232W,279.091104828
YPL032C,51.7905743245
YPL134C,141.986789785
YPL143W,536.013562196
YBR046C,119.328314763
YCL045C,178.297233022
YDR047W,43.6215146406
YDR122W,43.4777265495
YDR171W,182.523970867
YDR211W,343.179511167
YER001W,93.0751374617
YER057C,256.946158702
YER089C,105.613142992
YGR118W,1161.36535157
YGR135W,104.198963414
YHR196W,3394.18899553
YIL009W,54.4111517879
YJR123W,2550.10549783
YKL114C,48.0663047549
YLR208W,150.795785479
YLR399C,254.157301769
YML048W,140.71481821
YML092C,250.989223497
YML100W,149.373705457
YMR115W,56.0868360808
YMR173W,118.964894313
YMR278W,199.912849362
YNL168C,59.6894388041
YNL239W,148.054331214
YOR021C,204.194890318
YOR109W,94.718429932
YOR164C,119.257210762
YPL139C,45.5760846269
YPL232W,157.353154471
YPL249C-A,3117.12040451
YPR091C,62.373219824
YAR071W,1438.90796926
YBR094W,42.2199757742
YBR159W,248.152963897
YBR279W,73.2023591941
YDL060W,60.8602846891
YDL065C,114.461640909
YDR028C,65.5926509857
YER007C-A,365.37185996
YFL048C,128.737744244
YJL060W,88.5402822794
YKL215C,89.1170147329
YLR029C,1918.30694568
YLR174W,122.053968139
YML057W,44.7670791031
YML080W,57.7648905072
YMR125W,106.671802564
YMR300C,111.372567082
YOL151W,364.913634175
YOR016C,74.1591030313
YOR042W,119.020197425
YOR171C,39.2375579496
YOR204W,592.533342639
YPL127C,135.840243911
YPL199C,36.0141765656
YPR129W,77.39749526
YAR002C-A,175.666384981
YBL079W,79.9129968106
YBL091C,68.086821336
YBL105C,57.7514597514
YDL007W,54.7247994372
YDL053C,202.954520521
YDL122W,185.565642025
YDR382W,190.361211878
YGR123C,115.654608039
YGR175C,122.606999259
YHL021C,214.986897599
YHL033C,154.303582868
YHR072W,68.187156982
YJL074C,30.4348826113
YJL207C,98.7871588848
YKL126W,72.0172925088
YMR029C,87.1024013679
YMR120C,99.845818457
YMR315W,235.125130804
YPL239W,128.99055847
YBR056W,134.457666112
YBR069C,32.9219425615
YBR200W,45.216614399
YBR256C,70.2791947037
YDR083W,75.7036399445
YDR117C,165.348404375
YDR354W,78.265754118
YDR527W,48.787615344
YER053C,74.1851744984
YGL171W,51.680758145
YGR012W,61.8028077262
YGR119C,114.279930684
YGR148C,5489.3868951
YJL054W,56.8911013379
YJL125C,80.8057470468
YJR025C,233.489738778
YKL127W,60.9100574899
YKL145W,132.48255497
YLR179C,68.6501230337
YMR131C,99.0320726664
YNL037C,108.591610594
YOL052C,43.4413845045
YOL076W,57.0427898736
YOR285W,133.509612763
YPL173W,73.1557465711
YPR118W,57.2229200098
YBL002W,352.999763766
YBL069W,62.8180148532
YDL081C,78.7887635485
YDR322W,120.789897008
YDR388W,252.403403075
YER126C,100.533157134
YGL006W,27.6942183905
YGL097W,84.5900599951
YGL232W,84.3135444352
YGR080W,69.632938338
YGR261C,104.570284309
YIR026C,143.677484923
YJR068W,124.898128184
YKL129C,40.9250929094
YLL008W,68.6919953899
YLR248W,767.038362268
YMR033W,60.1824265452
YNL045W,115.733612484
YNL059C,57.1099436525
YNL307C,56.0710351917
YNR006W,54.8124943719
YNR038W,30.2342113193
YOL016C,184.01715489
YOR069W,49.5199865555
YOR251C,61.8344095044
YBR205W,47.7250055495
YBR221C,118.696279197
YCL035C,60.7654793543
YDR148C,119.225608984
YDR289C,29.066525612
YDR321W,89.5989418516
YEL002C,45.8138880084
YER063W,201.824756947
YER156C,157.408457583
YGL156W,57.4496627689
YGR037C,357.060592274
YIL128W,74.0682479188
YKR093W,43.329988236
YLR056W,70.9862844926
YLR133W,106.719205232
YLR438W,56.8926814268
YML078W,208.753446834
YML097C,45.9165937878
YML130C,109.697672834
YMR047C,119.75493877
YMR203W,739.600118282
YNL182C,99.4507962285
YPL030W,15.9241360723
YPR004C,264.854503715
YPR086W,135.453122127
YPR137W,92.8065223464
YBR009C,282.875417776
YBR053C,213.430510019
YBR109C,301.267652731
YBR112C,253.509465315
YBR283C,83.0494733043
YER014W,172.403501374
YFL023W,33.3935991022
YFR016C,179.245286371
YGL065C,30.5273178128
YHL011C,90.8946147608
YHR170W,405.608824148
YIL010W,44.2353791836
YJL069C,139.174231519
YJL136C,1445.62334715
YJL176C,31.8071898329
YJR065C,116.966081837
YKL010C,69.5491936256
YKL068W,175.389869421
YKL143W,56.8484389372
YKL151C,43.8150755326
YLL034C,87.8924458248
YLR219W,24.8263570121
YLR310C,73.0048480799
YLR378C,134.062643883
YML062C,91.6688583285
YMR308C,70.9452021809
YNL015W,184.38057534
YNL051W,29.8225981573
YNL119W,20.5403658337
YNL189W,334.43371903
YNR026C,51.3916018738
YOL022C,120.078856997
YOL051W,36.1642850124
YOL090W,86.0832440186
YOR001W,38.3084656683
YPR072W,121.29552546
YBL036C,138.534295509
YBR035C,399.659789388
YBR198C,103.709135851
YDL131W,139.324339966
YDL148C,50.0003335853
YDR138W,69.1913034866
YDR310C,46.4506638406
YDR347W,165.277300373
YEL022W,33.8249633757
YFR014C,25.7412284932
YGR132C,57.0143482732
YGR181W,76.2321796861
YGR184C,65.6068717859
YGR245C,53.0380545218
YGR253C,461.741482807
YHR081W,63.4208187738
YIR036C,74.7982489969
YJL172W,151.032798816
YJR088C,85.4512084531
YKL016C,251.400046615
YKL067W,126.494017987
YKR081C,509.096747551
YLR420W,54.0832833383
YML079W,114.904065805
YML103C,85.3722040074
YMR076C,270.803538475
YMR260C,217.925862978
YMR314W,127.592179782
YNL084C,110.337608844
YOR020C,1309.81470501
YOR048C,37.9142334843
YOR145C,167.015398179
YOR294W,58.1670231357
YOR347C,29.5381821528
YPL023C,78.889889239
YPL082C,19.8735683121
YPR034W,73.7767215142
YBR017C,97.7126984235
YBR049C,88.8483996176
YBR260C,65.7996426334
YDL046W,73.0427702138
YDL064W,61.26636754
YDL190C,77.5081014839
YDL201W,57.6771955725
YDR062W,59.9564738305
YDR280W,73.350887552
YER024W,97.3492779733
YFR024C-A,34.7927678353
YGL014W,61.1249495822
YGL150C,52.2511702428
YHR024C,377.530644151
YIL052C,127.465772669
YJL001W,79.6048794724
YJR125C,81.8960083973
YKL205W,33.3035340341
YKR014C,72.1429095774
YLR287C,83.7052102035
YLR369W,33.2608716335
YML125C,134.149548773
YMR061W,67.0692440755
YNL048W,20.8176714381
YNL185C,33.4283610583
YOR057W,45.2466360884
YOR061W,163.744614127
YOR116C,55.4263589149
YOR354C,66.6805422028
YOR362C,93.9362859197
YPL183C,53.3469619045
YPR020W,613.050797183
YPR135W,40.0599942291
YBL072C,173.896685398
YBL075C,103.203507399
YBR078W,257.767804937
YBR177C,77.1478412116
YDR398W,92.1191836689
YDR457W,78.2080808727
YDR533C,199.94445114
YEL037C,196.318147083
YFR049W,79.09925102
YGR145W,89.5199374059
YGR186W,22.2113098599
YHR038W,42.5905066244
YHR107C,140.90442888
YJL055W,507.603563527
YJL183W,55.1158714434
YJR017C,101.591816707
YKL024C,116.341946716
YKL117W,110.124296841
YKR002W,43.5211789946
YKR006C,131.392293619
YKR084C,41.5760895418
YLR384C,76.1737163963
YML022W,213.059189124
YML131W,51.3181277393
YMR311C,52.642242249
YNL022C,33.6898657735
YNL131W,123.618256164
YNL139C,44.5316458549
YNL216W,37.234005207
YNL274C,47.3750158551
YOL094C,128.611337131
YPL110C,450.214734182
YPL218W,132.158636742
YBL087C,109.026135046
YBR102C,59.2280528413
YCR083W,41.1763270467
YDL072C,118.530369862
YGL106W,68.1776764485
YGR250C,51.5559311208
YGR266W,38.3503380245
YGR271C-A,155.654558889
YHL032C,61.6787707464
YHL039W,36.5482466184
YHR046C,93.6834716935
YHR076W,144.064606707
YHR117W,50.0445760748
YHR121W,60.2867124135
YIL083C,155.694061112
YIL108W,38.6173730509
YJR069C,151.704336605
YKL082C,57.347747034
YKR072C,43.8703786445
YLR113W,242.148626025
YLR199C,77.5207421952
YMR093W,24.3626009159
YMR259C,60.6841047753
YNL102W,36.0007458098
YNL104C,167.094402624
YNL192W,50.2089053219
YNL236W,68.4818435644
YOR320C,52.6130106041
YOR340C,166.936393733
YPL009C,56.0568143915
YPR028W,222.397514604
YPR143W,162.851863891
YBL035C,23.2020256088
YBR160W,104.317470083
YBR222C,128.635038465
YBR281C,43.6199345517
YCL031C,90.8235107597
YDL150W,67.0344821194
YDL178W,157.945687814
YDR071C,95.7533881705
YDR087C,91.8900707765
YDR266C,74.2009753875
YDR304C,65.715897921
YEL003W,58.4956816298
YEL032W,25.1826670622
YER022W,23.7289852616
YER083C,70.1970300802
YGL107C,41.9553108811
YGR027C,256.25091958
YGR043C,51.1008655136
YGR187C,24.3065077595
YHL002W,47.2154268748
YHL007C,84.3609471027
YHL030W,104.380673639
YHR009C,72.7567741204
YHR128W,164.945481702
YIL065C,62.8014239196
YIL074C,74.1788541428
YJL131C,122.433189478
YJL178C,156.128585563
YJR103W,95.7296868368
YJR144W,118.427664082
YKR003W,61.9260546614
YLR003C,70.6118034201
YLR025W,96.5750344056
YLR195C,26.3993355257
YMR193W,107.035223014
YNL154C,28.3791869346
YNL180C,34.7319344121
YNL256W,54.9009793511
YOL010W,54.2168008515
YOR089C,87.9477489368
YOR216C,62.7943135195
YOR286W,32.6154053122
YPL195W,42.6797816481
YPR105C,30.2618628753
YPR110C,109.808279058
R0020C,48.5987947188
YBR014C,132.048030518
YBR034C,100.414650466
YCR004C,245.229799407
YDL051W,73.3579979521
YDL213C,34.8844129923
YDR152W,586.789719438
YDR166C,61.7324937695
YDR228C,120.608186783
YDR257C,77.0506657434
YDR342C,65.5484084961
YDR508C,68.4684128086
YER134C,223.400871064
YGL068W,139.695660861
YGL112C,36.4976837732
YGL151W,28.2907019554
YGR097W,75.3062475827
YHR001W,53.4607283063
YHR089C,134.505068779
YIL020C,33.5223763487
YIL038C,71.4966532117
YIL091C,47.4548103453
YIL116W,79.2335585777
YJL036W,36.5869587968
YJL197W,23.1759541418
YKL014C,42.1117396836
YKL079W,28.4866329807
YKL112W,50.8780729768
YKR024C,64.7228120387
YKR067W,34.0169441787
YLR008C,167.837044414
YLR022C,59.0550331052
YLR033W,1527.94597955
YLR351C,131.834718515
YMR086W,20.3894673424
YMR208W,38.3850999806
YMR212C,32.0923958818
YMR247C,25.8644754284
YNL129W,25.1005024386
YNL169C,25.2980135529
YNL206C,129.638394925
YOL144W,94.0152903654
YOR276W,108.812823042
YOR370C,42.1646726622
YPL273W,242.180227803
YPR124W,56.7394128022
YBR081C,25.5184359563
YBR111C,1005.17356245
YBR154C,42.5510044016
YCL014W,18.6885016268
YDL015C,92.5300067865
YDL095W,68.3443758289
YDL205C,23.2280970759
YDL208W,184.878303348
YDR001C,116.736968944
YDR011W,55.533804961
YDR529C,118.625175196
YER148W,52.5616577144
YFL047W,35.5630611807
YFR050C,69.4741394022
YGL153W,43.2264924122
YGR078C,58.8322405684
YGR169C-A,41.7230378108
YGR202C,40.338089878
YGR232W,77.1217697445
YHR008C,68.1136828475
YHR169W,31.76768761
YIL118W,81.4693843906
YIR034C,99.4823980068
YJL180C,32.2725260179
YJR059W,26.7374745532
YJR062C,26.3637835252
YKL096W,100.114433572
YKL173W,14.5668396954
YKR028W,32.5245501997
YKR062W,41.6495636763
YLL036C,17.2324496929
YLR089C,47.5030030571
YLR163C,22.3432472842
YLR203C,149.381605902
YLR277C,40.7678740625
YLR450W,37.1202388052
YLR452C,147.611906318
YMR110C,52.083680818
YNL232W,18.25476722
YNL258C,34.2729185827
YNL281W,151.309314376
YOL126C,112.770945771
YOR132W,57.5642192152
YPL240C,808.531497142
YPL249C,42.617368136
YPR001W,82.7334555215
YPR055W,26.7374745532
YBL055C,102.042142047
YBR145W,81.3824795003
YBR273C,37.1921328508
YCR052W,51.0036900455
YDL116W,28.2764811552
YDL121C,49.3611876197
YDR293C,20.3981578315
YDR333C,70.5841518641
YDR390C,44.9250879944
YDR408C,262.350062787
YEL021W,721.571303777
YER020W,36.0481484772
YER171W,76.8365636956
YER177W,1155.91404482
YFL030W,59.0076304378
YGL231C,174.457616962
YHR001W-A,77.4188264603
YHR070W,30.4933459011
YHR188C,81.8170039516
YJL121C,32.1642899274
YJR014W,107.856869249
YJR113C,32.6872993578
YKL120W,104.815198091
YKR039W,41.3738381609
YLL011W,160.695042524
YLR051C,143.946100038
YML004C,44.6469923456
YML127W,20.5925087678
YMR014W,43.0029098309
YMR215W,93.5886663587
YNL005C,110.345509289
YNL157W,79.0755496863
YNL183C,39.5986082663
YOL055C,15.5717762446
YOR045W,16.4589961696
YOR112W,34.1607322698
YOR259C,76.2732619979
YOR265W,50.6758215959
YPR006C,112.842049772
YPR018W,24.8650691905
YPR097W,40.6896596612
YAL029C,95.5163748334
YBL032W,97.4519837527
YBL064C,87.7186360443
YBR003W,52.6651535382
YBR251W,127.015447328
YBR288C,19.9059601348
YDL173W,29.132099302
YDR358W,30.6308136366
YDR539W,95.5953792791
YER099C,50.9033543994
YGL020C,49.1012629934
YGL111W,60.8239426441
YGL164C,14.1931486673
YGL233W,57.2442512101
YGL246C,104.744094089
YGR270W,20.2741208517
YHR073W,19.966793558
YHR137W,73.5286475548
YHR141C,2957.92644645
YIL105C,35.4034722005
YJL101C,56.8958416047
YJL186W,42.2713286639
YJR072C,56.8832008933
YJR117W,84.4873542158
YJR134C,34.9183849039
YKL106W,131.82681807
YLR045C,35.4556151346
YLR262C,80.5213310424
YMR237W,59.7968848502
YNL067W,62.5367590266
YNL160W,82.7650572998
YNL207W,22.3882798183
YNR003C,37.9948180189
YNR013C,49.5602788228
YNR015W,43.184620056
YNR035C,39.6065087109
YOL023W,34.2634380492
YOL080C,39.521973954
YOR091W,151.435721489
YPR190C,169.203821324
YAR042W,52.9100673198
YBR029C,54.7161089482
YBR073W,29.6637992214
YBR192W,57.1549761865
YCR057C,60.3080436138
YDL102W,116.160236491
YDL125C,193.481887483
YDL135C,57.4512428578
YDL237W,129.938611818
YDR093W,33.4654931478
YDR412W,94.718429932
YDR516C,192.241517686
YDR530C,65.2118495575
YER004W,36.2622505251
YER008C,17.8818662364
YFR004W,108.149185698
YFR051C,124.258192174
YGL115W,24.6122549643
YGL196W,66.2136259288
YGL238W,961.879126217
YGR086C,93.2726485759
YGR194C,25.4022994212
YGR208W,182.081545971
YHR062C,37.8225883273
YHR066W,28.2504096881
YIL036W,35.0408417948
YJL081C,30.311635676
YJL155C,23.2502183207
YJL168C,33.507365504
YJL217W,90.1440725268
YJR041C,40.9290431317
YKR026C,404.637069466
YKR079C,117.495411623
YLR017W,182.674079313
YLR026C,56.8357982259
YLR071C,9.5737587281
YLR225C,68.3143541395
YLR324W,13.6337971919
YLR387C,462.357717484
YML015C,38.6481847847
YML071C,42.5312532902
YML094W,64.6027252812
YMR192W,17.0855014239
YNL100W,51.2422834714
YNL163C,19.435883683
YNL251C,59.0676738165
YNL315C,61.1391703824
YOR051C,194.540547055
YOR056C,35.594662959
YOR289W,100.69906647
YPL169C,34.496501164
YPL204W,16.7457823074
YPR144C,55.9691194568
YPR169W,250.973422608
YAL053W,63.9169666927
YBR236C,62.5731010716
YCL044C,25.5847996907
YDL099W,23.5772967258
YDL141W,65.596601208
YDR303C,29.7601846452
YDR505C,25.4394315106
YEL011W,64.7591540837
YER044C,98.0129153171
YER127W,55.1474732216
YGL066W,93.7308743609
YGL130W,18.2784685537
YGL145W,35.5567408251
YGL169W,38.1354459322
YGR033C,11.8127447189
YGR048W,141.947287563
YGR076C,64.2653762982
YGR157W,58.9452169257
YGR248W,45.500240359
YGR252W,27.3292178514
YHL004W,338.146927977
YHR077C,78.6955383026
YHR088W,145.526188952
YHR201C,73.5499787551
YJL068C,91.6451569948
YJL122W,31.7550468987
YJL165C,16.0813549192
YKL001C,258.589451172
YKL033W-A,1480.14828991
YKL155C,32.2630454845
YKR038C,136.345872364
YLR074C,161.682598095
YLR096W,27.2675943838
YLR114C,16.4929680812
YLR166C,27.7834934141
YLR181C,74.5651858822
YLR441C,264.459481487
YML117W,44.2835718955
YMR285C,48.7386325877
YNL004W,66.4585397104
YNL041C,51.5772623211
YNL049C,76.1405345291
YOR158W,22.1512664812
YOR173W,3541.53228673
YOR196C,40.3096482775
YOR288C,41.2213595807
YPL190C,38.5834011393
YPR060C,104.033054078
YPR103W,93.801978362
YAL019W,115.504499592
YAL042W,35.1601385077
YAL059W,93.9836885871
YAL062W,34.9318156597
YBR151W,56.0773555474
YDR272W,85.9173346827
YDR294C,50.7658866639
YDR311W,19.0108397652
YDR337W,87.1024013679
YDR348C,27.3710902076
YDR372C,110.50351818
YDR407C,30.0983236727
YDR498C,22.100703636
YER182W,33.1755468321
YGL095C,55.241488512
YGL191W,39.8940848932
YGR001C,152.755095732
YGR152C,77.8667816673
YGR174C,33.3896488799
YGR189C,32.4099937534
YGR275W,24.627265809
YHR085W,644.889588795
YIL104C,15.3987565085
YJL042W,34.4214469406
YJL112W,17.5626882758
YKL134C,22.2768835499
YKL193C,77.2094646792
YKR043C,51.2944264056
YLR002C,22.2484419494
YLR018C,51.9635940605
YLR038C,124.345097064
YLR328W,29.6637992214
YLR397C,48.5932644076
YML017W,66.1709635281
YML124C,21.9600757227
YMR090W,192.344223465
YNL111C,557.874092317
YNR030W,65.2782132919
YOR043W,24.6154151421
YOR052C,21.9276838999
YPL215W,96.9384548557
YPR127W,54.6118230799
YBL005W-B,14.1963088452
YBL011W,17.4528720963
YBL101C,9.1179030765
YBR117C,22.6063320884
YBR126C,24.7078503436
YBR130C,63.7597478458
YCL017C,27.9723140393
YDR163W,19.2936756808
YDR232W,180.62786417
YDR481C,109.081438158
YDR494W,27.0108299353
YER042W,36.0394579882
YER062C,202.05386984
YER105C,48.1579499119
YER114C,11.8230152968
YER138C,79.7628883638
YER143W,32.4131539313
YFR015C,75.3765615393
YGL082W,79.6838839181
YGL119W,15.5378043329
YGR093W,41.5721393196
YHR012W,192.036106127
YHR167W,38.1259653988
YIL027C,52.3704669558
YIL088C,34.0303749344
YIL093C,71.6001490356
YIR008C,782.317822064
YJL053W,33.9877125338
YJL066C,38.0682921534
YJL098W,25.7056764926
YJL104W,54.847256328
YJR095W,46.9784135378
YKR023W,37.5705641456
YLR178C,35.4224332674
YLR185W,199.075402238
YLR262C-A,168.690292427
YML001W,86.7626822515
YMR091C,20.7987103711
YNL016W,151.570029047
YNL161W,13.952185108
YNR022C,36.1058217226
YOL038W,94.3629099264
YOL059W,320.268221919
YOR175C,224.183015076
YOR176W,101.173093144
YOR267C,45.3896341351
YPL001W,27.9486127056
YPL128C,22.5944814215
YPL207W,28.5443062261
YPR008W,8.6501967581
YPR141C,15.3608343746
YAL017W,13.9861570197
YAR035W,29.9798170042
YBL026W,36.4518611947
YBR139W,468.47266158
YBR171W,415.2789683
YBR202W,82.4648404062
YCL028W,71.7763289495
YCR087C-A,87.1972067028
YDL010W,16.6138448831
YDL086W,15.1135504596
YDL107W,43.9691342016
YDL202W,31.2083361346
YDL235C,34.9112745038
YDR063W,49.4836445105
YDR068W,51.3481494286
YDR141C,52.3341249108
YDR515W,15.5401744663
YER002W,84.0449293199
YER125W,91.147428987
YER141W,60.1595152559
YER157W,16.6272756389
YER159C,34.7911877464
YFL001W,46.9452316706
YGL187C,225.091566202
YGL211W,32.8682195384
YGR028W,26.1631122331
YGR040W,66.9483672736
YGR081C,17.4497119185
YGR100W,57.0759717408
YHL013C,14.7698811208
YHR030C,37.1810722284
YHR065C,34.0493360014
YHR069C,15.6736919795
YHR132C,55.0605683314
YHR187W,80.0789061465
YHR207C,54.6307841469
YJR034W,55.5124737607
YJR080C,31.1467126669
YJR093C,28.8666443645
YKR025W,98.4474397683
YLR090W,66.6568408691
YLR148W,24.1271676678
YLR301W,230.653479178
YLR312W-A,117.234696952
YLR430W,28.6604427612
YLR435W,29.6037558427
YML055W,38.515457316
YMR124W,13.640907592
YMR149W,133.454309651
YMR183C,77.8667816673
YMR277W,8.0900552382
YMR304W,57.923689443
YNL153C,49.4575730434
YNR017W,59.9280322301
YPL050C,15.8490818489
YPL211W,56.1136975924
YPR133W-A,46.4459235739
YAL023C,29.1692313914
YBL054W,9.0128271638
YBR082C,287.615684517
YBR120C,189.634370978
YBR199W,896.858467418
YBR261C,57.192108276
YCR072C,29.8107474904
YDL067C,92.5300067865
YDL188C,115.030472918
YDL189W,26.2855691239
YDL219W,64.7386129278
YDR017C,57.4409722799
YDR061W,52.6983354054
YDR116C,104.175262081
YDR320C,40.5703629483
YDR458C,30.9792232421
YEL052W,31.8806639673
YEL056W,36.1066117671
YER175C,21.0459942861
YFL017C,117.187294285
YFR007W,8.5174692893
YGL050W,23.0700881845
YGL062W,32.7781544703
YGL221C,90.799809426
YGL252C,47.1688142519
YGL256W,16.4115935022
YGR084C,28.1311129751
YHR148W,206.983747251
YIL064W,64.7172817275
YIL148W,26.5107317941
YIR038C,347.595859681
YJR042W,62.1685983097
YKL065C,259.205685849
YKR035W-A,278.119350146
YLL015W,14.0817523989
YLR291C,48.9819662804
YLR295C,163.136279895
YLR348C,15.0677278811
YML016C,44.0228572247
YMR004W,25.9158283181
YMR074C,152.597086841
YMR080C,40.2227433873
YMR128W,40.144528986
YMR213W,12.6699429545
YMR228W,22.9334104935
YMR297W,52.4368306902
YNL250W,7.5377351584
YNL267W,13.6891003039
YNL298W,8.0134209259
YNR019W,48.5371712512
YNR054C,33.3801683465
YOL115W,18.2753083759
YOL141W,20.7971302822
YOR074C,49.391209309
YOR100C,23.7992992182
YOR122C,50.4949014152
YOR271C,73.7427496026
YPL118W,25.927678985
YPL208W,55.4350494039
YPR029C,27.7179197242
YPR048W,28.7844797409
YAL026C,34.1093793801
YBL085W,148.836475226
YBR146W,21.9924675454
YDL025C,23.3363331665
YDL092W,33.626662217
YDL166C,48.7741845882
YDR097C,16.497708348
YDR221W,8.4969281334
YDR237W,52.4471012681
YDR297W,33.9442600886
YDR381C-A,57.4828446361
YEL020W-A,30.614222703
YEL038W,35.3165673102
YFL028C,119.470522765
YGL023C,20.4218591652
YGL037C,54.9863041524
YGR008C,15.0013641467
YGR198W,53.9481857361
YHR023W,23.2462680984
YHR056C,17.8858164587
YHR133C,71.3678759653
YHR154W,12.9361879365
YIL021W,48.4518464498
YIL048W,9.5081850382
YIR012W,178.494744137
YJL154C,18.2452866865
YJR003C,41.8138929234
YJR010W,13.4268055442
YJR032W,19.9762740915
YJR130C,54.1962596956
YJR143C,29.8328687352
YKL005C,21.0815462866
YKL047W,71.1087413834
YKL069W,58.554934964
YKL094W,28.5300854258
YLR372W,96.6303375176
YLR414C,31.5433149843
YLR418C,16.4194939468
YML036W,16.003140518
YML096W,33.5974305721
YMR305C,32.8263471822
YNL062C,27.1561981154
YNL181W,41.7483192334
YNL186W,24.7212810994
YNL262W,13.0452140715
YNL264C,32.9717153623
YNL330C,30.558919591
YOR101W,24.3396896267
YOR226C,14.5233872503
YOR304W,58.3716446501
YPL227C,200.694993374
YPR058W,99.9485242363
YBL023C,19.0993247444
YBL104C,25.7649298269
YBR052C,30.9405110637
YCR011C,11.0685228405
YDL101C,25.8621052951
YDR031W,13.8194576393
YDR330W,14.2247504456
YDR391C,13.3778227879
YDR399W,54.4395933883
YDR424C,80.5845345989
YEL043W,16.4653165253
YER050C,16.7718537745
YER078C,12.2132972585
YER112W,194.145524827
YER133W,42.039845638
YER174C,20.2006467172
YFL002C,23.190174942
YFL007W,14.4902053831
YGL172W,69.9939886548
YGL210W,83.7447124263
YHR003C,53.6092566642
YHR045W,55.3102223798
YHR135C,18.2492369088
YHR147C,71.6546621031
YIL130W,25.6811851144
YJL005W,38.3487579356
YJL063C,38.6908471854
YKL032C,21.495529582
YKL091C,18.5802655362
YKL100C,26.4854503715
YKL113C,340.777776019
YKR018C,149.910935688
YKR085C,20.8058207712
YLR052W,37.4299362323
YLR172C,24.3294190488
YLR214W,29.0444043673
YLR226W,18.8670516741
YLR347C,24.0394727331
YML105C,36.1792958571
YMR005W,192.257318575
YMR075W,11.4422138686
YNL149C,73.4125110196
YNL253W,80.5924350435
YOL077W-A,29.9474251814
YOR004W,20.0039256475
YOR076C,11.8680478308
YOR123C,68.8942467709
YOR150W,144.775646718
YPL059W,32.5585221113
YPR047W,45.042014574
YPR062W,414.891846516
YPR162C,10.600816522
YBR031W,2201.61688791
YBR077C,17.9924724603
YBR214W,56.0117818574
YBR272C,49.0032974807
YCR047C,39.585967555
YDL003W,14.0272393314
YDL005C,20.4352899209
YDL161W,119.581128989
YDR161W,58.8243401238
YDR202C,17.8249830355
YDR316W,25.3256651088
YDR429C,17.2553609821
YDR519W,946.473259309
YFL029C,68.4391811637
YFL037W,9.9205882447
YFL041W,61.2521467397
YFR006W,77.0506657434
YFR025C,46.7255993116
YGL040C,143.195557804
YGR002C,13.0396837603
YGR017W,71.592248591
YGR026W,114.477441798
YGR083C,15.7337353582
YGR191W,8.9843855633
YGR210C,13.1471298065
YGR267C,20.9298577509
YHR013C,636.594121998
YHR034C,10.8607411483
YHR143W-A,21.3517414909
YHR163W,167.90024797
YIL015W,12.2938817931
YIL103W,9.429970637
YIR035C,22.5668298655
YJR142W,69.9568565653
YKL077W,112.431226655
YKL088W,5.9416083422
YKL184W,27.8656580376
YKL192C,111.570078197
YKL214C,13.5105502566
YKR042W,31.4556200496
YKR060W,54.7911631716
YLR065C,8.5933135572
YLR115W,33.2521811444
YLR182W,9.0870913427
YLR220W,51.1127161805
YLR268W,39.2430882608
YLR290C,52.0504989508
YLR363C,13.6211564806
YLR449W,133.833530991
YML034W,47.9944107093
YML049C,6.4056014517
YML074C,19.0219003876
YMR267W,24.12400749
YMR298W,120.458078336
YNL075W,29.9134532698
YNL113W,33.9331994663
YOL070C,21.7917962533
YOL093W,18.8307096291
YOR094W,836.420066469
YOR141C,55.7431667421
YOR238W,39.6649720007
YOR252W,57.4883749473
YOR336W,10.3938248743
YPL265W,31.567016318
YPR156C,49.4164907316
YPR172W,12.6509818876
YAL039C,19.0045194096
YAR014C,12.4471504177
YBL029C-A,19.2881453696
YBR041W,22.8038432026
YBR179C,218.328785651
YBR234C,57.7712108628
YCR002C,63.1948660591
YCR027C,31.8056097439
YDL042C,9.9498198896
YDL047W,68.901357171
YDR021W,21.2142737554
YDR044W,32.281216507
YDR056C,19.4485243943
YDR164C,25.1842471511
YDR178W,176.1483121
YDR195W,35.0021296164
YDR377W,91.9690752221
YDR394W,32.5980243342
YER012W,137.570441272
YER072W,80.0947070357
YER087C-B,43.5243391724
YER101C,20.1097916047
YER164W,53.960036403
YFR001W,10.8496805259
YFR031C,24.0560636667
YFR047C,40.7899953073
YGL019W,70.6813273323
YGL041W-A,18.804638162
YGL094C,16.1935412321
YGL226C-A,87.2999124821
YGR091W,58.8053790569
YGR220C,10.8773320819
YGR235C,23.6365500601
YGR276C,24.113736912
YHR138C,39.8585328926
YIL110W,98.3763357672
YIL145C,179.450697929
YJL140W,24.4155338946
YJL141C,14.2366011125
YJR051W,20.442400321
YKL027W,59.4484752447
YKL110C,16.864288976
YKL119C,17.4828937857
YKL218C,9.83289331
YKR070W,10.2658376723
YLR005W,46.0904035683
YLR066W,48.3807424487
YLR108C,16.7734338634
YLR118C,11.3521488005
YLR139C,18.2982196651
YLR305C,6.5083862356
YLR413W,25.0768011049
YMR022W,87.6475320432
YMR070W,68.6311619667
YMR134W,16.4898079034
YMR157C,39.9004052489
YMR255W,782.333622953
YNL035C,14.3400969363
YNL091W,12.1643145022
YNL110C,311.475027114
YNL271C,39.6784027565
YNL272C,31.6649818306
YNL290W,75.2525245596
YOL077C,59.2083017299
YPL115C,29.6677494437
YPL161C,11.1514775085
YPR019W,82.7334555215
YPR025C,21.2664166895
YPR052C,71.6720430812
YPR154W,21.78942612
YPR161C,14.9539614793
YAL030W,146.956169419
YAL049C,172.632614267
YBL098W,43.2920661021
YBR074W,20.2385688512
YBR085C-A,48.5656128516
YBR093C,22.3953902184
YBR262C,14.3558978255
YBR267W,23.7052839278
YCR042C,27.9944352841
YDL088C,22.2942645279
YDL128W,36.6193506195
YDR036C,14.3811792481
YDR089W,12.103481079
YDR119W,58.7516560338
YDR156W,73.9647520949
YDR295C,22.9128693376
YDR432W,307.090280378
YDR470C,60.5948297516
YDR500C,36.8468834231
YEL015W,34.5810359209
YER071C,18.0303945943
YER088C,25.0530997712
YFL013C,17.7380781452
YFL036W,26.3408722359
YGL067W,14.519437028
YGL125W,15.5259536661
YGL213C,29.8312886463
YGL224C,11.8996496091
YGL227W,13.3185694536
YGR021W,19.6594662643
YGR092W,37.9213438844
YGR111W,7.6600340403
YGR112W,81.1928688307
YGR136W,26.7295741087
YGR255C,11.9043898758
YGR271W,5.3257686881
YHL003C,13.9482348857
YHL031C,17.9419096151
YHR051W,77.900753579
YHR113W,17.2719519157
YHR198C,11.9699635658
YIL016W,22.0635715465
YIL026C,11.7305800953
YIL062C,50.5304534158
YIL106W,25.9932526749
YIR001C,53.4251763057
YJL179W,36.2796315031
YJR112W,10.830719459
YJR132W,9.2601110788
YKL002W,10.9910984837
YKL099C,32.2543549954
YKR095W-A,28.65491245
YLR063W,8.221202618
YLR077W,19.1949201237
YLR134W,16.6833687953
YLR143W,141.710274226
YLR209C,28.8239819638
YLR286C,61.7925371482
YLR345W,30.2800338978
YLR356W,615.981862118
YLR362W,8.9930760524
YML123C,60.4447213048
YMR174C,17.0633801791
YMR214W,40.1966719202
YMR219W,13.1447596731
YMR276W,95.6743837248
YNL026W,30.0114187824
YNL044W,51.8071652581
YNL215W,10.2539870055
YNL265C,19.7116091985
YNR037C,12.2053968139
YOL005C,54.0003286703
YOL124C,16.7457823074
YOL142W,12.4368798398
YOL143C,36.6833442206
YOR118W,5.2145304286
YOR160W,22.5462887096
YPL040C,20.4582012102
YPL086C,15.4501093982
YPL104W,38.4088013143
YPL125W,11.3189669333
YPL270W,11.5275386699
YPR063C,37.7119821034
YPR113W,75.794495057
YPR128C,7.023416217
YPR139C,10.0462053133
YPR155C,12.1342928128
YPR168W,57.9924233108
YBL028C,12.7568478448
YBL041W,20.2899217409
YBL086C,8.4479453771
YBR055C,31.9644086798
YBR204C,9.3493861024
YBR244W,18.2839988649
YCR054C,7.3968702317
YDL167C,12.3815767278
YDL181W,12.8887852691
YDL209C,17.6535433884
YDL234C,14.8583661
YDR032C,295.832146868
YDR153C,30.4870255455
YDR169C,19.5615007517
YDR204W,11.3410881781
YDR222W,12.1342928128
YDR248C,26.4111861926
YDR376W,23.454839835
YDR400W,23.2186165424
YDR532C,9.099732054
YER016W,8.4463652882
YER017C,23.7692775288
YER047C,6.4861069819
YER056C,16.7592130632
YER068W,13.6732994147
YER139C,38.1370260212
YER166W,27.8111449701
YFL034C-A,33.7301580408
YFL044C,11.6160236491
YFR032C-A,2.7604153322
YGL017W,6.6642620069
YGL117W,25.7744103603
YGL140C,7.3016698747
YGL189C,35.1206362849
YGL201C,65.0238189767
YGR082W,52.0410184173
YGR237C,38.5778708281
YHR043C,33.2553413223
YHR059W,14.3053349802
YHR094C,103.803941186
YHR206W,7.2072595621
YIL003W,29.8692107802
YIL030C,20.4582012102
YIL068C,39.3979369743
YIL111W,29.7372733559
YIL156W-B,15.4927717989
YIL162W,23.1443523635
YJL082W,22.0572511909
YJL117W,21.5887548279
YJR066W,5.8287899938
YJR096W,286.801938726
YKL025C,24.7370819885
YKL191W,17.6314221436
YKL207W,17.8368337023
YKR027W,15.2581285952
YLR048W,18.5028411795
YLR095C,6.7962784356
YLR292C,54.8812282397
YLR299W,8.6217551576
YLR395C,52.0386482839
YLR433C,8.1090163051
YML013W,13.2316645634
YMR044W,4.2539943779
YMR135C,43.2968063689
YMR165C,8.3965924874
YMR196W,130.246729157
YMR275C,7.2587704607
YMR295C,21.5310815826
YNL039W,9.960880512
YNL177C,9.0697103647
YNL277W,18.9247249194
YNR027W,14.0169687535
YNR034W,12.0402775224
YOL031C,26.2602877013
YOL071W,91.0052209848
YOR090C,10.336151629
YOR119C,27.7171296797
YOR138C,118.190650745
YOR143C,19.7171395097
YOR212W,376.748500139
YOR227W,30.8385953288
YOR281C,53.5737046636
YPL031C,26.2776686794
YPL206C,14.1852482228
YPL245W,15.5962676227
YPL259C,29.4133551286
YPL274W,36.6983550652
YPR023C,7.2839728788
YPR073C,26.9239250451
YPR179C,11.8238053412
Q0045,21.6914606073
R0040C,18.4230466893
YBL016W,21.7499238971
YBL090W,6.4693580394
YBR087W,14.7532901873
YBR230C,36.8729548902
YBR242W,12.6399212652
YBR269C,22.7287889792
YBR291C,11.067732796
YCL011C,40.8737400197
YCR071C,16.9504038218
YCR086W,7.0171748658
YDL079C,61.7269634583
YDR054C,14.3479973809
YDR231C,53.8731315127
YDR328C,35.1032553068
YDR405W,20.5743377453
YDR473C,23.3418634777
YGR296W,3.8317946202
YEL050C,25.6179815579
YFR033C,88.9590058415
YGL012W,18.5360230467
YGL159W,29.3446212609
YGL223C,14.6592748969
YGL241W,8.7694934711
YGR013W,14.6956169419
YGR089W,6.3137982858
YGR105W,17.8715956584
YGR106C,37.4789189886
YGR140W,8.129557461
YGR274C,7.066315631
YGR277C,50.9626077337
YGR279C,98.6054486597
YGR281W,23.9778492655
YGR283C,38.4933360712
YGR286C,9.8471141102
YHR011W,14.6458441411
YHR122W,23.3837358339
YHR132W-A,22.5202172426
YIL034C,26.759595798
YIL044C,89.0854129546
YJL073W,12.7955600232
YJL124C,46.1567673027
YJL166W,47.1498531849
YJR063W,36.0473584328
YKL078W,6.7622275195
YKL105C,2.1102877487
YKL160W,14.849675611
YKR029C,8.5941036016
YKR077W,1882.99195846
YLL022C,38.8133040762
YLR078C,31.2667994244
YLR142W,13.3161993202
YLR200W,26.6410891295
YLR221C,27.977054306
YLR258W,53.3390614599
YLR319C,22.0288095904
YLR386W,8.5332701785
YML067C,26.7611758869
YMR039C,27.8206255036
YMR202W,46.8749177139
YMR244C-A,36.2598803917
YMR301C,11.5014672029
YNL027W,39.7344959129
YNL147W,16.8413776867
YNL155W,34.6213281882
YNL288W,23.6460305936
YNR034W-A,53.5500033299
YOL025W,6.6731895093
YOL042W,26.8536110884
YOL053W,14.1583867112
YOL083W,8.615434802
YOL103W-B,14.804643077
YOR078W,19.5212084844
YOR111W,32.4376453094
YOR157C,40.8231771745
YOR275C,20.2749108962
YPL006W,5.9359200221
YPL015C,24.9417035028
YPL067C,63.6696827777
YPL070W,15.2241566835
YPL122C,16.6936393733
YPL193W,15.4090270864
YPL221W,12.6849537992
YPL246C,11.7131991173
YAL025C,5.5749487098
YAL041W,27.7503115469
YBL057C,17.2000578701
YBL078C,18.4388475785
YBR006W,12.3025722821
YBR022W,31.2715396911
YBR028C,10.4957406093
YBR083W,42.479110356
YBR264C,9.310673924
YCL034W,12.6841637548
YCL057C-A,78.0532321592
YCR024C,7.3452803287
YCR028C-A,87.5211249301
YCR034W,258.763260953
YDL027C,29.5152708635
YDL044C,7.8207290828
YDL207W,24.3807719385
YDL217C,10.903403549
YDL224C,41.5373773635
YDR081C,9.2213989004
YDR096W,69.6582197606
YDR175C,10.9318451495
YDR200C,25.6495833362
YDR216W,27.7740128806
YDR227W,9.5682284169
YDR312W,4.0064734496
YDR345C,44.594059367
YDR460W,16.2614850554
YDR490C,16.9504038218
YDR517W,21.5081702933
YDR531W,12.4487305066
YEL017W,62.336877779
YER067W,27.4745860315
YER128W,5.1129307114
YER142C,11.6397249828
YER149C,7.0733470266
YFR038W,41.8178431456
YGL036W,10.739074302
YGL061C,65.1794577347
YGL083W,22.7011374232
YGL108C,6.7975425068
YGR005C,9.1518749882
YGR009C,22.092013147
YGR072W,6.6951527452
YGR147C,21.8605301211
YGR158C,6.1200003806
YGR165W,27.043221758
YHR028C,55.1901356223
YHR097C,15.5133129547
YHR192W,7.0430093195
YHR199C,55.2019862892
YHR209W,29.7198923779
YIL070C,158.506619378
YJL002C,82.4885417399
YJL031C,13.5010697231
YJL159W,21.6487982067
YJL164C,15.4959319767
YJL192C,19.0116298097
YJL203W,14.8172837883
YJR005W,11.3655795563
YJR067C,4.8350720759
YJR094W-A,25.0736409271
YJR101W,24.0924057117
YJR111C,70.6568359541
YJR131W,5.9927242186
YKL021C,31.584397296
YKL141W,34.185223648
YKL194C,18.2721481981
YKL203C,21.1210485095
YKR092C,36.3531056376
YLL029W,5.9845077562
YLR059C,10.4957406093
YLR068W,45.2118741323
YLR146C,8.513519067
YLR201C,6.4711751416
YLR336C,9.5587478835
YLR373C,17.6298420547
YLR412W,40.0702648071
YLR438C-A,11.7858832073
YLR440C,37.5113108113
YLR454W,11.4943568027
YML110C,18.2365961975
YMR011W,34.935765882
YMR060C,7.3988453429
YMR158W,15.9383568725
YMR287C,5.4743760504
YNL052W,110.495617735
YNL108C,31.2770700023
YNL151C,9.6780445964
YNL199C,24.2235530915
YNL306W,10.6632300341
YNL323W,22.723258668
YNR029C,5.813226118
YOL066C,36.2527699916
YOL147C,18.1054488177
YOL149W,68.8073418806
YOR035C,10.6292581225
YOR065W,59.0242213714
YOR174W,86.8179853635
YOR201C,12.1911760137
YOR353C,8.7758138267
YPL049C,13.5619031463
YPL053C,33.9363596441
YPL096W,22.539968354
YPL198W,50.2254962555
YPL254W,7.4520943393
YPL263C,10.6576997229
YPR180W,24.6122549643
YAL010C,3.4758795924
YBL038W,22.4025006185
YBL061C,14.638733741
YBR059C,15.1103902818
YBR229C,10.9523863053
YBR233W,3.4599206943
YBR265W,23.1672636527
YBR302C,7.7361943259
YCL001W,7.9312563023
YCR051W,18.776986606
YCR090C,38.4174918033
YDL087C,19.9265012907
YDL193W,35.8087650068
YDR005C,13.1028873169
YDR041W,9.576918906
YDR098C,7.9028147019
YDR197W,6.988496252
YDR326C,8.4147635099
YDR329C,4.5956096011
YDR389W,3.2714160869
YDR468C,5.2042598506
YDR472W,10.0130234461
YDR511W,19.8727782677
YEL044W,12.1682647244
YER077C,7.4598367749
YER123W,49.5523783782
YER154W,6.0205337834
YFL010C,19.3489787928
YFL034C-B,19.6318147083
YFR039C,20.717335792
YGL016W,19.499877284
YGL039W,33.6195518169
YGL064C,12.8998458915
YGL181W,13.0420538937
YGL220W,21.8194478093
YGL222C,14.0651614653
YGR024C,10.8370398146
YGR251W,12.0197363665
YHR017W,9.4173299257
YHR205W,16.1967014099
YIL124W,15.453269576
YIL140W,8.4021227986
YIL143C,4.1749109278
YJL084C,6.3295201705
YJL171C,17.2158587593
YJL204C,7.6025188038
YJR008W,9.9719411344
YJR033C,13.1716211846
YJR040W,6.2683707296
YJR049C,18.0706868616
YJR075W,13.1660908734
YJR135W-A,20.1145318715
YKL039W,18.4506982453
YKL041W,12.7394668667
YKL042W,6.889582686
YKL059C,7.3022229058
YKL074C,16.3586605236
YKL092C,13.0357335381
YKL190W,67.445305237
YKR049C,29.1241988574
YKR074W,20.3626058309
YKR090W,6.7307837502
YLL032C,20.9045763283
YLR072W,8.9772751632
YLR104W,9.2561608565
YLR206W,14.8172837883
YLR274W,68.7449283685
YLR284C,8.2614948853
YLR357W,44.9472092392
YLR405W,8.3721011093
YLR447C,45.5500131598
YML018C,5.6087626125
YML032C,5.0044576075
YMR059W,1234.28645494
YMR130W,15.9652183841
YMR140W,10.2650476279
YMR152W,6.6892274117
YMR188C,19.0139999431
YMR216C,7.4347923657
YMR227C,9.2055980112
YMR231W,6.6970488518
YMR272C,11.0803735073
YMR312W,31.0582276878
YNL020C,7.1901946018
YNL021W,6.3698914423
YNL076W,11.7519112957
YNL124W,7.307042177
YNL156C,82.2594288474
YNL197C,35.366340111
YNL280C,4.5173161954
YNL310C,6.6443528866
YNR012W,11.7890433851
YNR018W,45.6669397394
YNR033W,17.8210328132
YNR049C,6.7645976529
YOL008W,4.2715333649
YOL088C,64.7141215497
YOL130W,16.2219828325
YOR085W,19.1806993235
YOR155C,28.8184516526
YOR220W,28.5292953814
YOR233W,13.8352585284
YOR236W,56.5545423993
YOR253W,137.064812819
YOR257W,12.1714249023
YOR280C,14.8796973004
YOR287C,10.0090732239
YPL051W,19.757431777
YPR051W,9.732557664
YPR056W,143.235060027
YPR114W,6.3295201705
YPR165W,50.0911886978
YPR174C,7.8783233237
YPR187W,65.897608146
YAL001C,16.0126210515
YAL013W,26.4506884154
YAL034W-A,17.0444191121
YBL001C,30.7232488381
YBL034C,171.423846248
YBL046W,5.2010996728
YBL056W,10.3606430072
YBL067C,10.3456321625
YBL082C,70.2128309694
YBR010W,53.2679574588
YBR133C,5.8411936917
YBR176W,53.8739215572
YBR246W,11.9747038325
YCR060W,19.4564248389
YDL017W,37.8613005057
YDL061C,66.5509749118
YDL085W,5.7200008721
YDL098C,6.7451625593
YDL110C,36.7378572881
YDL111C,29.7712452676
YDL113C,9.0831411204
YDL164C,23.326852633
YDR049W,46.5304583308
YDR051C,20.2512095625
YDR177W,30.8243745285
YDR301W,4.5854180276
YDR322C-A,17.128953869
YDR435C,25.7001461814
YDR452W,9.8802959774
YDR510W,70.9444121364
YEL001C,12.1453534352
YEL039C,27.8308960815
YEL053C,43.0447821871
YER048W-A,11.973913788
YER107C,10.3140303842
YER176W,14.8480955221
YFL021W,19.7511114213
YFL049W,24.5103392294
YGL002W,13.8802910624
YGL056C,15.2312670837
YGL091C,74.7974589525
YGL178W,20.2306684066
YGL205W,3.3576889416
YGL225W,14.7651408541
YGL236C,26.3787943698
YGL255W,30.2871442979
YGR156W,12.1832755691
YGR263C,5.1967544283
YGR278W,19.1996603904
YHR033W,31.5662262735
YHR115C,11.8451365416
YIL035C,65.0032778209
YIL039W,69.1059786853
YJL011C,43.7115797087
YJL029C,8.8943204952
YJL173C,16.7908148415
YJL208C,5.1106395825
YKL007W,25.7815207605
YKL018W,34.9697377936
YKL139W,15.5883671781
YKL170W,10.8749619486
YKR065C,43.184620056
YKR078W,2.4060803933
YLL010C,3.3130514298
YLR006C,4.6121215302
YLR055C,12.103481079
YLR080W,4.7190935497
YLR093C,87.979350715
YLR237W,9.3857281474
YLR275W,54.6347343691
YLR439W,12.7323564666
YML006C,3.3571359105
YML019W,8.2836161301
YML046W,15.4271981089
YMR058W,10.9207845271
YMR098C,2.2135465592
YMR139W,39.4832617756
YMR161W,25.7657198713
YMR167W,2.1036513753
YMR184W,10.0825473583
YMR197C,22.2041994598
YMR233W,6.6301320864
YMR239C,19.2288920353
YMR264W,16.845327909
YMR282C,10.2026341158
YMR291W,32.0355126809
YNL050C,8.7576428042
YNL068C,4.0254345166
YNL074C,5.5977809946
YNL217W,15.8253805152
YNL233W,17.7997016129
YNR046W,8.8816797839
YOL032W,203.760365867
YOL034W,38.5423188275
YOL060C,8.6525668914
YOR130C,20.8445329496
YOR390W,11.7637619625
YPL058C,12.7244560221
YPL074W,32.2748961513
YPL112C,5.1907500904
YPL271W,44.5118947435
YPR016C,30.4451531892
YPR045C,44.6872846129
YPR089W,9.0230977417
YPR176C,5.8152012291
YPR184W,22.4633340417
YBR061C,10.7967475473
YBR091C,4.9414120598
YBR096W,39.2881207948
YBR110W,7.0164638258
YBR123C,29.9979880267
YBR125C,12.1382430351
YBR164C,82.2436279583
YBR187W,8.2622849298
YCR035C,30.2903044757
YDL076C,9.0918316095
YDL108W,393.702854183
YDL115C,4.2525722979
YDL212W,22.3179658616
YDL230W,9.0065068081
YDR020C,38.8599166992
YDR086C,72.0891865544
YDR088C,7.4452999569
YDR296W,52.1137025073
YDR339C,32.5814334006
YDR397C,18.438057534
YDR485C,9.9442895784
YDR514C,6.9850200564
YER013W,58.8030089235
YER034W,7.5446085452
YER087W,11.9778640103
YER163C,20.7955501933
YFL059W,8.8840499173
YFR005C,8.1587891059
YGL005C,9.1976975667
YGL031C,4234.63828873
YGL101W,21.2245443333
YGL212W,10.1236296701
YGL242C,15.7677072699
YGR020C,19.5812518631
YGR150C,126.098995758
YGR163W,9.3272648576
YGR256W,16.5308902152
YGR260W,7.9802390587
YGR284C,40.0844856073
YHR040W,10.8362497702
YHR084W,7.9731286586
YHR111W,13.9908972864
YHR165C,13.7546739938
YIL129C,8.5056186225
YIR021W,12.1635244577
YIR030C,24.3483801157
YJL062W-A,2.9106027835
YJL161W,20.6367512574
YJR076C,96.3617224022
YJR083C,14.3345666251
YJR090C,24.865859235
YKL019W,4.380401491
YKL022C,36.0678995887
YKL130C,137.538839493
YKL165C,3.530234651
YKR020W,5.5785039098
YKR031C,5.7660604639
YKR086W,19.3813706155
YLL007C,8.8769395172
YLR239C,10.0398849577
YLR289W,5.5784249054
YLR323C,2.3751896551
YLR337C,4.632109655
YLR350W,37.2711372965
YLR390W-A,6.7996756268
YLR393W,11.2494430211
YLR460C,9.0207276083
YML029W,15.114340504
YML030W,118.538270306
YML129C,15.5662459334
YMR209C,8.1595791504
YMR258C,1.3556372835
YMR294W,4.7899605375
YMR322C,14.9112990786
YNL009W,4.0966175221
YNL040W,38.1946992665
YNL284C,23.738465795
YNL309W,6.6821960161
YNR031C,4.8637506897
YNR052C,33.6029608833
YOR006C,2.9997988027
YOR038C,8.6762682252
YOR087W,6.1144700694
YOR103C,175.927099652
YOR197W,18.3677435774
YOR224C,31.8000794328
YOR234C,99.387592672
YOR262W,11.6405150273
YOR316C,9.6764645075
YOR367W,4.9239520773
YPL045W,10.4625587421
YPL099C,15.4651202429
YPL120W,6.6013744681
YPR094W,24.1895811799
YPR098C,47.322872921
YAL024C,11.6278743159
YAL044C,43.1893603227
YAL046C,287.773693408
YAL047C,64.8144571957
YBL051C,12.3499749495
YBL059C-A,11.8577772529
YBR007C,13.988527153
YBR024W,34.7287742343
YBR037C,15.4983021101
YBR044C,3.9309451995
YBR057C,10.1931535823
YBR058C-A,27.5085579431
YBR092C,56.093946481
YBR220C,4.7871163774
YBR225W,7.3749069958
YBR252W,18.1891935301
YCL033C,9.8589647771
YCR026C,6.8058379736
YDL001W,6.0679364509
YDL043C,6.9166812109
YDL077C,1.3941124486
YDL085C-A,62.3226569788
YDL130W-A,17.8083921019
YDL156W,9.8510643325
YDL159W,6.9329561267
YDR027C,9.824202821
YDR055W,7.3474134487
YDR067C,4.0592484193
YDR182W,22.6505745779
YDR206W,3.5210701353
YDR245W,8.4345146214
YDR246W,9.9292787337
YDR261C,2.2911289249
YDR262W,8.7007596033
YDR264C,21.3319903795
YDR279W,16.6596674616
YDR334W,3.5846687141
YDR335W,8.1374579056
YDR425W,15.7629670031
YDR434W,10.9152542159
YDR476C,10.5731649661
YDR518W,10.6616499452
YEL007W,5.752787717
YEL051W,57.576069882
YER019C-A,60.6896350865
YER061C,3.4796718058
YER095W,5.5172754644
YFL026W,21.7949564312
YFR013W,5.8695562877
YFR028C,15.8206402485
YGL022W,18.2065745082
YGL060W,24.3270489154
YGL098W,8.0347521262
YGL100W,4.6707428289
YGL200C,7.2786005765
YGL208W,4.4639881946
YGR060W,81.4219817232
YGR068C,5.5456380604
YGR120C,6.5574479963
YGR195W,6.555788903
YGR196C,9.5911397062
YGR222W,4.6668716111
YHR083W,86.9048902537
YHR086W,4.9294823885
YHR087W,41.3651476719
YHR106W,7.584821808
YHR186C,2.370923415
YIL047C,5.3439397106
YIL050W,34.652139922
YIL097W,14.2642526685
YIL098C,7.1627010547
YIL123W,8.1587891059
YIL156W,2.4951974081
YJL006C,11.4746056913
YJL030W,6.5561049207
YJL049W,12.587778331
YJL091C,15.8174800706
YJL096W,4.2242887063
YJL198W,19.1641083899
YJR024C,14.3211358694
YJR031C,5.4156757473
YJR074W,23.5883573482
YJR078W,24.9101017245
YJR140C,8.7386817372
YKL023W,8.9235521401
YKL053C-A,8.9598941852
YKL075C,5.8367694428
YKL101W,18.4902004682
YKL137W,8.6541469804
YKL189W,4.3846677311
YKR036C,6.3281770949
YKR088C,8.0110507925
YLR020C,1.3113157895
YLR119W,2.4687309188
YLR191W,4.8278826714
YLR229C,20.7576280593
YLR231C,13.4828987006
YLR287C-A,16.2480542996
YLR321C,81.0348599393
YML021C,7.3230800795
YML059C,34.9523568156
YML108W,7.7448058105
YML121W,9.4829036156
YMR041C,427.469354269
YMR073C,3.318581741
YMR095C,6.3228837971
YMR121C,10.8820723487
YMR153W,4.5239525688
YMR223W,8.0631937266
YMR289W,4.5339861334
YMR293C,4.5532632182
YNL221C,4.6050111301
YNL222W,1.759350001
YNL227C,1.8603176826
YNL229C,10.8694316374
YNR020C,82.2436279583
YNR065C,3.7452847522
YOL019W,13.5737538132
YOR018W,7.6753609028
YOR054C,2.5354106709
YOR075W,4.6288704727
YOR110W,19.4106022604
YOR163W,19.8719882232
YOR189W,30.7856623502
YOR221C,6.3288091305
YOR250C,68.7812704135
YOR311C,13.2648464305
YOR352W,3.7562663701
YOR357C,3.3895277332
YOR373W,2.5132104217
YPL013C,9.7673196201
YPL101W,16.0687142079
YPL137C,27.9027901271
YPL141C,3.0071462161
YPL186C,45.0293738627
YPR070W,7.9059748797
YPR115W,6.8307243739
YPR140W,157.882484257
YAR028W,2.3178324275
YBL033C,5.8485411052
YBL107C,5.1323658051
YBR016W,3.1475371161
YBR036C,5.5182235178
YBR058C,18.5067914018
YBR095C,21.2111135776
YBR108W,3.7208723784
YBR167C,9.1495048548
YBR193C,21.4109948251
YBR255C-A,9.4908040602
YBR255W,10.9729274612
YBR257W,2.3921756109
YBR275C,1.6857178576
YBR282W,2.5216638974
YCL009C,6.3299151927
YCL029C,11.5038373362
YCL047C,3.1962038546
YCL051W,3.2610665046
YCR010C,17.9363793039
YCR037C,2.6317960947
YCR046C,7.1096100672
YCR059C,3.2835827716
YCR073W-A,8.7363116039
YCR095C,8.6573071582
YDL117W,3.3012797674
YDL160C-A,6.1458348343
YDR069C,1.1221791465
YDR084C,9.7396680641
YDR219C,2.0538785745
YDR235W,3.3497884971
YDR255C,3.8104634198
YDR256C,37.06967596
YDR287W,6.3570927221
YDR305C,13.8739707068
YDR428C,1.9846706801
YDR475C,5.213898393
YDR487C,9.0017665414
YEL020C,5.5655471807
YER005W,20.8966758837
YER059W,2.2743009779
YER094C,7.8257063629
YER145C,2.6352722903
YER146W,6.7580402839
YER152C,9.5184556162
YFL042C,2.4514289452
YFR008W,3.2921942562
YFR045W,6.9693771761
YGL004C,4.5429926402
YGL025C,6.8033098313
YGL029W,24.8571687459
YGL038C,19.8008842221
YGL139W,2.5674074714
YGL180W,4.3130897033
YGL254W,3.1478531339
YGR031W,7.8034271092
YGR095C,200.623889373
YGR117C,9.5176655717
YGR129W,6.3355245084
YGR134W,3.1676832498
YGR142W,12.0189463221
YGR177C,2.7770852703
YGR223C,3.1197275512
YHL020C,38.8567565214
YHL038C,10.5336627432
YHR026W,159.533677172
YHR036W,3.4982378505
YHR103W,7.3589480978
YHR112C,14.9760827241
YHR127W,5.7463883569
YHR195W,4.9769640604
YHR200W,32.4763574878
YIL007C,1.9874358357
YIL066C,3.3303534034
YIL114C,4.8704660676
YIL135C,21.4647178482
YIL160C,16.0908354527
YIR009W,8.0047304368
YIR022W,34.3187411612
YIR024C,148.473054776
YJL044C,5.042300737
YJL085W,15.517263177
YJL134W,6.0492123972
YJL174W,29.2980086379
YJL196C,5.5006055264
YJL205C,1.1509367647
YJR010C-A,165.861933272
YJR046W,7.7371423793
YJR086W,4.3864058289
YJR119C,9.4197000591
YJR122W,3.8767481498
YJR138W,3.5020300639
YKL017C,6.8522135832
YKL045W,9.4947542825
YKL063C,59.4840272453
YKL138C,61.5626342113
YKL154W,60.3791476149
YLL062C,4.5959256189
YLR050C,5.7839154686
YLR116W,10.2903290505
YLR187W,3.1328422892
YLR207W,8.8224264497
YLR361C,2.7021890558
YLR385C,1.9514098084
YLR407W,33.8747361764
YLR455W,6.6044556415
YML009C,8.9156516956
YML025C,12.515094241
YML039W,41.4512625177
YML076C,2.8708635473
YML091C,12.0236865888
YML112W,2.4032362333
YMR037C,2.9262456637
YMR054W,4.6360598773
YMR113W,17.175566492
YMR132C,3.1794549122
YMR170C,67.7668533309
YMR194W,46.1133148575
YMR286W,18.4902004682
YNL073W,6.6637089758
YNL126W,3.9227287372
YNL167C,14.1520663556
YNL225C,3.6434480217
YNL234W,7.99287977
YNL273W,4.1508145719
YNL320W,2.7153037938
YNL329C,2.9310649349
YNR010W,4.4375217053
YNR023W,6.2859097165
YNR024W,6.326597006
YNR032C-A,109.642369722
YNR041C,14.9508013015
YOL002C,30.532848124
YOL018C,10.7272236351
YOL030W,41.417290606
YOL065C,3.9384506219
YOL087C,135.540027018
YOL096C,3.4317161072
YOL100W,27.2138713607
YOR036W,4.1955310881
YOR093C,2.1759404431
YOR205C,2.3001354317
YOR274W,12.3088926378
YOR278W,17.9000372589
YOR327C,50.7208541299
YPL016W,3.1582027163
YPL020C,10.5478835434
YPL022W,36.9393186246
YPL116W,16.0908354527
YPL123C,9.796551265
YPL170W,3.7313799697
YPR032W,16.83663742
YPR147C,3.5576491937
YPR171W,3.7274297474
Q0250,51.8024249913
YAL032C,3.6333354526
YBL059W,6.4836578441
YBL093C,4.3245453479
YBL103C,6.0538736595
YBR002C,7.259718514
YBR042C,2.027017063
YBR129C,6.9053835751
YBR132C,4.816111009
YBR140C,2.3827740819
YBR185C,3.2556942022
YBR191W,17.9371693484
YBR197C,24.9180021691
YBR215W,4.1879466613
YBR235W,2.9174761703
YBR268W,1.2361035572
YCL010C,1.6229883277
YCL024W,1.7697785878
YCR066W,1.540428682
YCR067C,1.9101694878
YCR094W,4.4593269323
YDL045W-A,6.8878445882
YDL157C,19.0511320325
YDR121W,9.2822323236
YDR139C,11.5291187588
YDR173C,3.5664976916
YDR208W,2.3919385976
YDR243C,1.948328635
YDR288W,1.2569607309
YDR308C,3.1694213476
YDR359C,1.495238139
YDR367W,51.3307684506
YDR383C,3.8213660334
YDR404C,12.6059493535
YDR410C,2.3217826498
YDR465C,1.9283405103
YDR484W,5.9356830088
YDR512C,3.1858542723
YEL062W,7.0834595957
YER015W,7.56886291
YER092W,20.625690635
YER144C,2.1429165848
YFR019W,2.7798504259
YFR040W,3.7161321117
YGL013C,8.2812459967
YGL018C,2.8229078488
YGL028C,39.9320070271
YGL124C,10.912094038
YGL133W,17.1313240024
YGL197W,1.8215264997
YGL237C,5.7114683919
YGR038W,7.0667106532
YGR055W,6.1023033847
YGR077C,9.5911397062
YGR122W,2.4945653725
YGR126W,4.8605115075
YGR246C,4.4688864702
YGR280C,4.752117408
YHR123W,56.2543255057
YIL095W,2.2220000349
YIL119C,7.7729313932
YIL127C,6.5338256671
YIL131C,5.7285333522
YIL144W,2.7269174473
YIL154C,3.4076197513
YIR032C,13.751513816
YIR033W,3.4183643559
YJL019W,4.3962813846
YJL092W,6.8059959824
YJL097W,60.4636823718
YJL115W,14.2895340911
YJL126W,4.60003385
YJL201W,2.6201034367
YJL212C,5.1642836011
YJR019C,6.0571128418
YJR022W,8.7126102702
YJR043C,5.6009411724
YJR057W,7.937576658
YKL008C,3.0434882611
YKL012W,8.2251528403
YKL051W,6.2858307121
YKL064W,8.3886920429
YKL071W,9.2111283224
YKL140W,2.837128649
YKL166C,17.787850946
YKL176C,4.5294038756
YKR055W,6.9325611044
YKR083C,4.0396553168
YLL006W,3.1976259347
YLL023C,26.5818357952
YLR011W,3.5781903495
YLR015W,2.9494729708
YLR086W,1.752081592
YLR170C,5.1140367737
YLR293C,244.732071399
YLR316C,3.0050921005
YLR363W-A,9.8992570444
YLR370C,54.8843884175
YLR375W,2.5833663695
YLR377C,31.5962479629
YLR421C,42.8575416509
YLR442C,13.8937218182
YML011C,4.9599781046
YML038C,2.0486642811
YML082W,7.8387420964
YMR028W,9.4592022819
YMR056C,0.9147924766
YMR077C,5.8611818165
YMR078C,2.8524555115
YMR106C,0.9602200329
YMR240C,14.7477598761
YMR283C,13.466307767
YNL054W,3.9288910839
YNL103W,3.458261601
YNL106C,89.4172316265
YNL127W,6.6283149841
YNL193W,4.3154598367
YNL201C,10.2152748271
YNL261W,4.3999945936
YNL263C,15.261288773
YOL056W,822.1202618
YOL062C,10.3164005176
YOL069W,8.3831617317
YOR020W-A,19.4453642165
YOR081C,2.5282212664
YOR256C,2.5160545817
YOR283W,8.6280755133
YOR359W,6.8212438405
YPL097W,2.7394791541
YPL098C,7.1337064232
YPL103C,1.7291703027
YPL138C,2.9144740013
YPL152W,2.2396970307
YPL180W,7.7921294735
YPR049C,2.4326258871
YPR104C,2.1453657226
YPR131C,2.8682564006
YPR175W,2.7147507626
YPR188C,22.6474144001
YAL008W,4.2898623963
YAL033W,5.9066093728
YBL010C,2.1547672516
YBL042C,1.8481509979
YBR001C,4.5739623829
YBR065C,2.3717924639
YBR068C,21.0973471758
YBR104W,3.6313603415
YCL012C,24.8682293683
YCR015C,14.6347835187
YCR036W,9.6456527737
YCR043C,6.9083067396
YCR069W,1.5380585486
YCR092C,6.4285917454
YDL002C,4.6731919667
YDL004W,17.8036518352
YDL018C,3.6955909558
YDL030W,2.6103858899
YDL073W,5.1621504811
YDL142C,0.5855414492
YDL144C,3.6980400936
YDL170W,5.5430309137
YDL240W,0.7780041793
YDR013W,2.1281427534
YDR079C-A,3.4006673601
YDR109C,4.5517621337
YDR111C,1.6769483641
YDR142C,1.1948632365
YDR144C,9.521615794
YDR147W,1.0900243371
YDR176W,2.1915833233
YDR192C,3.8344017669
YDR198C,12.6320208206
YDR283C,2.8903776454
YDR286C,2.9380963306
YDR307W,9.6891052188
YDR371W,1.2286771393
YDR375C,4.1044389622
YDR379W,4.2543894002
YDR453C,14.529707606
YDR489W,7.0844866535
YDR524C,2.9598225532
YEL029C,8.4621661773
YEL036C,6.3130082414
YER100W,2.1809967276
YER113C,3.7449687344
YER131W,4.1151835669
YER180C-A,7.5154559047
YFR041C,4.1871566169
YGL057C,9.0136172082
YGL080W,142.800535576
YGL087C,2.6565244862
YGL141W,2.8842152986
YGL143C,14.2215902678
YGL160W,2.1809967276
YGL184C,7.6914778097
YGR179C,5.564520123
YGR214W,49.9663616736
YGR257C,3.7517631167
YHL014C,1.9969163691
YHL023C,2.7100895003
YHL048W,2.3575716637
YHR016C,2.5866845562
YHR025W,29.8779012692
YHR057C,2.6048555787
YHR082C,1.7303553694
YHR110W,1.1547289781
YHR120W,1.3546102257
YHR161C,2.8738657162
YHR171W,2.940466464
YHR172W,1.1159377953
YIL042C,3.461105761
YIL056W,1.6318368256
YIL087C,1.1656315916
YIL107C,2.0368136142
YIL150C,42.3708742654
YIL153W,5.5628610296
YJL071W,0.455508032
YJL099W,5.1612814322
YJL146W,13.1526601177
YJR001W,7.2274847002
YJR006W,7.577553399
YJR011C,27.4540448756
YJR098C,10.8022778585
YKL006C-A,1.2379996639
YKL028W,1.966578662
YKL144C,11.819855119
YKL186C,18.3661634884
YKR021W,2.0518244589
YKR052C,11.5559802704
YKR068C,5.3010402966
YKR076W,14.7785716099
YLL004W,2.6266608057
YLR082C,24.0955658895
YLR088W,4.237877471
YLR117C,4.8363361471
YLR189C,2.1119468421
YLR212C,8.8500780057
YLR215C,13.4876389674
YLR223C,3.0121234962
YLR243W,37.8383892165
YLR253W,2.0414748765
YLR256W,2.5988512408
YLR260W,3.0590521369
YLR272C,4.6153607125
YLR326W,1.1785883207
YLR388W,129.330277587
YLR427W,10.7240634573
YML052W,13.0641751385
YML064C,12.3152129934
YML077W,3.4295039828
YML111W,9.3225245909
YMR008C,9.3027734794
YMR009W,11.0100595507
YMR071C,7.9857693699
YMR104C,2.4799495501
YMR144W,5.3437026973
YMR256C,6.9399875223
YMR288W,1.8309280288
YMR292W,18.8307096291
YMR319C,5.5456380604
YNL008C,7.0499617107
YNL077W,2.6112549388
YNL090W,8.357880309
YNL115C,14.7556603206
YNL133C,8.84375765
YNL152W,7.3705617513
YNL200C,6.6994189852
YNR008W,2.993478447
YNR036C,12.5451159304
YNR040W,10.7319639019
YNR047W,3.6177715768
YOR037W,1.018209296
YOR097C,3.1754256854
YOR148C,7.0530428841
YOR152C,1.0397775097
YOR229W,8.7726536489
YOR245C,1.8525752469
YOR246C,5.8010594333
YOR266W,42.7414051157
YOR279C,3.3373847991
YOR319W,5.6201392527
YOR360C,4.1128134335
YOR386W,4.3218591968
YPL029W,9.6164211288
YPL055C,1.9331597815
YPL064C,3.9171194215
YPL140C,6.0045748854
YPL153C,6.9612397182
YPL188W,6.9104398596
YPL224C,3.3277462567
YPL241C,59.068463861
YPR021C,4.1033329
YPR037C,6.8106572447
YPR067W,2.1776785409
YPR107C,27.3055165177
YAL007C,278.111449701
YAL014C,2.9584794776
YAL031C,1.8762765806
YAL044W-A,4.6598402154
YAL048C,1.1059832352
YAL056W,1.4677445919
YBL018C,0.5644867644
YBL097W,3.9482471731
YBR023C,12.2053968139
YBR097W,0.9474213127
YBR119W,1.1917030587
YBR175W,1.9717929554
YBR188C,1.6895890754
YBR212W,12.9211770918
YBR233W-A,2.2637933867
YBR276C,1.634917999
YCL025C,2.4721281099
YCL039W,2.9452857351
YCR020C,1.9990494892
YCR033W,0.7852883892
YDL021W,11.4682853357
YDL063C,3.1361604759
YDL119C,1.2493763041
YDL120W,14.0872827101
YDL175C,8.459796044
YDR046C,4.2532833379
YDR057W,21.8802812325
YDR079W,3.6037877899
YDR080W,8.8706191615
YDR118W,0.8713400315
YDR143C,1.149909707
YDR159W,0.949080406
YDR183W,3.0108594251
YDR240C,4.3722640331
YDR244W,1.9219411502
YDR282C,3.7015952937
YDR284C,28.1145220415
YDR325W,6.160134639
YDR363W-A,2.7120646115
YDR393W,1.4565259607
YDR439W,14.7485499205
YDR495C,1.9597842797
YDR497C,6.9482039847
YEL012W,8.42187391
YEL048C,29.9047627808
YEL066W,3.9111150837
YER137C,1.0891552882
YER162C,39.0076550126
YER169W,0.4915577606
YFL046W,6.0883986023
YGL047W,6.1803597771
YGL059W,18.3282413545
YGL110C,2.3175954142
YGL161C,2.7040851625
YGL174W,6.9320080733
YGR044C,3.641551915
YGR099W,28.718906051
YGR166W,1.0399355186
YGR171C,19.2644440359
YGR183C,28.0837103077
YGR201C,9.915847978
YGR215W,20.8034506378
YGR241C,7.3061731281
YHL035C,2.7289715629
YHR050W,3.4276078761
YHR060W,4.4424199809
YHR092C,1.9029800832
YHR100C,0.8009470704
YHR142W,1.1806424363
YHR168W,0.8522999601
YHR202W,6.007340041
YIL004C,1.8157591752
YIL079C,2.1945854922
YIL090W,8.0916353271
YIR031C,2.6308480413
YJL156C,1.2946458514
YJL158C,29.2766774376
YJL184W,6.8225079116
YJR084W,12.1374529906
YJR099W,13.5942949691
YKL013C,3.5819825629
YKL018C-A,3.4985538683
YKL048C,26.9104942893
YKL098W,0.9933228956
YKL128C,3.9882234226
YKL138C-A,21.4797286929
YKL167C,3.7681960414
YKL183W,4.8156369823
YKL198C,5.1834816814
YKR100C,0.9659873574
YLL031C,2.5973501564
YLR001C,1.523600735
YLR057W,2.0137443161
YLR087C,4.5035694218
YLR126C,3.2496108599
YLR144C,2.0414748765
YLR177W,2.7340278474
YLR205C,2.2107023992
YLR245C,5.5788989321
YLR264W,117.566515624
YLR278C,1.4163126978
YLR327C,5.5384486559
YLR364W,7.8042961581
YLR383W,0.5197702482
YLR396C,6.8895036815
YLR406C,5.5945418123
YML005W,1.6230673322
YML060W,6.1915784084
YML098W,3.0995024131
YML109W,3.5495117357
YML114C,2.7242312961
YML116W,3.1341853648
YMR026C,5.5066098643
YMR052W,8.670737914
YMR194C-B,4.5873931387
YMR224C,0.8394222354
YMR236W,3.4573135476
YMR243C,2.6403285748
YMR269W,9.6851549966
YMR273C,1.2510353974
YMR281W,3.5062172995
YNL023C,0.8218832485
YNL070W,21.4749884262
YNL083W,2.3194125164
YNL097C,0.6886659521
YNL164C,1.2980430426
YNL191W,2.0588558546
YNL202W,1.9514888129
YNL219C,9.8652851327
YNL224C,3.2330199263
YNL246W,2.8450290936
YNL257C,15.088269037
YNL278W,1.3769684839
YNL286W,3.5259684109
YNL295W,0.8662047425
YNL327W,5.4157547517
YNR011C,3.0310055587
YNR039C,4.555712356
YNR066C,11.9881345883
YOL033W,1.0950016172
YOL089C,2.1434696159
YOL125W,3.4300570139
YOL146W,1.3182681807
YOL158C,8.9196019179
YOR017W,6.8864225082
YOR039W,9.8889864664
YOR131C,8.1516787058
YOR242C,4.9779911182
YOR290C,2.243647253
YOR297C,22.1702275482
YOR348C,185.257524687
YOR358W,23.7526865953
YOR377W,0.6585810592
YPL124W,1.5323702285
YPL135W,12.6375511318
YPL184C,1.4950011257
YPR017C,6.1399095009
YPR122W,1.3613256036
YPR137C-B,3.6034717722
YPR170W-B,7.1071609294
YPR178W,8.6920691143
YAL058W,8.1145466163
YAR031W,12.6968044661
YBL008W,1.1022700262
YBL025W,0.4776055755
YBL084C,3.4503611564
YBR030W,0.8881679784
YBR038W,0.9377827703
YBR089C-A,1.2035537256
YBR152W,5.3047535055
YBR153W,1.8921564742
YBR280C,2.5165286084
YCL004W,0.9881086022
YCL018W,1.1522798403
YCL026C-B,21.175561577
YCL061C,0.7822388176
YCR020C-A,19.9265012907
YDL091C,1.4233440935
YDL093W,1.1980234144
YDL104C,0.7494440722
YDL133W,578.517953974
YDL180W,1.3945864752
YDL220C,45.9442453438
YDR006C,2.866913325
YDR045C,6.6202565306
YDR110W,6.1769625859
YDR115W,23.6871129053
YDR137W,0.6889582686
YDR196C,1.7579279209
YDR205W,0.9951399979
YDR210W,8.0007802145
YDR229W,8.451105555
YDR236C,2.2024069324
YDR239C,0.9629851885
YDR254W,1.8043035306
YDR268W,4.4212467894
YDR313C,11.067732796
YDR392W,0.4738133621
YDR440W,1.5370314908
YDR443C,0.7614606484
YDR448W,2.2564459732
YDR469W,3.2018921747
YDR520C,11.4761857802
YDR538W,2.1201633044
YEL018W,0.5662801653
YEL040W,7.0748481111
YER009W,22.6158126218
YER056C-A,7.8557280523
YER058W,2.2863886581
YER093C-A,2.075604797
YER183C,16.6130548387
YFL009W,1.0934215283
YGL010W,6.1836779638
YGL073W,1.4483885028
YGR006W,0.6156500434
YGR007W,1.9429563327
YGR030C,2.4066334245
YGR047C,5.5306272158
YGR058W,2.5045989371
YGR062C,0.7679074112
YGR141W,0.7153062512
YGR143W,3.6206947413
YGR203W,1.224726917
YHL009C,2.6452268504
YHL025W,0.8735521559
YHR075C,1.6969364889
YHR078W,9.7594191755
YHR091C,7.4741365796
YHR102W,0.7404138641
YHR143W,2.3876723575
YHR181W,0.331020727
YIL002W-A,4.2406426266
YIL045W,1.4614242363
YIL055C,1.1070892974
YIL169C,8.4084431543
YIR017C,11.589952182
YJL094C,1.7074440802
YJL102W,0.6786481884
YJL210W,0.7044668413
YJR047C,0.5998728556
YJR091C,3.4712973345
YJR133W,7.472082464
YJR149W,1.4506796317
YKL061W,6.0477113128
YKL062W,1.8890753008
YKL087C,1.518623455
YKL161C,8.3839517761
YKL164C,12.2290981476
YKL174C,3.2484257932
YKL206C,2.2649784534
YKL217W,1.6859548709
YKL219W,0.5956382174
YKR063C,1.4137055511
YKR069W,28.5055940477
YLL027W,4.2940496319
YLL038C,1.2691274155
YLR039C,0.429294357
YLR083C,0.7749151055
YLR131C,1.7436281163
YLR147C,8.4345146214
YLR149C,5.1464285964
YLR168C,1.4304544936
YLR190W,4.7725795594
YLR250W,17.9482299708
YLR361C-A,2.8940118499
YML014W,0.624972568
YML031W,1.4479144761
YML061C,1.6398162746
YML081C-A,49.3714581976
YML115C,0.8915651696
YMR087W,0.5939001195
YMR097C,1.8118089529
YMR102C,15.0961694815
YMR107W,1.381787755
YMR112C,0.4211885008
YMR162C,1.7063380179
YMR211W,36.2282786134
YMR218C,2.8981200811
YMR221C,2.0829522105
YMR238W,1.6150878831
YMR251W-A,2.525140093
YMR263W,20.44398041
YNL072W,0.6827959218
YNL130C,8.2054017289
YNL240C,2.5369117554
YNL245C,0.9307513746
YNL283C,0.6535010734
YNL311C,26.6719008633
YNR067C,1.2033957167
YOL054W,3.4118069869
YOL068C,1.6484277592
YOL102C,8.6960193366
YOL113W,2.3219406587
YOL148C,0.968752513
YOR106W,5.6304888351
YOR144C,0.6581939374
YOR162C,4.5212664177
YOR191W,4.0399713346
YOR244W,1.6216452521
YOR301W,1.4769881121
YPL057C,1.8359053088
YPL113C,6.5997943792
YPL132W,1.5938356873
YPL144W,9.1352840546
YPL151C,1.1556770315
YPL178W,2.6884422822
YPL191C,1.6636756172
YPL213W,1.2206186858
YPL222W,5.3351702171
YPL233W,7.689581703
YPL236C,4.1246641003
YPL247C,3.5464305624
YPR040W,9.035738453
YPR079W,1.472010832
YPR082C,1.0563684433
YPR164W,2.6973697846
YPR182W,6.1410155631
YPR193C,1.5461960065
YAL011W,0.4163692297
YBR008C,0.7967598347
YBR071W,0.8720510715
YBR111W-A,0.6132088061
YBR162C,14.6118722295
YBR195C,0.5764954402
YBR231C,2.9371482772
YBR243C,0.5295430981
YBR253W,2.4810556123
YBR271W,5.4343998009
YBR274W,0.2424014403
YBR289W,0.7745437846
YIL172C,0.4582099841
YCL055W,0.4554922312
YCL067C,0.5704832018
YCR017C,3.7151050539
YDL006W,1.0211324605
YDL035C,0.2215916693
YDL036C,3.6232228836
YDL056W,1.8635568648
YDL070W,1.4345627248
YDL082W,9.8028716206
YDL222C,0.6715456888
YDL229W,2.1903192522
YDR058C,5.8229436648
YDR107C,0.9008876941
YDR132C,0.9234039612
YDR184C,2.3234417432
YDR384C,0.5299381203
YDR411C,2.2108604081
YDR493W,4.5817838231
YDR541C,0.5618717173
YER007W,1.8777776651
YER027C,0.4871809143
YFL027C,2.2999774228
YFR021W,1.0133900248
YGL054C,5.5526694561
YGL142C,1.2447940462
YGL154C,0.863992618
YGL186C,0.3809673375
YGL198W,1.9879098623
YGL219C,0.4120634874
YGL248W,1.224726917
YGR056W,1.5082738726
YGR057C,0.4392173153
YGR075C,1.9507777729
YGR102C,0.8029221815
YGR205W,0.6090215705
YGR227W,2.1763354653
YHR031C,0.3144139925
YHR166C,0.5475324104
YIL161W,0.4166378448
YIL173W,3.7642458191
YIR002C,0.5213187353
YJL003W,2.4973305281
YJL004C,0.6371392527
YJL024C,1.9562290796
YJL046W,0.3805012113
YJL062W,1.2686533888
YJL072C,4.5267967289
YJL139C,0.6922764553
YJL162C,0.3739359419
YJR097W,1.9241532747
YJR100C,1.1864097609
YJR118C,1.2989120915
YKL038W,0.7049487684
YKL052C,8.9567340073
YKL122C,0.2029782219
YKL124W,5.3674830354
YKL185W,0.431640789
YKR099W,0.7920985724
YLL009C,1.2766328378
YLL061W,1.0550253677
YLR009W,3.6636731598
YLR021W,0.4682514491
YLR188W,1.2106641257
YLR228C,2.1311449224
YLR233C,1.7809972191
YLR238W,0.2654470371
YLR390W,1.2835062246
YLR422W,0.9028628053
YLR457C,0.8486657556
YML007W,0.5681367698
YML081W,0.815246875
YMR088C,1.1434313424
YMR172W,1.3422855322
YMR265C,1.0159971715
YMR268C,0.7400504436
YMR280C,0.2784985715
YMR299C,4.5531052093
YNL024C-A,1.2353925172
YNL107W,1.2289141526
YNL142W,5.5591478206
YNL238W,5.1166439204
YNL259C,0.4062803619
YNL321W,0.942523037
YNR045W,5.5387646737
YOL020W,0.92285093
YOL112W,0.7213421909
YOL135C,0.9736507886
YOR008C,0.8805835516
YOR022C,1.7945859837
YOR040W,1.1350568712
YOR084W,1.1446164091
YOR127W,0.4184470466
YOR154W,0.6265052543
YOR210W,1.9787453466
YOR291W,2.320755592
YOR307C,0.7612552368
YOR308C,2.8983570944
YOR321W,0.6611250024
YOR372C,0.5005247652
YOR385W,0.4516921173
YPL046C,5.9941462986
YPL069C,4.0797895752
YPL150W,3.9378185863
YPL156C,0.2798969502
YPL176C,0.5266515354
YPL209C,0.2958400473
YPL255W,1.2739466867
YPR010C-A,1.3919793285
YPR011C,1.62978271
YPR065W,0.8344449553
Q0065,1.4729588854
YAR018C,0.4518264249
YAR027W,0.6773446151
YBL006C,0.4077814464
YBL020W,0.5905977337
YBL060W,0.3540900251
YBR054W,9.4536719707
YBR085W,0.2882240187
YBR157C,12.4416201065
YBR194W,0.5459918237
YBR238C,1.8061206328
YBR258C,1.617537021
YCR019W,0.4659524198
YCR032W,0.4277300689
YCR079W,1.1909130143
YDL008W,0.516230849
YDL045C,1.1721889606
YDL059C,0.3015836705
YDL080C,1.13450384
YDL139C,0.2028439143
YDL203C,0.6802282774
YDR038C,0.8056083327
YDR113C,0.17131324
YDR201W,0.1762036152
YDR207C,0.1053129261
YDR270W,0.1299623132
YDR422C,0.246075147
YDR441C,0.9004926719
YDR466W,0.3069559728
YDR478W,0.2532803524
YDR480W,1.5431148331
YER129W,1.1734530318
YER161C,0.309499916
YFL033C,0.1477462139
YGL243W,0.2564405303
YGR003W,0.1666677786
YGR010W,0.6136354301
YGR014W,0.5479116317
YGR127W,0.0936676708
YGR206W,0.0700161099
YHL010C,0.3415441191
YHR053C,0.2428280643
YHR079C,1.2925127314
YHR096C,0.9326474813
YHR116W,1.1179129065
YHR149C,0.1077541635
YHR156C,0.3245423624
YHR176W,0.3006988207
YHR182W,0.0552485989
YIL040W,0.2697448789
YIL157C,3.8619743184
YIR023W,0.3019391905
YJL048C,1.5601797934
YJL137C,0.106395287
YJL143W,1.3900042174
YJL157C,0.1229625193
YJR015W,0.6233450765
YJR029W,0.2504282919
YJR110W,0.9046799075
YKL003C,0.6819979769
YKL026C,0.1118544942
YKL034W,0.2869915494
YKL159C,0.4392410167
YKL197C,0.5632226933
YKR010C,1.1223371554
YLL035W,0.4363810557
YLR032W,0.232462681
YLR064W,0.3460236712
YLR085C,0.2185420977
YLR099C,1.2439249973
YLR110C,2.834995529
YLR271W,0.6849290419
YLR344W,1.0214484783
YLR371W,0.3938845644
YML088W,0.4635348837
YMR013C,0.5501790593
YMR016C,0.8500878356
YMR023C,0.1989568956
YMR117C,0.8690489025
YMR123W,0.236231193
YMR207C,0.581717634
YMR262W,0.8548281023
YNL003C,1.0365383274
YNL054W-B,0.2816903511
YNL066W,0.7717549277
YNL116W,0.217357031
YNL125C,0.2630611028
YNL194C,0.3210187642
YNL214W,0.6799280605
YNL293W,0.2969382091
YNR007C,0.557565975
YOL036W,0.5216189522
YOL095C,79.2414590223
YOL138C,0.4253362342
YOR079C,0.2600115312
YOR104W,0.591988212
YOR115C,0.1191150028
YOR129C,0.1360219541
YOR180C,0.3002168936
YOR193W,0.0548259251
YOR305W,0.0872604103
YPL010W,0.2199799786
YPL065W,2.1569793761
YPL072W,0.4561242667
YPL133C,0.2892431761
YPL177C,0.056530051
YPL196W,1.9231262169
YPL219W,0.236088985
YPR101W,1.55354342
YPR116W,0.1692591244
YPR119W,1.3384143144
YPR185W,0.2237800924
YAR010C,0
YBR131W,0
YBR141C,0
YBR207W,0
YCL026C-A,0
YDL244W,0
YDR365W-A,0
YDR456W,0
YGR217W,0
YHR159W,0
YJL100W,0
YJR013W,0
YKL020C,0
YKL121W,0
YKL163W,0.0604905439
YLR193C,0
YLR240W,0
YLR300W,0
YLR333C,0
YLR368W,0
YMR002W,0
YMR021C,0
YOR064C,0
YOR113W,0
YOR159C,0
YPL081W,0
