id,length
YMR056C,309
YBR085W,307
YJR155W,288
YNL331C,376
YOL165C,143
YFL057C,152
YCR107W,363
YDL243C,329
YFL056C,212
YNL141W,347
YHR047C,856
YBL074C,355
YKL106W,451
YLR027C,418
YBR236C,436
YKL112W,731
YMR072W,183
YJR108W,123
YCR088W,592
YOR239W,628
YNR033W,787
YMR289W,374
YER045C,489
YGR037C,87
YNR016C,2233
YLR131C,770
YLR144C,779
YJR083C,309
YBL015W,526
YDL203C,623
YPL267W,209
YLR304C,778
YJL200C,789
YKL192C,125
YAL054C,713
YLR153C,683
YFL039C,375
YDR448W,434
YMR184W,198
YKL206C,267
YAR015W,306
YNL220W,433
YLR359W,482
YLR028C,591
YMR120C,592
YOR128C,571
YGR204W,946
YMR300C,510
YGL234W,802
YGR061C,1358
YDR408C,214
YCL058W-A,113
YOL086C,348
YMR303C,348
YMR083W,375
YGL256W,382
YBR145W,351
YMR318C,360
YCR105W,361
YMR009W,179
YDR226W,222
YER170W,225
YJR105W,340
YCR011C,1049
YDR216W,1323
YCR010C,283
YDL239C,790
YLR227C,493
YMR064W,518
YMR282C,580
YPL005W,606
YEL052W,509
YLR397C,780
YER017C,761
YOR129C,893
YDR085C,620
YGL071W,690
YPL202C,416
YNR044W,725
YGL032C,87
YPR021C,902
YDR524C,482
YIL044C,298
YCL025C,633
YBR132C,596
YFL055W,558
YFL030W,385
YDR214W,350
YOR023C,566
YCR082W,128
YLR109W,176
YHR093W,182
Q0050,834
Q0055,854
Q0060,415
Q0065,556
Q0070,630
Q0075,354
YNR074C,378
YAL046C,118
YER087W,576
YER093C-A,137
YGL160W,570
YHL021C,465
YHR198C,321
YIL087C,157
YAL049C,246
YIL158W,204
YIR003W,679
YJL046W,409
YJL131C,356
YJR080C,394
YJR100C,327
YKL037W,118
YKR074W,155
YBR108W,947
YML050W,311
YML087C,312
YMR003W,198
YMR157C,255
YOL053W,395
YOR215C,185
YPL158C,758
YPR004C,344
YHR199C,310
YBR194W,123
YDL237W,390
YDR063W,149
YER080W,627
YMR092C,615
YIL079C,360
YDL175C,344
YBR059C,1108
YDR264C,764
YOR034C,749
YOR335C,983
YJL122W,175
YMR170C,506
YMR169C,506
YOR374W,519
YER073W,520
YPL061W,500
YOR175C,619
YNL148C,254
YBR110W,449
YNL048W,548
YNR030W,551
YGL047W,202
YBR070C,237
YGL065C,503
YBL082C,458
YPL227C,334
YOR002W,544
YBR243C,448
YOR067C,577
YNL219C,555
YGL021W,760
YBL009W,676
YML086C,526
YNL270C,573
YOL130W,859
YFL050C,858
YLR089C,592
YDR111C,507
YKR021W,915
YJL084C,1046
YGR225W,593
YML035C,810
YDR242W,549
YBR211C,324
YGR001C,248
YBR158W,549
YGL156W,1083
YJR047C,157
YEL036C,500
YKL047W,516
YHR126C,159
YPR128C,328
YPR180W,347
YCL050C,321
YDR530C,325
YNL172W,1748
YDL008W,165
YLR127C,853
YDR118W,652
YOR249C,685
YLR102C,265
YBR151W,316
YKL103C,514
YKL157W,952
YBR286W,537
YHR113W,490
YDR525W,109
YNL077W,528
YJR005W,700
YKL135C,726
YBL037W,1025
YPR029C,832
YPL195W,932
YGR261C,809
YPL259C,475
YHL019C,605
YBR288C,483
YOL062C,491
YKL114C,367
YBL019W,520
YNL094W,587
YIL040W,138
YJL075C,138
YLR170C,156
YJR058C,147
YJL024C,194
YML022W,187
YDR441C,181
YNL065W,586
YPR192W,305
YLL052C,149
YBR149W,344
YMR041C,335
YER036C,610
YIL062C,154
YLR370C,178
YKL013C,171
YGL105W,376
YNR035C,342
YBR234C,384
YHR013C,238
YCR048W,610
YNR019W,642
YDL192W,181
YDL137W,181
YOR094W,183
YOL058W,420
YJL071W,574
YJL088W,338
YHR018C,463
YER069W,863
YMR062C,441
YOL140W,423
YMR042W,177
YML099C,880
YDR173C,355
YDR376W,493
YGL157W,347
YNL020C,638
YBR164C,183
YPL051W,198
YHL040C,627
YHL047C,620
YDR380W,635
YDR127W,1588
YGL148W,376
YDR035W,370
YBR249C,370
YPR060C,256
YGL202W,500
YDR421W,950
YHR137W,513
YDR106W,284
YHR129C,384
YDL029W,391
YJR065C,449
YJL081C,489
YNL059C,755
YLR085C,438
YPR034W,477
YOR141C,881
YMR033W,467
YPR199C,294
YPR200C,130
YPR201W,404
YLR392C,518
YLR154W-A,61
YLR154W-E,67
YGR068C,586
YLR242C,321
YDR101C,593
YPR085C,443
YMR116C,319
YOR058C,885
YJL115W,279
YDL197C,525
YIL130W,964
YJL170C,209
YKL185W,588
YMR119W,624
YNL159C,289
YNL008C,676
YKL052C,292
YGR097W,1146
YDL088C,528
YPR145W,572
YGR124W,572
YDR321W,381
YLR155C,362
YLR157C,362
YLR158C,362
YLR160C,362
YPR093C,288
YBL069W,429
YER101C,430
YDR184C,294
YGL017W,503
YOR377W,525
YGR177C,535
YLL042C,167
YPR049C,1178
YBR217W,186
YPR185W,738
YBR128C,344
YCR068W,520
YMR159C,150
YLR423C,417
YFR021W,500
YOL082W,415
YGL180W,897
YDL113C,640
YPL100W,496
YCL038C,528
YLR431C,453
YLR189C,1198
YJL178C,271
YPL166W,213
YNL242W,1592
YDR022C,196
YIL146C,529
YLR356W,197
YOL083W,412
YJL185C,293
YLR211C,226
YNR007C,310
YNL223W,494
YPL149W,294
YHR171W,630
YBL078C,117
YDL149W,997
YPR026W,1211
YMR301C,690
YNR002C,282
YDR384C,275
YBL099W,545
YLR393W,279
YNL315C,318
YJL180C,325
YLR295C,124
YPL271W,62
YDL004W,160
YDR377W,101
YML081C-A,59
YOL077W-A,68
YJR121W,511
YPR020W,115
YDR350C,684
YNR020C,227
YMR098C,612
YBR039W,311
YPL078C,244
YDR298C,212
Q0085,259
YKL016C,174
Q0080,48
YML116W,542
YAL020C,333
YNL259C,73
YOR079C,313
YFL010W-A,94
YKL004W,401
YOR011W,1394
YLR114C,764
YOL078W,1176
YMR068W,426
YJR001W,602
YEL064C,480
YKL146W,692
YNL101W,713
YBL089W,459
YER119C,448
YIL088C,490
YPR122W,1208
YIL140W,823
YIL124W,297
YLL063C,474
YOR113W,914
YGR224W,613
YOR134W,409
YBR068C,609
YDR046C,604
YIL015W,587
YKR099W,811
YHR208W,393
YJR148W,376
YJL020C,1157
YPL255W,385
YHR040W,366
YMR237W,724
YKR027W,765
YJL095W,1478
YER167W,851
YDR361C,283
YDR375C,456
YIL033C,416
YLR399C,686
YDL070W,638
YAL060W,382
YAL061W,417
YNL039W,594
YOL164W,646
YBR200W,551
YER155C,2167
YPL115C,1128
YPL161C,633
YLR412W,274
YIL004C,142
YPR176C,325
YKR068C,193
YJL031C,327
YML077W,159
YJR053W,574
YOR198C,470
YDR299W,534
YGR282C,313
Q0110,423
Q0115,517
Q0120,638
YHR101C,335
YCL029C,440
YER016W,344
YGR286C,375
YNR058W,480
YNR057C,237
YNR056C,561
YJR089W,954
YBR270C,545
YJL058C,543
YKL061W,113
YFL007W,2143
YLR408C,122
YER177W,267
YDR099W,273
YPL217C,1183
YBR141C,337
YIL096C,336
YLR063W,365
YJR025C,177
YJR078W,453
YJL060W,444
YBL098W,460
YLR231C,453
YFR047C,295
YDR428C,261
YNL271C,1953
YNL233W,892
YNL166C,448
YIL159W,1375
YGR230W,137
YBL085W,980
YER114C,1040
YLR267W,570
YNL042W,396
YNL275W,576
YLR078C,244
YCR032W,2167
YDL141W,690
YLL015W,1559
YDL074C,700
YLR015W,505
YDL231C,1125
YNR051C,515
YGR246C,596
YHR036W,471
YBL097W,754
YPL084W,844
YGL007W,125
YPR057W,341
YER172C,2163
YGL247W,197
YOL077C,291
YDL037C,328
YDR275W,235
YLR465C,102
YNL269W,131
YNR069C,489
YOL137W,497
YBR290W,321
YPR171W,576
YFL025C,1029
YGR142W,410
YPL069C,335
YDR252W,149
YGR188C,1021
YMR055C,306
YOR026W,341
YGL174W,266
YAR014C,709
YEL029C,312
YNR027W,317
YJL188C,102
YLR074C,166
YOR078W,214
YMR014W,519
YCR047C,275
YER014C-A,153
YDR241W,95
YFL023W,796
YLR062C,125
YKL092C,1104
YCL014W,1636
YDL151C,193
YCR063W,157
YGR262C,261
YJR092W,1447
YCR038C,642
YLR319C,788
YOR299W,746
YLR353W,603
YGR041W,547
YDL099W,341
YMR275C,976
YML111W,920
YLR226W,395
YER159C,142
YNL305C,297
YKL005C,594
YHR114W,633
YDR531W,367
YIL083C,365
YKL088W,571
YGR277C,305
YDR196C,241
YML102W,468
YDR423C,409
YNL278W,1060
YGR134W,1122
YFL028C,289
YOR276W,161
YKR036C,643
YNL288W,373
YER048C,391
YFL029C,368
YPL048W,415
YEL063C,590
YKL007W,268
YIL034C,287
YPL111W,333
YLR438W,424
YML042W,670
YOR125C,233
YMR280C,1433
YGR036C,239
YPL178W,208
YJR060W,351
YGR140W,956
YLR175W,483
YNL161W,756
YJL209W,654
YHL038C,630
YPL215W,335
YGR174C,147
YBR120C,162
YIL043C,284
YDL069C,229
YDR197W,389
YKL208W,271
YER168C,546
YLR220W,322
YDR270W,1004
YKL011C,353
YGR217W,2039
YPR025C,393
YGR150C,864
YKR066C,361
YAL021C,837
YMR038C,249
YIL142W,527
YJL014W,534
YDL143W,528
YJR064W,562
YDR188W,546
YJL111W,550
YJL008C,568
YLR110C,133
YLR390W-A,238
YDR134C,136
YBR131W,704
YLR307W,301
YLR308W,312
YCR002C,322
YJR076C,415
YLR215C,360
YHR107C,407
YDL220C,924
YFR028C,551
YAR019C,974
YKL022C,840
YAL038W,500
YDR182W,491
YGL116W,610
YOR074C,304
YHR166C,626
YAL041W,854
YLR310C,1589
YFR036W,124
YBL084C,758
YBR160W,298
YLR314C,520
YOR257W,161
YOL139C,213
YDR054C,295
YDL165W,191
YDR168W,506
YCR093W,2108
YFL009W,779
YDR364C,455
YLR229C,191
YGL155W,376
YLR103C,650
YDL126C,835
YCR094W,391
YDL132W,815
YGL190C,526
YMR001C,705
YJL194W,513
YPL160W,1090
YLR418C,393
YDL017W,507
YJR057W,216
YDL164C,755
YLR245C,142
YGL003C,566
YBR029C,457
YMR213W,590
YGL130W,459
YER061C,442
YMR168C,608
YPL228W,549
YOR112W,761
YIL003W,293
YDR301W,1357
YLR115W,859
YML036W,181
YGL029W,120
YCL064C,360
YLR098C,648
YGL206C,1653
YER164W,1468
YBR274W,527
YPL008W,861
YDR254W,458
YER026C,276
YGR157W,869
YNL192W,1131
YBR038W,963
YBR023C,1165
YLR330W,671
YJL099W,746
YHR142W,316
YER030W,153
YDR267C,330
YHR052W,376
YMR198W,594
YOR349W,1014
YPL241C,268
YMR138W,191
YOR028C,295
YEL061C,1000
YGR207C,261
YOR356W,631
YJL158C,227
YNR001C,479
YCR005C,460
YPR001W,486
YIL035C,372
YOR061W,339
YGL019W,278
YOR039W,258
YLR133W,582
YBR135W,150
YNL298W,842
YGR108W,471
YPR119W,491
YDL155W,427
YLR210W,460
YPR120C,435
YGR109C,380
YGR167W,233
YGR110W,445
YLR117C,687
YGL215W,452
YMR199W,546
YPL256C,545
YAL040C,580
YOR250C,445
YMR012W,1277
YKL137W,111
YBL059C-A,109
YMR194C-B,73
YBR109C,147
YFR014C,446
YOL016C,447
YML057W,604
YDL156W,522
YLR003C,291
YLR433C,553
YKL190W,175
YAL058W,502
YDR357C,122
YNL225C,581
YFR046C,361
YBR155W,385
YIL157C,197
YPL189C-A,68
YJL062W-A,85
YLR218C,96
YMR244C-A,104
Q0105,385
YLL050C,143
YGL223C,417
YGR120C,262
YER157W,801
YPR105C,861
YNL051W,403
YNL041C,839
YGL005C,279
YML071C,607
YDL145C,1201
YBR003W,473
YOL008W,207
YNR041C,372
YOL096C,312
YDR204W,335
YML110C,307
YGR255C,479
YGL119W,501
YLR201C,260
YBL045C,457
YNL336W,381
YNR075W,374
YBR203W,924
YGL263W,380
YBR302C,379
YML132W,379
YFL062W,379
YJR161C,383
YGR295C,381
YDL248W,383
YHL048W,381
YKL219W,407
YOR316C,439
YPL172C,462
YPL132W,300
YLR038C,83
YGL191W,129
YML129C,70
YER141W,486
YJL003W,118
YLL009C,69
YGR062C,316
YLL018C-A,98
Q0045,534
YDR231C,205
YHR116W,151
Q0250,251
Q0275,269
YGL187C,155
YNL052W,153
YIL111W,151
YHR051W,148
YMR256C,60
YLR395C,78
YDL067C,59
YKL179C,679
YOR303W,411
YJR109C,1118
YGR247W,239
YDR155C,162
YHR057C,205
YML078W,182
YCR069W,318
YDR304C,225
YLR216C,371
YJR032W,393
YNR028W,308
YJL172W,576
YNL130C,393
YOR100C,327
YDL142C,283
YDR223W,467
YHR209W,291
YGR189C,507
YGR218W,1084
YLR429W,651
YHR146W,465
YLR213C,422
YOR031W,69
YOL063C,957
YNL027W,678
YLR241W,782
YGL238W,960
YNR010W,149
YKL049C,229
YLR087C,2958
YBR036C,410
YBR161W,376
YMR025W,295
YOL007C,341
YNL232W,292
YCR086W,190
YIL132C,213
YMR048W,317
YPL200W,156
YJR084W,423
YDR179C,162
YLR380W,408
YPR030W,1121
YBR042C,397
YIL036W,587
YLR394W,482
YDR256C,515
YMR094W,478
YMR078C,741
YPL018W,369
YLR381W,733
YPR135W,927
YHR191C,133
YDR151C,325
YPL181W,506
YKL139W,528
YJL006C,323
YML112W,296
YMR180C,320
YHR109W,585
YBR291C,299
YPR124W,406
YHR175W,189
YLR411W,241
YCR054C,563
YOL145C,1077
YLR286C,562
YDR371W,511
YGR088W,562
YMR264W,203
YKL090W,443
YGL110C,624
YML101C,117
YOR042W,411
YGR003W,744
YHR053C,61
YHR055C,61
YGL166W,225
YPL177C,306
YPR158W,252
YMR240C,436
YNL286W,285
YNL155W,274
YDR163W,175
YDR482C,135
YGR278W,577
YGL128C,283
YLR323C,259
YNL245C,179
YPL064C,301
YDL209C,339
YCL007C,130
YGL027C,833
YCR017C,953
YKL096W,239
YKL096W-A,92
YML054C,591
YNL111C,120
YJR048W,109
YOR037W,366
YAL039C,269
YEL039C,113
YBR112C,966
YDL117W,885
YDR430C,989
YJL005W,2026
YAL012W,394
YGR155W,507
YOR065W,309
YKL087C,224
YDR016C,94
YKR083C,133
YBR233W-A,94
YDR320C-A,72
YML070W,584
YFL053W,591
YIR027C,460
YIR029W,343
YIR032C,195
YIR028W,635
YJR152W,543
YIR031C,554
YKR034W,269
YIR023W,970
YNL314W,255
YGR113W,343
YJR150C,298
YJR151C,1161
YPL170W,152
YHR028C,818
YJL149W,663
YDR020C,232
YML113W,248
YGR092W,572
YPR111W,564
YDR052C,704
YPL119C,617
YDL031W,995
YNL112W,546
YGL078C,523
YOR046C,482
YNR038W,629
YKR024C,742
YHR169W,431
YLR276C,594
YKL149C,405
YCL016C,380
YHR144C,312
YIR030C,244
YOR180C,271
YLR128W,269
YOL149W,231
YNL118C,970
YLR361C,578
YLR270W,350
YOR173W,353
YFR012W,202
YKL046C,449
YPL194W,612
YER143W,428
YFL061W,225
YNL335W,225
YOR163W,188
YOL052C-A,61
YMR173W,430
YOR204W,604
YHR019C,554
YKL054C,738
YFL001W,442
YAL013W,405
YBR201W,211
YDR051C,334
YIL049W,253
YOR030W,619
YMR238W,458
YDR411C,341
YOR236W,211
YOR245C,418
YOR311C,290
YNL130C-A,48
YKL121W,852
YDL160C,506
YKL078W,735
YMR316W,336
YOR080W,732
YDL024C,468
YHR011W,446
YPR082C,143
YLR348C,298
YKR035W-A,204
YKL002W,232
YGR227W,525
YLR437C,133
YPL049C,452
YDR480W,323
YPL266W,318
YDR263C,430
YLR129W,943
YPL265W,608
YOL021C,1001
YDR403W,536
YDR402C,489
YIR004W,432
YDL174C,587
YDL178W,530
YEL071W,496
YJL065C,167
YMR126C,342
YHR115C,416
YNL116W,522
YER179W,334
YMR211W,475
YHR164C,1522
YER166W,1571
YDR093W,1612
YMR162C,1656
YOR005C,944
YLL001W,757
YKL213C,715
YDR069C,926
YGL240W,250
YHR044C,246
YHR043C,246
YNL001W,386
YDR273W,365
YDR141C,1698
YDR068W,310
YDR440W,582
YIL010W,215
YER088C,670
YJL090C,764
YPR175W,689
YBR278W,201
YDR121W,196
YIL103W,425
YKL191W,534
YLR172C,300
YLR143W,685
YDR294C,589
YPR183W,267
YDR284C,289
YLL018C,557
YKR071C,348
YGR093W,507
YLL008W,752
YAL026C,1355
YGL196W,428
YER124C,573
YHR143W,325
YOR264W,430
YNR067C,1117
YEL070W,502
YBR007C,736
YMR276W,373
YNL258C,754
YIR010W,576
YMR287C,969
YPR017C,143
YGL043W,309
YDL219W,150
YBR180W,572
YFR044C,481
YBR281C,878
YNL191W,357
YDL101C,513
YGL061C,247
YBR208C,1835
YHL016C,735
YML080W,423
YLR401C,668
YLR405W,367
YBR252W,147
YDR370C,442
YKR054C,4092
YDR424C,92
YMR299C,312
YHR068W,387
YDR359C,982
YPR023C,401
YEL018W,279
YJR082C,113
YNL136W,425
YKL204W,632
YMR171C,550
YKL172W,427
YDR206W,884
YLR284C,280
YGR146C,211
YEL030W,644
YDR446W,302
YHR021W-A,151
YBL043W,257
YHR132C,430
YBL001C,104
YMR128W,1267
YDR125C,453
YLR390W,112
YAL059W,212
YBL101C,1117
YLR228C,814
YPL021W,187
YJL201W,599
YJR106W,725
YHL030W,1868
YBR065C,364
YOR092W,613
YLR436C,1274
YBR176W,312
YER176W,1121
YBR078W,429
YHL043W,170
YLR299W,660
YKR076W,370
YMR176W,1411
YLR443W,448
YBR076W,354
YKR004C,377
YFR027W,281
YGR007W,323
YGL222C,175
YER035W,145
YEL015W,551
YBL047C,1381
YBR033W,919
YPL095C,456
YAL003W,206
YGR271C-A,233
YHL039W,585
YBR271W,419
YJR129C,339
YMR212C,782
YOR133W,842
YDR385W,842
YPL037C,157
YHR193C,174
YNL327W,1041
YDR036C,500
YBR177C,451
YMR031C,843
YDR147W,534
YNL230C,379
YPL046C,99
YKL160W,145
YOR144C,791
YKL048C,640
YJL196C,310
YCR034W,347
YLR372W,345
YGR200C,788
YPL086C,557
YPL101W,456
YMR312W,273
YCL045C,760
YJR088C,292
YKL207W,253
YGL231C,190
YIL027C,141
YLL014W,108
YLR186W,252
YDR512C,187
YDR516C,500
YGL200C,203
YLR080W,444
YFL048C,445
YER140W,556
YLR083C,667
YNL313C,904
YDR040C,1091
YDR039C,1091
YDR038C,1091
YOL158C,606
YNL084C,349
YGR254W,437
YHR174W,437
YBR247C,483
YGR145W,707
YDL161W,454
YLR206W,613
YJR125C,408
YLL038C,247
YDR153C,411
YLR065C,181
YGR071C,860
YPL236C,364
YOR246C,330
YNL080C,366
YFL024C,832
YIL005W,701
YHR123W,391
YMR049C,807
YHR032W,581
YDR414C,362
YBL040C,219
YLR246W,359
YGR175C,496
YPL028W,398
YHR007C,530
YMR208W,443
YML126C,491
YMR202W,222
YJL167W,352
YNL280C,438
YGR060W,309
YGL001C,349
YLR100W,347
YER044C,148
YLR056W,365
YGL012W,473
YMR015C,538
YML008C,383
YHR072W,731
YMR220W,451
YHR190W,444
YPL096C-A,68
YFR041C,295
YML130C,563
YAR002C-A,219
YAL007C,215
YDL018C,225
YOR016C,207
YHR110W,212
YGL002W,216
YOR393W,437
YPL281C,437
YMR323W,437
YCR075C,260
YBR239C,529
YGR029W,189
YGL054C,138
YBR210W,142
YPR037C,196
YML012W,211
YGR284C,310
YML067C,352
YAL042W,415
YOR244W,445
YNL125C,673
YMR219W,1658
YDR363W,456
YOL017W,714
YDR365C,628
YNR054C,316
YIL151C,1118
YKR096W,1195
YGR098C,1630
YJR017C,170
YLR233C,699
YLR318W,884
YIL009C-A,181
YHL010C,585
YBR026C,380
YOR051C,412
YDR518W,517
YLR300W,448
YDR261C,562
YOR033C,702
YBR163W,585
YJL085W,623
YBR102C,753
YOR317W,700
YER015W,744
YIL009W,694
YMR246W,694
YFR019W,2278
YDL045C,306
YIL019W,346
YDR021W,399
YNL023C,965
YDL166C,197
YJL157C,830
YLR238W,478
YNL127W,953
YMR052W,204
YFR008W,221
YMR029C,523
YKL182W,2051
YPL231W,1887
YBR041W,669
YER183C,211
YKL060C,359
YLR377C,348
YJL155C,452
YDR339C,189
YLR051C,217
YMR277W,732
YPR062W,158
YER056C,533
YER060W,528
YER060W-A,530
YDR539W,503
YOR388C,376
YPL275W,236
YCR028C,512
YBR101C,290
YMR058W,636
YMR319C,552
YFL041W,622
YPR104C,936
YGR131W,174
YBR040W,298
YCR089W,1609
YNL325C,879
YDR130C,291
YJR093C,327
YER032W,876
YIL065C,155
YDR534C,528
YOR382W,153
YOR383C,204
YIL131C,484
YNL068C,862
YLR342W,1876
YMR306W,1785
YPL221W,793
YAL053W,783
YGL139W,802
YLR404W,285
YKR102W,1169
YIR019C,1367
YAR050W,1537
YHR211W,1075
YER109C,799
YAL063C,1322
R0010W,423
YBR008C,548
YIL134W,311
YIL098C,155
YDR236C,218
YHR176W,432
YER182W,244
YDR070C,93
YBR047W,175
YLR077W,583
YLR454W,2628
YPL103C,468
YFL046W,207
YJL161W,180
YPL222W,688
YNL168C,259
YMR221C,504
YDL222C,309
YKR049C,133
YGR052W,369
YER038W-A,126
YER004W,231
YMR020W,508
YBL013W,401
YDR110W,566
YNL256W,824
YGR267C,243
YMR113W,427
YKR009C,900
YNR047W,893
YNL135C,114
YDR519W,135
YML074C,411
YLR449W,392
YLL043W,669
YLL029W,749
YGL220W,120
YEL047C,470
YLR214W,686
YKL220C,711
YOR381W,711
YNR060W,719
YOR384W,694
YLL051C,712
YOL152W,620
YLR047C,686
YPL141C,865
YCL026C-A,193
YDR373W,190
YLR060W,595
YFL022C,503
YOR324C,602
YAL028W,528
YOR271C,327
YHR049W,243
YMR222C,223
YOR280C,266
YBR207W,465
YER145C,404
YCR076C,250
YBL042C,639
YPL262W,488
YAL035W,1002
YAL008W,198
YAL034C,413
YAL022C,517
YAL019W,1131
YHR128W,216
YBR021W,633
YCL027W,512
YMR232W,677
YBL016W,353
YDR024W,161
YIL097W,516
YOR183W,129
YHR059W,130
YCL058C,152
YNL133C,173
YLR068W,151
YGR196C,817
YGL254W,299
YBR179C,855
YLR088W,614
YLR459W,394
YOR178C,793
YMR250W,585
YBR020W,528
YBR019C,699
YOL051W,1081
YLR081W,574
YDR009W,520
YPL248C,881
YBR018C,366
YML051W,435
YER027C,417
YKR039W,602
YHR089C,205
YMR307W,559
YLR343W,555
YMR215W,524
YOL132W,471
YOL030W,484
YFL021W,510
YMR136W,560
YLR013W,141
YIR013C,121
YCL011C,427
YNL062C,478
YER025W,527
YJL125C,383
YOR260W,578
YGR083C,651
YDR211W,712
YLR291C,381
YER163C,232
YGL195W,2672
YFR009W,752
YDR283C,1659
YKR026C,305
YEL009C,281
YGR252W,439
YPL075W,785
YNL199C,534
YDL226C,352
YDR019C,400
YMR189W,1034
YAL044C,170
YOR120W,312
YEL042W,518
YPR184W,1536
YPL110C,1223
YOR375C,454
YDL215C,1092
YAL062W,457
YER136W,451
YOR355W,522
YBR187W,280
YJR031C,1408
YEL022W,1459
YJR040W,779
YAL048C,662
YOR205C,556
YHR100C,185
YLR091W,293
YGL057C,287
YGL020C,235
YER083C,285
YDL100C,354
YOR164C,312
YCL073C,615
YKR106W,615
YKL104C,717
YMR255W,188
YCL036W,566
YDR358W,557
YHR108W,585
YDL198C,300
YHR061C,314
YDR309C,383
YCL039W,745
YMR135C,455
YNL153C,129
YEL003W,111
YML094W,163
YDR507C,1142
YBR045C,639
YER054C,548
YPL137C,1276
YAL031C,760
YDR152W,265
YDR096W,894
YNL255C,153
YLR094C,502
YML006C,774
YCR098C,518
YEL011W,704
YER133W,312
YMR311C,229
YDL207W,538
YER107C,365
YKR058W,616
YJL137C,380
YCL040W,500
YPR035W,370
YER040W,730
YOR168W,809
YML004C,326
YDR272W,274
YER122C,493
YOR040W,285
YPL091W,483
YDL171C,2145
YEL046C,387
YDR506C,608
YLR445W,188
YKR030W,273
YFL017C,159
YHR183W,489
YGR256W,492
YDR508C,663
YOR320C,491
YJL184W,123
YNL274C,350
YHL031C,223
YMR292W,138
YHR005C,472
YER020W,449
YOR371C,897
YAL056W,880
YDL022W,391
YOL059W,440
YGL121C,126
YPR160W,902
YGR216C,609
YGL142C,616
YDR302W,219
YMR281W,304
YLL031C,1017
YJR013W,403
YNL038W,229
YHR188C,610
YDR434W,534
YBR004C,433
YDR437W,140
YPL076W,280
YDR331W,411
YKL152C,247
YDL021W,311
YOL056W,303
YOR262W,347
YLR243W,272
YIL053W,250
YER062C,250
YDL035C,961
YKR067W,743
YKL026C,167
YBR244W,162
YLL035W,632
YPL223C,168
YOL151W,342
YHR104W,327
YDR517W,372
YJR090C,1151
YBR121C,690
YPR081C,618
YCL035C,110
YDR513W,143
YDR098C,285
YER174C,244
YPL059W,150
YDL010W,231
YBR014C,203
YLR364W,109
YGR032W,1895
YML048W,403
YJL101C,678
YOL049W,491
YJL103C,618
YLR293C,219
YOR185C,220
YFR015C,708
YLR258W,705
YDR221W,702
YGR102C,183
YGR154C,356
YMR251W,366
YML121W,310
YGR163W,341
YGL181W,396
YIR038C,234
YLL060C,233
YEL017W,337
YMR217W,525
YDL238C,489
YLR289W,645
YDR454C,187
YGL084C,560
YPL189W,609
YGL245W,708
YHL032C,709
YIL155C,649
YIL041W,326
YJL091C,490
YMR192W,720
YOR070C,637
YPL249C,894
YJL044C,458
YDL234C,746
YFL027C,497
YJL110C,551
YPR008W,694
YFL031W,238
YPR005C,294
YJL165C,855
YOL089C,1030
YJR069C,197
YLR256W,1502
YGL237C,265
YBL021C,144
YKL109W,554
YOR358W,242
YMR290C,505
YPL001W,374
YEL056W,401
YCL026C-B,193
YKR084C,611
YDL223C,1046
YJL033W,770
YNL281W,153
YCR065W,564
YLR192C,265
YKL017C,683
YNL021W,706
YDR295C,674
YPR179C,655
YDR014W-A,162
YNL014W,1044
YDR458C,663
YBL032W,381
YKR017C,551
YDR266C,639
YDR047W,362
YDR044W,328
YER014W,539
YOR176W,393
YDR232W,548
YGL040C,342
YDL205C,327
YOR278W,275
YOR227W,1246
YMR293C,464
YOR237W,434
YMR207C,2273
YMR110C,532
YPL254W,488
YGL251C,1187
YGR187C,394
YBR009C,103
YNL030W,103
YPL127C,258
YBR010W,136
YNL031C,136
YEL059W,102
YLL022C,385
YDR317W,414
YGR191W,603
YBL008W,840
YOR038C,875
YJR140C,1648
YER055C,297
YFR025C,335
YOR202W,220
YCL030C,799
YIL116W,385
YIL020C,261
YBR248C,552
YJR055W,164
YDR420W,1802
YMR161W,224
YDR528W,423
YER057C,129
YML075C,1054
YLR450W,1045
YOL095C,706
YCL066W,175
YCL067C,210
YDR174W,246
YCR097W,126
YCR096C,119
YOR032C,434
YJR147W,358
YBR034C,348
YLR205C,317
YGL077C,563
YDL125C,158
YDR305C,206
YOR258W,217
YDL227C,586
YJR075W,396
YMR032W,669
YLR113W,435
YNR055C,586
YDR158W,365
YER052C,527
YJR139C,359
YIL072W,605
YGL033W,218
YMR251W-A,59
YPR068C,470
YGL194C,452
YPL116W,697
YIL112W,1083
YMR172W,719
YKL084W,116
YPR193C,156
YEL066W,179
YBR215W,625
YOL155C,967
YIL110W,377
YDR138W,752
YDR399W,221
YNL004W,454
YOL013C,551
YLR207W,833
YLR301W,244
YOR267C,759
YOL123W,534
YDR291W,1077
YPL204W,494
YOL133W,121
YLR097C,344
YMR186W,705
YHL002W,452
YGL073W,833
YMR288W,971
YOR319W,213
YKL138C-A,69
YKL101W,1518
YBR133C,827
YBR272C,480
YLL026W,908
YOR020C,106
YFL014W,109
YJL159W,413
YBR072W,214
YCR021C,332
YDR533C,237
YPL280W,237
YOR391C,237
YDR171W,375
YLR259C,572
YDR258C,811
YPL240C,709
YOL068C,503
YPL015C,357
YOR025W,447
YDR191W,370
YGR223C,448
YDR225W,132
YBL003C,132
YDR224C,131
YBL002W,131
YHR067W,280
YCR020W-B,78
YPR033C,546
YOL012C,134
YGR268C,198
YOR284W,243
YNR032C-A,73
YML058W-A,68
YJR036C,892
YGL141W,910
YGL168W,110
YPL244C,339
YER039C,249
YFR053C,485
YGL253W,486
YFL011W,546
YOL156W,567
YIL170W,457
YEL069C,564
YNL318C,540
YDL245C,567
YJR158W,567
YNR072W,564
YHR094C,570
YMR011W,541
YDR345C,567
YHR092C,576
YHR096C,592
YDR343C,570
YDR342C,570
YJL214W,569
YJL219W,567
YKL189W,399
YEL034W,157
YIR037W,163
YOR126C,238
YJR122W,497
YNL164C,351
YIL090W,491
YER065C,557
YPR006C,575
YER078C,511
YBR157C,255
YJL077C,131
YLR099C,394
YMR195W,127
YPL250C,136
YNL037C,360
YOR136W,369
YPL117C,288
YDL066W,428
YLR174W,412
YNL009W,420
YJL146W,469
YFL013C,692
YNL215W,320
YLR052W,250
YOR189W,116
YER092W,125
YEL044W,166
YBR159W,347
YLR223C,1085
YOL023W,676
YFR017C,195
YNL157W,168
YHR132W-A,131
YHR187W,309
YLR384C,1349
YJL057C,667
YJR118C,203
YBL076C,1072
YER086W,576
YMR108W,687
YJR016C,585
YLR355C,395
YCL009C,309
YGR287C,589
YOL157C,589
YIL172C,589
YJL221C,589
YJL216C,581
YAR073W,403
YHR216W,523
YLR432W,523
YML056C,524
YJR094C,360
YJL106W,645
YGL192W,600
YCR046C,169
YCR071C,146
YLR309C,911
YJR138W,1584
YJL082W,731
YBR107C,245
YGR031W,342
YMR150C,190
YMR035W,177
YIL154C,346
YHR148W,183
YNL075W,290
YPL099C,182
YIR024C,216
YDL181W,85
YHR046C,295
YDR287W,292
YNL152W,409
YJL153C,533
YDR123C,304
YOL108C,151
YGL150C,1489
YMR204C,420
YMR163C,705
YIL002C,946
YNL106C,1183
YOR109W,1107
YOL065C,384
YLR095C,812
YFR013W,787
YMR044W,475
YHR085W,334
YNL182C,555
YDR315C,281
YPL209C,367
YBR011C,287
YDR072C,527
YPL242C,1495
YBR140C,3092
YOL081W,3079
YOL015W,586
YOR013W,156
YOR235W,104
YOR135C,113
YPL017C,499
YPR038W,119
YJL037W,224
YLL033W,230
YDR112W,102
YLR247C,1556
YMR073C,201
YEL001C,225
YOR044W,157
YIR036C,263
YLR021W,179
YDR332W,689
YDR540C,179
YFR038W,853
YFR043C,237
YFR055W,340
YJL051W,822
YJL142C,130
YHR079C,1115
YIL026C,1150
YKR019C,615
YLL027W,250
YPR067W,185
YER019W,477
YER180C,267
YER048W-A,94
YMR081C,338
YPL040C,1002
YOR155C,450
YPR106W,443
YNL265C,298
YBR086C,946
YIR005W,148
YPL135W,165
YOR226C,156
YBR245C,1129
YOR304W,1120
YJR050W,235
YGL133W,1264
YDR497C,584
YOL103W,609
YML068W,464
YDR229W,453
YDL115C,353
YKL032C,597
YDR492W,316
YOL002C,317
YLR023C,543
YOL101C,312
YGL018C,184
YJL073W,645
YKL217W,616
YER051W,492
YJR119C,728
YPR061C,301
YLR331C,125
YDR475C,876
YPR169W,492
YNL227C,590
YJL162C,583
YJR097W,172
YLL057C,412
YMR132C,208
YMR294W,373
YJR091C,1091
YKR038C,386
YBR017C,918
YGL241W,1004
YPL125W,1032
YGL016W,1081
YER110C,1113
YLR347C,861
YNL188W,433
YJL034W,682
YPR141C,729
YCL055W,335
YMR065W,504
YPL269W,644
YCL024W,1037
YDR017C,1050
YKL161C,433
YFR042W,200
YDR367W,221
YHR158C,1164
YGR238C,882
YPL263C,651
YPL145C,434
YGL203C,729
YNL238W,814
YIL125W,1014
YDR148C,463
YJL094C,873
YHR102W,1080
YDR122W,1064
YLR096W,1147
YDL108W,306
YAR018C,435
YOR233W,800
YCR091W,720
YBL063W,1111
YPL155C,706
YGL216W,805
YKL168C,724
YDL049C,268
YLL019C,737
YHR186C,1557
YNL322C,313
YDR532C,385
YER038C,464
YDR483W,442
YNL132W,1056
YOR336W,1365
YPR159W,720
YJL174W,276
YNL308C,591
YCL059C,316
YDR037W,591
YNL024C-A,72
YHR082C,1029
YGR040W,368
YBL071W-A,82
YKL110C,313
YOR099W,393
YKR061W,425
YBR205W,404
YBR199W,464
YNL029C,522
YPL053C,446
YIL085C,517
YGL079W,218
YJL207C,2014
YKL008C,418
YHL003C,411
YOL025W,660
YNL045W,671
YNL239W,483
YKR063C,502
YOR181W,633
YJL062W,830
YNL071W,482
YMR296C,558
YDR062W,561
YJL134W,409
YOR171C,624
YLR260W,687
YDR499W,747
YPL056C,101
YLR104W,131
YGL085W,274
YER127W,357
YCL005W,256
YDL146W,491
YLL049W,179
YOR322C,818
YBL006C,180
YBR204C,375
YAL018C,325
YOL047C,356
YPL213W,238
YPL054W,301
YNL323W,414
YOR123C,464
YGL009C,779
YCL018W,364
YLR451W,886
YNL104C,619
YHR002W,357
YOR108W,604
YPL055C,332
YDL051W,275
YKL073W,881
YJR070C,325
YGL090W,421
YHR156C,340
YMR298W,150
YLR239C,328
YOR196C,414
YHR192W,278
YPR139C,300
YFR001W,204
YJL038C,219
YKL205W,1100
YKL183W,306
YLR011W,191
YFL018C,499
YDR503C,274
YOR084W,387
YCL051W,583
YDL240W,1017
YNR008W,661
YHR081W,184
YDR439W,347
YGR136W,241
YFR024C-A,459
YCL034W,354
YJL100W,607
YOR142W,329
YGR244C,427
YGL099W,640
YHR121W,187
YJL124C,172
YBL026W,95
YLR438C-A,89
YER112W,187
YER146W,93
YDR378C,86
YNL147W,115
YJR022W,109
YPL004C,341
YKL176C,828
YGR057C,242
YNL006W,303
YAL024C,1435
YPR073C,161
YKL143W,463
YDL087C,261
YNL268W,611
YIR034C,373
YIL094C,371
YDR034C,790
YBR115C,1392
YDL182W,428
YDL131W,440
YDR234W,693
YGL154C,272
YNR050C,446
YMR021C,417
YGL086W,749
YJL030W,196
YJL013C,515
YKL029C,669
YDR005C,395
YER142C,296
YLR427W,670
YEL053C,733
YKL021C,468
YAL025C,306
YDR060W,1025
YCR020C-A,88
YCR019W,363
YPR051W,176
YBR142W,773
YGR289C,616
YGR292W,584
YGR288W,473
YBR298C,614
YBR299W,584
YBR297W,468
YER106W,302
YOL060C,706
YIL070C,266
YLR244C,387
YBL091C,421
YLR163C,462
YHR024C,482
YCR040W,175
YCR039C,210
YBR185C,278
YJL199C,108
YOR298C-A,151
YDL056W,833
YKL093W,339
YOR197W,432
YDL003W,566
YKL165C,919
YDL054C,486
YKL221W,473
YOL119C,501
YOR306C,521
YNL307C,375
YIL150C,571
YPR046W,181
YMR043W,286
YBL023C,868
YDR318W,368
YJR135C,239
YEL032W,971
YPR019W,933
YLR274W,775
YGL201C,1017
YBR202W,845
YOR228C,302
YLR253W,569
YKL150W,302
YOR221C,360
YBR227C,520
YJR024C,244
YNL173C,366
YKL085W,334
YOL126C,377
YDL078C,343
YFL016C,511
YNL328C,146
YLR188W,695
YPL270W,773
YML104C,1127
YAL010C,493
YOL009C,271
YOL076W,796
YLR368W,598
YHR194W,579
YOR147W,622
YGL219C,459
YKL053C-A,86
YPR083W,579
YOL027C,573
YLR106C,4910
YGR100W,950
YGL197W,1487
YJL112W,714
YOL111C,212
YBR136W,2368
YLR288C,474
YPR070W,566
YMR112C,115
YDL005C,431
YOR174W,284
YHR058C,295
YOL135C,222
YBR193C,223
YLR069C,761
YJL102W,819
YKR007W,184
YER044C-A,408
YPL121C,222
YOR351C,497
YGR121C,492
YNL142W,499
YPR138C,489
YNL210W,270
YGR264C,751
YFR030W,1035
YPL023C,657
YGL125W,600
YKL001C,202
YPR167C,261
YLR303W,444
YIL128W,1032
YKR069W,593
YNL277W,486
YOL064C,357
YIR017C,187
YJR010W,511
YIL046W,640
YPL038W,177
YDR253C,191
YNL103W,672
YJR137C,1442
YER091C,767
YOR241W,548
YBR213W,274
YLR017W,337
YPL169C,599
YPL187W,165
YGL089C,120
YDR461W,36
YNL145W,38
YDR219C,465
YDL233W,458
YPL060W,413
YML062C,392
YGR249W,456
YIR033W,1113
YOR232W,228
YJR144W,269
YOR211C,881
YCL044C,417
YPL098C,113
YMR115W,501
YNL218W,587
YDL200C,188
YOL086W-A,90
YDL160C-A,80
YJL042W,1398
YDR296W,226
YLL062C,324
YKL195W,403
YCL057C-A,97
YBR262C,106
YFR011C,170
YGR235C,233
YNL100W,234
YKR016W,540
YNL291C,548
YLR332W,376
YKL089W,549
YGL035C,504
YGL209W,382
YER028C,394
YMR036C,554
YOL026C,113
YOR330C,1254
YHR015W,659
YJR077C,311
YBR084W,975
YEL007W,666
YDR031W,121
YMR002W,156
YBL107C,196
YDR144C,596
YOR231W,508
YPL140C,506
YNL076W,584
YNL085W,830
YGL106W,149
YPR188C,163
YNL074C,452
YMR167W,769
YLR035C,695
YPL164C,715
YKR095W,1875
YIL149C,1679
YNL117W,554
YIL051C,145
YLL006W,426
YLL061W,583
YLR190W,491
YPR164W,1407
YGL087C,137
YEL019C,267
YLR320W,1454
YBR098W,691
YMR177W,510
YPL224C,484
YGL183C,219
YIR025W,368
YOR350C,663
YHR204W,796
YLR057W,849
YER001W,762
YDR245W,393
YJL183W,422
YBR015C,597
YKL201C,1178
YJL186W,586
YPL050C,395
YGL068W,194
YKL064W,969
YJR131W,549
YGL257C,558
YIL014W,630
YNR059W,580
YIL106W,314
YFL034C-B,287
YOR274W,428
YJR074W,218
YBL049W,138
YGL124C,644
YNL297C,1636
YPL082C,1867
YER068W,587
YMR070W,490
YNL249C,542
YGL080W,130
YHR162W,129
YGR243W,146
YOR177C,464
YOR288C,318
YOL088C,277
YKL059C,441
YIR002C,993
YDL247W,609
YJR160C,602
YJL066C,252
YJR002W,593
YNR024W,186
YDL028C,764
YGL075C,387
YJL019W,682
YGL178W,859
YCL061C,1096
YPR112C,887
YMR224C,692
YGL143C,413
YDR033W,320
YGL064C,561
YPR118W,411
YDL079C,501
YPR079W,381
YOR201C,412
YGL136C,320
YPL184C,612
YDR347W,321
YDL045W-A,95
YGR084C,339
YKL003C,131
YPR166C,115
YDR405W,263
YBL090W,177
YKL167C,137
YHL004W,394
YPL118W,344
YNL005C,371
YKL142W,219
YDR116C,285
YNL284C,322
YDL202W,249
YKR006C,264
YLR312W-A,253
YBL038W,232
YNL252C,281
YNL185C,158
YKR085C,195
YNL177C,309
YOR150W,163
YMR193W,258
YGR076C,157
YBR282W,146
YDR462W,147
YMR024W,390
YKL138C,131
YCR003W,183
YMR286W,86
YDR322W,367
YBR122C,177
YBR268W,105
YKL170W,138
YML009C,70
YLR439W,319
YPL173W,297
YMR225C,98
YJL096W,161
YNR022C,139
YPR100W,140
YHR147C,214
YDR237W,292
YJL063C,238
YGR220C,269
YNR036C,153
YPL013C,121
YMR188C,237
YNL306W,217
YDR337W,286
YGR165W,345
YBR251W,307
YMR158W,155
YBR146W,278
YIR021W,363
YOR334W,470
YJL133W,314
YKR052C,304
YOR370C,603
YKL009W,236
YOR066W,629
YKR077W,363
YOR188W,1137
YGR014W,1306
YNL293W,633
YOL112W,492
YML128C,513
YDR205W,724
YLR219W,728
YOR354C,692
YHR039C,644
YPL104W,658
YOL033W,536
YPR047W,469
YNL053W,489
YHR120W,959
YOL090W,964
YCR092C,1018
YFL003C,878
YDL154W,901
YDR097C,1242
YBR195C,422
YNL073W,576
YIR009W,111
YLR116W,476
YGR171C,575
YOL116W,382
YMR037C,704
YKL062W,630
YDR335W,1224
YNR049C,210
YGR028W,362
YHR091C,643
YMR164C,758
YDR194C,664
YPR134W,268
YMR023C,526
YDL107W,351
YDR208W,779
YLR203C,436
YKL194C,462
YGL051W,234
YAR033W,234
YDR268W,379
YPL097W,492
YJL123C,478
YKL098W,357
YGL226W,123
YBR255W,694
YDR128W,1148
YHR151C,526
YEL033W,139
YKR080W,320
YMR228W,341
YDL044C,440
YMR097C,367
YHR168W,518
YDR277C,433
YGR023W,551
YGR257C,366
YGL236C,669
YNL063W,314
YDR140W,221
YOR160W,972
YKL186C,184
YGR158C,250
YJL050W,1073
YAL034W-A,289
YMR100W,620
YBR119W,298
YKL074C,527
YPL070W,612
YBR057C,366
YOR298W,479
YGR055W,574
YHL036W,546
YDR386W,632
YGR206W,101
YNR043W,396
YMR004W,511
YER042W,184
YCL033C,168
YHR023W,1928
YOR326W,1574
YKL129C,1272
YAL029C,1471
YMR109W,1219
YDR493W,123
YGL122C,525
YPL190C,802
YML117W,1134
YNL124W,492
YGR031C-A,163
YLR382C,894
YMR080C,971
YHR086W,523
YNL137C,486
YPL126W,896
YKR048C,417
YNL240C,491
YIL007C,220
YGR232W,228
YDL040C,854
YGR147C,288
YPR131C,195
YMR069W,285
YOR253W,176
YOL070C,501
YHR199C-A,73
YLR457C,319
YDR162C,236
YGL091C,328
YPR155C,616
YJL116C,337
YDR397C,146
YJL205C,53
YPR149W,173
YNL036W,221
YBL024W,684
YHR042W,691
YPL006W,1170
YNL119W,493
YGL211W,359
YML031W,655
YIL144W,691
YOR372C,554
YMR145C,560
YDL085W,545
YML120C,513
YOL104C,352
YLR254C,189
YHR124W,627
YLR265C,342
YHR004C,446
YIL048W,1151
YJL076W,1189
YPL226W,1196
YOR156C,726
YCL017C,497
YKR103W,1218
YKL040C,256
YDR176W,702
YOL042W,363
YMR285C,515
YML118W,505
YBR212W,672
YLR138W,985
YDL002C,203
YDL208W,156
YPR052C,93
YBR089C-A,99
YDR456W,633
YFR002W,839
YGL221C,288
YMR309C,812
YPL174C,868
YPL211W,181
YNL078W,407
YIL164C,199
YJL126W,307
YLR351C,291
YDR383C,238
YLR315W,153
YLR328W,401
YNL123W,997
YGR010W,395
YHR077C,1089
YHR170W,518
YLR363C,218
YJR132W,1048
YLR195C,455
YJR112W,201
YGR089W,936
YKL171W,928
YLR285W,261
YOR056C,459
YOR206W,710
YLR002C,663
YPR144C,552
YPL093W,647
YNR053C,486
YHR072W-A,58
YOL041C,459
YNL175C,403
YDL148C,810
YNL110C,220
YER002W,231
YGR251W,196
YDL014W,327
YNL061W,618
YPL043W,685
YPL146C,455
YLR197W,504
YOR310C,511
YDL213C,225
YGR103W,605
YOL144W,484
YJL010C,666
YIL038C,836
YPR072W,560
YJR072C,385
YDL046W,173
YDR432W,414
YBR170C,580
YMR091C,435
YCR026C,742
YEL016C,493
YNL183C,790
YEL062W,615
YHL023C,1146
YOR209C,429
YGL067W,384
YGR043C,333
YNL251C,575
YDR043C,231
YBR066C,220
YNL129W,240
YNR009W,249
YDL167C,719
YOR071C,598
YGL111W,463
YER126C,261
YLR007W,336
YDR288W,303
YDL105W,402
YML023C,556
YHR133C,291
YNL156C,299
YDR026C,570
YPL233W,216
YJL041W,823
YGR159C,414
YNL091W,1240
YJR062C,457
YBR188C,140
YML059C,1679
YER009W,125
YAL015C,399
YOL043C,380
YDR001C,751
YBR001C,780
YPR031W,748
YKR022C,322
YJL208C,329
YOR373W,851
YOL069W,451
YER006W,520
YDR150W,2748
YOR098C,1076
YKL068W,959
YMR047C,1113
YKL057C,1037
YKR082W,1157
YGL092W,1317
YER105C,1391
YIL115C,1460
YBL079W,1502
YML103C,1655
YJL039C,1683
YLR335W,720
YDR192C,430
YGL172W,472
YMR153W,475
YGR119C,541
YAR002W,539
YJL061W,713
YDL116W,726
YJR042W,744
YDL089W,484
YDL193W,375
YGL151W,1132
YPR168W,157
YHR195W,321
YLR093C,253
YKL120W,324
YAL051W,1047
YKR064W,863
YKL055C,278
YPL052W,292
YNL099C,238
YNL056W,197
YCR095C,362
YHL029C,679
YDR067C,224
YGL038C,480
YKL134C,772
YPL134C,310
YOR222W,307
YML060W,376
YGR179C,406
YBR025C,394
YGL055W,510
Q0130,76
YBR230C,134
YIL136W,393
YKR087C,345
YDR316W,471
YHL020C,404
YOL032W,246
YPR044C,117
YJR073C,206
YDL096C,108
YDR360W,144
YKR035C,213
YLR338W,285
YJL212C,799
YPR194C,877
YBR129C,328
YPR075C,360
YML065W,914
YBR060C,620
YLL004W,616
YPR162C,529
YNL261W,479
YHR118C,435
YGR038W,222
YLR350W,216
YOR130C,292
YDL019C,1283
YHR073W,996
YKR003W,448
YHR001W,437
YJR051W,501
YJL002C,476
YOR103C,130
YOR085W,350
YDL232W,36
YGL226C-A,86
YML019W,332
YOR255W,278
YLR054C,724
YMR148W,148
YFR039C,510
YFL044C,301
YHL013C,307
YER154W,402
YKL215C,1286
YPL196W,273
YHR179W,400
YPL171C,400
YDR071C,191
YER165W,577
YGR078C,199
YDR488C,533
YOR269W,494
YER007W,518
YDR538W,242
YBR279W,445
YMR165C,862
YMR174C,68
YDR348C,499
YDR251W,830
YJL104W,149
YKR065C,197
YLR008C,168
YIR006C,1480
YGL094C,1115
YKL025C,679
YHR063C,379
YIL145C,309
YKR002W,568
YOL115W,584
YDL173W,295
YCR077C,796
YJL223C,120
YDR542W,120
YGL261C,120
YGR294W,120
YHL046C,120
YIL176C,120
YIR041W,124
YKL224C,123
YLL025W,124
YLL064C,120
YMR325W,124
YEL049W,120
YOL161C,120
YOR394W,164
YPL282C,164
YLR037C,124
YBR301W,120
YCR104W,124
YLR461W,120
YFL020C,122
YNR076W,120
YAR020C,55
YAL068C,120
YBL108C-A,120
YLR199C,276
YNL015W,75
YCL052C,416
YGR178C,722
YBR233W,413
YDL053C,185
YJL128C,668
YBR094W,753
YBR295W,1216
YKR095W-A,88
YLR151C,340
YDR228C,626
YBR186W,564
YIL071C,444
YKR097W,549
YGL134W,433
YNL289W,279
YDL127W,308
YHR071W,229
YER059W,420
YIL050W,285
YPL219W,492
YDL179W,304
YEL058W,557
YGR101W,346
YBR222C,543
YGR202C,424
YER178W,420
YBR221C,366
YLR044C,563
YDR081C,925
YLR134W,563
YGR087C,563
YGL248W,369
YOR360C,526
YPR002W,516
YCL043C,522
YOR328W,1564
YIL013C,1411
YPL058C,1511
YDR406W,1529
YNL231C,351
YNL264C,350
YNR070W,1333
YGL013C,1068
YBL005W,976
YOR153W,1511
YLR266C,701
YDR113C,373
YMR076C,1277
YGR193C,410
YBR035C,228
YER149C,420
YGR058W,335
YOR036W,288
YBL017C,1579
YLR148W,918
YPL154C,405
YMR231W,1029
YDR323C,515
YJL053W,379
YCR044C,357
YLR064W,273
YFR023W,611
YKR046C,283
YDR079W,111
YMR257C,800
YBL080C,541
YER058W,107
YER153C,254
YOR158W,318
YOR017W,800
YJL023C,347
YCR020C,215
YJR034W,108
YPL159C,253
YLR067C,965
YNR045W,489
YGR222W,293
YNL003C,284
YBL030C,318
YDR265W,337
YOL147C,236
YMR026C,399
YLR191W,386
YGL153W,341
YOL044W,383
YNL214W,199
YHR160C,283
YDL065C,342
YKL197C,1043
YGR239C,288
YAL055W,180
YPL112C,394
YOR193W,376
YHR150W,579
YDR479C,554
YJL210W,271
YLR324W,523
YGR004W,462
YBR168W,413
YCL056C,144
YDR329C,441
YGR133W,183
YDR244W,612
YNL329C,1030
YDR142C,375
YGR077C,589
YNL326C,336
YOL003C,378
YDR459C,374
YJL179W,109
YBR074W,976
YGR240C,987
YMR205C,959
YIL107C,827
YOL136C,397
YHR185C,237
YNL317W,465
YOR122C,126
YNL158W,198
YNL149C,129
YML125C,312
YPL206C,321
YGL025C,397
YBR196C,554
YCR012W,416
YKL127W,570
YMR105C,569
YCL004W,521
YJR153W,361
YNL316C,334
YGR132C,287
YGR231C,310
YKL043W,366
YDR281C,104
YOL084W,991
YER037W,321
YAR071W,467
YHR215W,467
YDL236W,312
YNL097C,330
YDL106C,559
YBR092C,467
YFR034C,312
YBR093C,467
YDR481C,566
YOL001W,293
YGR233C,1178
YML123C,587
YPL031C,305
YJL117W,311
YCR037C,923
YBR106W,188
YBR296C,574
YJL198W,881
YNR013C,894
YDR374C,306
YOR386W,565
YJL097W,217
YDR313C,286
YGL023C,635
YER053C,300
YML061C,859
YLR273C,648
YIL045W,538
YHR034C,344
YNL267W,1066
YGR086C,339
YBL022C,1133
YOR104W,282
YPR154W,215
YBL051C,668
YOR363C,996
YKL164C,341
YKL163W,325
YJL160C,287
YPR113W,220
YBL105C,1151
YDR490C,766
YOL100W,1081
YDR466W,898
YIL042C,394
YGL059W,491
YMR123W,122
YMR008C,664
YMR006C,706
YOL011W,686
YPL268W,869
YDR501W,521
YDR183W,230
YOR281C,286
YGL008C,918
YPL036W,947
YGL006W,1173
YER132C,1753
YER003C,429
YLR016C,204
YML107C,334
YCR024C-A,40
YEL017C-A,43
YDR276C,55
YGL167C,950
YNL082W,873
YDL095W,817
YAL023C,759
YOR321W,753
YJR143C,762
YDL093W,743
YGR199W,759
YDR307W,662
YKL128C,295
YGL037C,216
YPL096W,363
YOR145C,274
YLR209C,311
YOR161C,539
YOR266W,423
YBR022W,177
YML069W,552
YPL144W,148
YCL047C,258
YIL122W,351
YBL035C,705
YNL102W,1468
YNL262W,2222
YBR088C,258
YJR006W,487
YJR043C,350
YDL102W,1097
YCR014C,582
YEL055C,1022
YMR129W,1337
YLL023C,279
YLR018C,299
YNL221C,875
YNR052C,433
YNL282W,195
YBR257W,279
YAL033W,173
YGR030C,158
YBR167C,140
YBL018C,133
YNL055C,283
YIL114C,281
YPL188W,414
YIL160C,417
YGL205W,748
YMR267W,310
YHR075C,400
YNR032W,368
YDL134C,369
YDL188C,377
YDR075W,308
YDR435C,328
YOL141W,695
YDR452W,674
YPL179W,549
YLR014C,904
YBR276C,807
YGR123C,513
YPL148C,173
YHR201C,397
YML016C,692
YDR436W,710
YEL060C,635
YMR297W,532
YCL057W,712
YER012W,198
YOR362C,288
YPR103W,287
YJL001W,215
YFR050C,266
YMR314W,234
YOL038W,254
YBL041W,241
YML092C,250
YGR135W,258
YIR008C,409
YKL045W,528
YIL095W,810
YNL279W,661
YJL108C,383
YMR278W,622
YIL037C,656
YPL192C,133
YPL156C,284
YIL117C,318
YML047C,352
YDL039C,698
YGL053W,237
YAR031W,298
YDR300C,428
YOR323C,456
YER023W,286
YDL043C,266
YKR086W,1071
YGR006W,251
YLL036C,503
YJL203W,280
YER013W,1145
YMR268C,444
YDR243C,588
YNR011C,876
YGR091W,494
YGR075C,242
YML046W,629
YDR473C,469
YKL012W,583
YDR235W,544
YGL120C,767
YAL032C,379
YPL151C,451
YPR178W,465
YBR237W,849
YBR055C,899
YHR165C,2413
YDL030W,530
YKL116C,518
YDL214C,699
YKL181W,427
YER099C,318
YHL011C,320
YBL068W,326
YOL061W,496
YOR361C,763
YBL064C,261
YJL079C,299
YKR013W,329
YJL078C,881
YDL055C,361
YNL169C,500
YGR170W,1138
YMR308C,1089
YDR013W,208
YJL072C,213
YOL146W,194
YOL054W,406
YAL017W,1356
YOL045W,1101
YMR137C,661
YDR505C,841
YML017W,593
YLL010C,427
YLR019W,397
YDR055W,444
YDR032C,198
YKL076C,127
YNL201C,858
YLR376C,242
YBL046W,441
YAL043C,785
YDL006W,281
YER089C,464
YBL056W,468
YBR125C,393
YOR090C,572
YCR079W,442
YHR076W,343
YHR189W,190
YBL057C,208
YGR156W,425
YKL198C,662
YJR059W,818
YKL039W,523
YDL230W,335
YOR208W,750
YER075C,928
YKR093W,601
YFR029W,678
YNL016W,453
YPR042C,1075
YLL013C,879
YGL014W,888
YDR496C,656
YER185W,303
YLR414C,263
YOR157C,261
YGR253C,260
YER094C,205
YPL212C,544
YGL063W,370
YNL292W,403
YLR165C,254
YGR169C,404
YOR243C,676
YDL036C,462
YLR142W,476
YHR037W,575
YKL015W,979
YOR348C,627
YLR196W,576
YCR057C,923
YPL147W,870
YKL188C,853
YKR090W,706
YGR280C,271
YGL062W,1178
YBR218C,1180
YOR347C,506
YPR186C,429
YHR001W-A,77
YPR191W,368
YFR033C,147
YDR529C,127
YJL166W,94
YGR183C,66
YIL120W,563
YIL121W,542
YBR043C,689
YHR074W,714
YDL103C,477
YLR204W,111
YDL104C,407
YPL022W,1100
YML095C,210
YMR201C,371
YBR114W,790
YOR368W,401
YCR066W,487
YGR258C,1031
YEL037C,398
YER173W,659
YJR035W,1085
YKL113C,382
YDR030C,506
YDR419W,632
YML011C,177
YDR314C,692
YER171W,778
YER162C,754
YNL250W,1312
YER095W,400
YML032C,471
YPL153C,821
YGL163C,898
YDR076W,406
YDR004W,460
YDL059C,238
YLR032W,1169
YDR014W,647
YGL058W,172
YJR052W,565
YDR217C,1309
R0030W,181
YGL246C,387
YDL090C,431
YKL019W,316
YNL216W,827
YOR101W,309
YNL098C,322
YOR048C,1006
YJR033C,1357
YDR202C,351
YOR301W,435
YLR084C,1220
YDR527W,439
YPL246C,262
YAL036C,369
YGR173W,368
YCR036W,333
YOR265W,106
YDL189W,457
YMR274C,315
YML030W,159
YNR018W,224
YGL158W,512
YLR248W,610
YOL010W,367
YNL022C,490
YKL159C,211
YOR220W,265
YMR075W,684
YBR005W,213
YDR003W,210
YJL204C,840
YBR073W,958
YDL135C,202
YOR285W,139
YOR286W,149
YOR380W,546
YCR106W,832
YPL133C,446
YPR094W,107
YBR049C,810
YLR329W,264
YHR157W,182
YJR021C,314
YMR133W,428
YPR007C,680
YLR263W,827
YJL217W,198
YDR195W,533
YDR028C,1014
YBR050C,338
YLR387C,432
YBR267W,393
R0020C,373
R0040C,296
YCL001W,188
YBR002C,286
YOR207C,1149
YFR051C,546
YPL010W,189
YOR346W,985
YPL167C,1504
YIL139C,245
YLR059C,269
YLR107W,404
YOL080C,289
YAR007C,621
YNL312W,273
YJL173C,122
YOR217W,861
YJR068W,353
YNL290W,340
YOL094C,323
YBR087W,354
YOR279C,310
YBR052C,210
YBL020W,574
YLR073C,200
YLR176C,811
YOR127W,1007
YDR379W,1009
YPR115W,1083
YBR260C,666
YFL047W,714
YER067W,161
YIL057C,164
YMR182C,211
YDR137W,663
YLR071C,1082
YOR107W,309
YKL038W,1170
YDL138W,763
YCR027C,209
YPR165W,209
YNL090W,192
YIL118W,231
YKR055W,291
YNL180C,331
YNL163C,1110
YBL033C,345
YOL066C,591
YDR487C,208
YOL143C,169
YBR256C,238
YBR153W,244
YLR039C,1056
YBR275C,1916
YLR453C,395
YCR028C-A,135
YHL027W,625
YMR139W,370
YMR154C,727
YFL033C,1770
YBR192W,377
YOR275C,661
YNL294C,533
YHL024W,713
YGL045W,542
YMR063W,239
YOR119C,484
YNL207W,425
YEL024W,215
YMR283C,513
YHR197W,763
YLL034C,837
YOR095C,258
YPL208W,583
YDR198C,479
YBR030W,552
YDR257C,494
YLR137W,367
YMR247C,1562
YPR018W,606
YDR091C,608
YPL089C,676
YLR009W,199
YNL002C,322
YKL132C,430
YDL001W,430
YDR255C,421
YEL072W,231
YFR048W,662
YGL107C,646
YGR044C,300
YPL024W,241
YEL050C,393
YLR145W,201
YGL250W,241
YDR465C,412
YMR235C,407
YMR061W,677
YGL044C,296
YMR234W,348
YNL072W,307
YDR279W,350
YLR154C,110
YGR276C,553
YLL046C,249
YCL028W,405
YER070W,888
YJL026W,399
YIL066C,869
YGR180C,345
YMR239C,471
YPL123C,434
YOR018W,837
YGL144C,685
YFR022W,733
YGL171W,564
YGR070W,1155
YLR371W,1356
YMR200W,256
YBR229C,954
YPR065W,368
YBL093C,220
YMR258C,553
YJR063W,125
YPR010C,1203
YDR156W,137
YOR341W,1664
YJL148W,233
YOR340C,326
YNL248C,415
YOR210W,70
YOL005C,120
YOR151C,1224
YIL021W,318
YJL140W,221
YBR154C,215
YDR404C,171
YOR224C,146
YGL070C,122
YHR143W-A,70
YDR045C,110
YJL011C,161
YNL113W,142
YKL144C,212
YNL151C,251
YNR003C,317
YKR025W,282
YPR110C,335
YDL150W,422
YPR190C,654
YNL330C,433
YJL121C,238
YHR088W,295
YKR081C,344
YBR079C,964
YER169W,796
YIL119C,407
YLR075W,221
YPR102C,174
YGR085C,174
YEL054C,165
YDR418W,165
YDL082W,199
YMR142C,199
YKL006W,138
YHL001W,138
YLR029C,204
YMR121C,204
YIL133C,199
YNL069C,198
YKL180W,184
YJL177W,184
YOL120C,186
YNL301C,186
YBR084C-A,189
YBL027W,189
YPL220W,217
YGL135W,217
YMR242C,172
YOR312C,172
YBR191W,160
YPL079W,160
YLR061W,121
YFL034C-A,122
YBL087C,137
YER117W,137
YGL031C,155
YGR148C,155
YOL127W,142
YLR344W,127
YGR034W,127
YHR010W,136
YDR471W,136
YGL103W,149
YFR032C-A,59
YFR031C-A,254
YIL018W,254
YGL030W,105
YDL075W,113
YLR406C,113
YBL092W,130
YPL143W,107
YOR234C,107
YER056C-A,121
YIL052C,121
YDL191W,120
YDL136W,120
YMR194W,100
YPL249C-A,100
YLR185W,88
YDR500C,88
YLR325C,78
YJL189W,51
YOR063W,387
YIL148W,128
YKR094C,128
YDL184C,25
YDL133C-A,25
YNL162W,106
YHR141C,106
YPR043W,92
YJR094W-A,92
YBR031W,362
YDR012W,362
YPL131W,297
YML073C,176
YLR448W,176
YGL076C,244
YPL198W,244
YHL033C,256
YLL045C,256
YGL147C,191
YNL067W,191
YML091C,1202
YHR200W,268
YFR004W,306
YFR052W,274
YLR421C,156
YGL004C,417
YHR027C,993
YIL075C,945
YER021W,523
YDL020C,531
YDL147W,445
YDL097C,434
YPR108W,429
YOR261C,338
YDR427W,393
YDL140C,1733
YPR187W,155
YOR116C,1460
YFL036W,1351
YLR340W,312
YHR062C,293
YDL081C,106
YDL130W,106
YOL039W,106
YDR382W,110
YIR015W,144
YGR214W,252
YLR048W,252
YOR293W,105
YMR230W,105
YDR025W,156
YBR048W,156
YOR369C,143
YDR064W,151
YCR031C,137
YJL191W,138
YOL040C,142
YMR143W,143
YDL083C,143
YML024W,136
YDR447C,136
YDR450W,146
YML026C,146
YOL121C,144
YNL302C,144
YLR441C,255
YML063W,255
YHL015W,121
YKR057W,87
YJL136C,87
YJL190C,130
YLR367W,130
YGR118W,145
YPR132W,145
YER074W,135
YIL069C,135
YGR027C,108
YLR333C,108
YGL189C,119
YER131W,119
YKL156W,82
YHR021C,82
YOR167C,67
YLR264W,67
YLR388W,56
YDL061C,56
YGL123W,254
YLR287C-A,63
YOR182C,63
YLR167W,152
YNL178W,240
YJR145C,261
YHR203C,261
YJR123W,225
YPL090C,236
YBR181C,236
YOR096W,190
YNL096C,190
YBL072C,200
YER102W,200
YPL081W,197
YBR189W,195
YKL145W,467
YDL007W,437
YDR394W,428
YOR259C,437
YOR117W,434
YGL048C,405
YMR131C,511
YIL153W,393
YPL152W,358
YHR038W,230
YDR065W,365
YOR305W,242
YPR116W,277
YNL213C,214
YDL216C,440
YOL117W,645
YHR031C,723
YBL025W,145
YML043C,507
YKL125W,627
YLR141W,363
YBL014C,894
YJL025W,514
YMR270C,365
YDR087C,278
YPL012W,1228
YKL082C,434
YPR143W,250
YDR412W,235
YHR065C,501
YOR287C,300
YHR069C,359
YOL142W,240
YDL111C,265
YCR035C,394
YDR280W,305
YGR095C,223
YMR229C,1729
YOR001W,733
YCL031C,297
YDR083W,392
YPR137W,573
YOR294W,203
YBL048W,103
YCR045C,491
YER066W,185
YIL127C,206
YLR162W-A,62
YNL105W,142
YBR246W,387
YFR032C,289
YGL146C,311
YLL030C,113
YOL048C,342
YPL193W,381
YLR221C,220
YCR072C,515
YOR049C,382
YGR056W,928
YLR357W,889
YDR303C,885
YHR056C,883
YKR008W,625
YLR033W,502
YCR052W,483
YFR037C,557
YML127W,581
YML049C,1361
YMR030W,376
YJR127C,1380
YDR041W,203
YER050C,138
YNR037C,91
YKL155C,628
YGL129C,450
YDR175C,319
YIL093C,264
YJR101W,266
YGR215W,110
YDR494W,361
YJR113C,247
YMR266W,953
YER125W,809
YGR152C,272
YGR213C,317
YOL138C,1341
YBR147W,296
YHR087W,111
YNL254C,401
YOR118W,567
YPL183W-A,93
YGL244W,558
YOL067C,177
YGL252C,588
YBL103C,486
YDL025C,620
YDR233C,295
YDL204W,393
YMR185W,981
YER139C,226
YDR066C,196
YOR014W,757
YOR077W,232
YGR161C,263
YJL047C,842
YGR275W,157
YDR289C,409
YER104W,208
YNL206C,455
YHR154W,1070
YLL002W,436
YPL183C,1013
YDR139C,77
YOR216C,484
YOR138C,671
YDR190C,463
YPL235W,471
YCR009C,265
YDR388W,482
YBR095C,430
YDL076C,294
YKL212W,623
YDR159W,1301
YDR129C,642
YDR389W,654
YFR005C,448
YGL175C,345
YHR079C-A,91
YBR280C,637
YJR004C,650
YER043C,449
YER129W,1142
YNL083W,494
YLR180W,382
YDR502C,384
YPL274W,587
YHR083W,329
YMR060C,327
YPL273W,325
YNL026W,484
YDR143C,610
YER047C,897
YFR040W,1002
YJL098W,1058
YKR028W,1033
YMR263W,201
YGL229C,818
YPL218W,190
YDL153C,610
YMR127C,338
YBL052C,831
YDR181C,481
YOR213C,248
YCR008W,603
YAL027W,261
YGR263C,424
YKL117W,216
YDR351W,864
YHR103W,852
YER087C-B,82
YER019C-A,88
YHL034C,294
YDR180W,1493
YER147C,624
YOR329C,872
YPR129W,349
Q0160,235
YHR205W,824
YMR214W,377
YGL011C,252
YDL139C,223
YGR049W,187
YBR037C,295
YBR024W,301
YOR367W,200
YJL080C,1222
YER120W,244
YBL091C-A,175
YGL126W,380
YMR272C,384
YBL011W,759
YMR305C,389
YGL028C,542
YGR279C,386
YGL083W,804
YGR245C,767
YDR469W,175
YLL016W,1048
YKL148C,640
YLL041C,266
YKL141W,198
YDR178W,181
YOL071W,162
YDR379C-A,79
YDR511W,133
YBR269C,138
YIL167W,210
YLR022C,250
YIL113W,209
YKL193C,338
YGL056C,527
YBR214W,527
YIL084C,327
YGL224C,280
YBL104C,1038
YDR164C,724
YLR166C,871
YIR022W,167
YNR026C,471
YLR208W,297
YMR079W,304
YGL233W,910
YPL085W,2195
YBL050W,292
YBR080C,758
YNL272C,759
YDR498C,383
YNL287W,935
YLR268W,214
YPR181C,768
YIL109C,926
YDR238C,973
YGL137W,889
YIL076W,296
YDL195W,1273
YLR440C,709
YER008C,1336
YFL005W,215
YDR166C,971
YFL045C,254
YMR013C,519
YIL068C,805
YLR378C,480
YPL094C,274
YOR254C,663
YML105C,273
YBR171W,206
YDR170C,2009
YLR292C,193
YPR055W,1065
YGR009C,651
YDR077W,338
YCR067C,1065
YLR026C,340
YIL064W,257
YBL066C,1148
YMR086W,960
YKL105C,1132
YGL100W,349
YDR363W-A,89
YLR430W,2231
YMR059W,128
YLR105C,377
YAR008W,275
YPL083C,467
YAL067C,593
YOR184W,395
YGR208W,309
YER081W,469
YIL074C,469
YDR023W,462
YHR119W,1080
YJL168C,733
YKR029C,751
YJL105W,560
YHR207C,526
YPL165C,373
YOR165W,776
YDL168W,386
YNL049C,876
YHR098C,929
YJR095W,322
YOR315W,346
YLR321C,426
YJL145W,294
YLL003W,946
YKL051W,353
YOR140W,766
YOR021C,213
YLR403W,683
YKL006C-A,97
YBL102W,215
YIL099W,549
YLR336C,899
YPR198W,543
YPL047W,99
YCL010C,259
YGL066W,657
YJR134C,707
YIR001C,250
YOR073W,590
YMR190C,1447
YOR057W,395
YOR007C,346
YPR161C,657
YKR043C,271
YER096W,512
YBL031W,338
YGL228W,577
YKL130C,246
YBR130C,425
YOR035C,789
YDR393W,456
YBR258C,142
YMR118C,196
YLR164W,168
YBR263W,490
YLR058C,469
YER118C,367
YBL058W,423
YIL104C,507
YDL212W,210
YOL110W,237
YDL225W,551
YHL006C,150
YDR078C,223
YGR112W,389
YOR137C,622
YLR079W,284
YBR103W,535
YOL031C,421
YIL123W,476
YOL004W,1536
YNL236W,974
YDR422C,815
YMR175W,79
YGL208W,415
YNL257C,1229
YJL089W,829
YMR140W,489
YKR101W,654
YDL042C,562
YLR442C,978
YDR227W,1358
YNL007C,352
YKR072C,562
YEL065W,628
YDL047W,311
YNL032W,281
YDR409W,904
YKR100C,355
YLR187W,1026
YHR149C,734
YLR398C,1287
YPR189W,1432
YGR195W,246
YOR076C,747
YGL213C,397
YOL113W,655
YGR143W,771
YHR206W,622
YNL167C,647
YDR328C,194
YNL311C,763
YPL026C,502
YBL061C,696
YMR216C,742
YBL007C,1244
YNL243W,968
YDL052C,303
YKL108W,453
YGL113W,668
YDR489W,294
YOR060C,257
YDR515W,447
YOR008C,378
YGR271W,1967
YGR212W,468
YBR156C,698
YOR195W,821
YIL105C,686
YNL047C,656
YDL033C,417
YBR077C,162
YCR024C,492
YBR266C,150
YIL147C,1220
YER180C-A,85
YOR154W,587
YLR139C,643
YHR030C,484
YDR088C,382
YBR228W,304
YLR135W,748
YDL013W,619
YER116C,274
YGR081C,210
YDR189W,666
YOR307C,453
YNL196C,298
YPL027W,245
YML066C,369
YER029C,196
YFL008W,1225
YFR031C,1170
YJL074C,1230
YLR086W,1418
YOL034W,1093
YLR383W,1114
YGR074W,146
YLR275W,110
YLR147C,101
YOR159C,94
YOL122C,575
YHR050W,549
YLR034C,473
YGR229C,505
YPR054W,388
YML058W,104
YNR015W,384
YBR182C,452
YOR149C,516
YDR510W,101
YFL017W-A,77
YPR182W,86
YKL079W,656
YBR172C,740
YDR525W-A,79
YJL151C,133
YDL123W,140
YAL030W,117
YOR327C,115
YDR073W,169
YNR023W,566
YDR477W,633
YOR290C,1703
YDL194W,884
YGL115W,322
YBR289W,905
YHL025W,332
YLR025W,240
YPL002C,233
YGR197C,547
YIL016W,159
YDR478W,198
YNL086W,102
YMR095C,224
YNL334C,222
YFL060C,222
YMR322C,237
YIL061C,300
YDR011W,1501
YCR033W,1226
YGL131C,1403
YPR101W,175
YKL173W,1008
YEL026W,126
YDL098C,194
YDR240C,492
YOR308C,587
YGR013W,620
YOR357C,162
YDR425W,625
YJL036W,423
YMR096W,297
YNL333W,298
YFL059W,298
YJR104C,154
YHR008C,233
YLL011W,489
YOR353C,791
YGL127C,127
YDR006C,901
YMR016C,785
YNR034W,321
YCR073W-A,315
YHR163W,249
YGR248W,255
YEL059C-A,74
YJL192C,234
YJR159W,357
YDL246C,357
YMR066W,898
YLL021W,1466
YCL054W,841
YFL002C,606
YJR010C-A,94
YGL093W,917
YDR356W,944
YDR201W,165
YMR117C,213
YER018C,221
YPL124W,253
YML055W,178
YLR066W,184
YKR037C,295
YKL042W,363
YAL047C,622
YHR172W,823
YNL126W,846
YKL184W,466
YOL052C,396
YPR069C,293
YLR146C,300
YEL031W,1215
YGR236C,95
YDR504C,127
YMR107W,115
YMR191W,373
YLR313C,661
YER150W,148
YHR136C,148
YPR133C,410
YNL012W,631
YHL022C,398
YHR152W,173
YHR014W,291
YKR031C,1683
YHR153C,198
YPL130W,223
YMR017W,397
YOL091W,609
YIL073C,975
YBR250W,523
YAL009W,259
YDR104C,1245
YER046W,143
YGL170C,413
YLL005C,868
YLR341W,477
YPL138C,353
YOR148C,185
YBR152W,291
YLR424W,708
YDR464W,1435
YOR190W,445
YDR218C,423
YGR059W,512
YER115C,191
YDR523C,490
YHR139C,326
YNL204C,300
YNL202W,292
YDR522C,502
YCL048W,463
YOR313C,338
YJL127C,640
YPL175W,452
YER148W,240
YGL207W,1035
YOL148C,604
YMR179W,758
YKL020C,1082
YER161C,333
YDR392W,337
YGR063C,102
YML010W,1063
YGR116W,1451
YBR081C,1332
YLR055C,602
YNL224C,767
YIR012W,431
YHR041C,210
YER022W,687
YGR104C,307
YBR253W,121
YDR308C,140
YCR081W,1427
YML034W,834
YCR018C,221
YDL133W,437
YOR247W,210
YLR082C,392
YKR091W,246
YPL033C,281
YGL097W,482
YLR119W,213
YBL106C,1010
YPR032W,1033
YCL037C,434
YDR292C,621
YKL154W,244
YDL092W,146
YNL189W,542
YKL122C,167
YKR092C,406
YPR088C,541
YPL243W,599
YPL210C,640
YJL092W,1174
YMR101C,343
YNL138W,526
YKL086W,127
YKL218C,326
YAL005C,642
YLL024C,639
YBL075C,649
YER103W,642
YDL229W,613
YNL209W,613
YJR045C,654
YDR293C,1250
YPL106C,693
YBR169C,693
YHR066W,453
YDR312W,453
YBR283C,490
YKL124W,579
YLR006C,712
YNR031C,1579
YCR073C,1331
YLR005W,461
YIL143C,843
YIL030C,1319
YDR443C,1420
YPL042C,555
YNL025C,323
YPL232W,290
YMR183C,295
YHR184W,571
YLR250W,234
YOR242C,371
YLR369W,657
YDR086C,80
YLR452C,698
YPL092W,458
YNL222W,206
YDR160W,852
YJL156C,699
YHR064C,538
YNL309W,420
YMR053C,850
YDR169C,513
YMR019W,949
YHR178W,743
YKL072W,766
YOR047C,444
YLR362W,717
YHR084W,688
YOR219C,931
YDR410C,239
YJR086W,110
YFL026W,431
YHL007C,939
YLR389C,1027
YJR117W,453
YKL178C,470
YOR212W,423
YCL032W,346
YDR103W,917
YKL209C,1290
YDL159W,515
YDL130W-A,86
YGR008C,84
YIL126W,1359
YOR027W,589
YDR536W,569
YLR150W,273
YDR082W,494
YMR125W,861
YDR463W,519
YHR006W,541
YCL008C,385
YLR375W,343
YDL048C,490
YJR130C,639
YGL184C,465
YIR011C,319
YGL022W,718
YLR305C,1900
YBL034C,1513
YLR045C,888
YMR054W,890
YGL169W,426
YPR086W,345
YMR039C,292
YDL084W,446
YIL162W,532
YPR151C,206
YNL244C,108
YJR007W,304
YPL237W,285
YBR294W,859
YLR092W,893
YDR310C,1062
YNL066W,420
YDR172W,685
YBR143C,437
YPL057C,382
YDR297W,349
YML052W,302
YBR111W-A,96
YGL162W,299
YPR009W,268
YPL029W,737
YDR346C,481
YPL032C,825
YHR181W,228
YPL163C,260
YDR320C,668
YAL011W,625
YGR002C,476
YBR231C,303
YLR385C,132
YAR003W,426
YKL018W,329
YBR175W,315
YJL187C,819
YDR126W,336
YAR042W,1188
YPL016W,1314
YJL176C,825
YER111C,1093
YDR146C,709
YLR182W,803
YDR260C,170
YNR004W,146
YMR149W,286
YFL049W,623
YDR334W,1514
YNL081C,143
YOR166C,458
YNL187W,357
YDR395W,944
YOR179C,188
YDR416W,859
YGR129W,215
YIL047C,902
YPL105C,849
YLR251W,197
YAL014C,255
YDL063C,620
YCR030C,870
YJL004C,203
YPR095C,1226
YGL243W,400
YJL035C,250
YLR316C,322
YBR261C,232
YPL009C,1038
YDR167W,206
YML015C,346
YDR145W,539
YML098W,167
YPL129W,244
YGR274C,1066
YCR042C,1407
YPL011C,353
YMR005W,388
YBR198C,798
YGL112C,516
YMR227C,590
YML114C,510
YMR236W,157
YCR060W,111
YJR046W,604
YPR048W,623
YLR354C,335
YGR046W,385
YGL232W,289
YIL129C,2376
YMR028W,366
YLR154W-C,124
YBR069C,619
YOL020W,592
YJL083W,604
YPR140W,381
YPL128C,562
YBR150C,1094
YEL048C,152
YOR086C,1186
YNL087W,1178
YML072C,1545
YHR003C,429
YKL027W,447
YBR044C,572
YPL180W,799
YDR212W,559
YMR291W,586
YGR205W,290
YHR159W,504
YER071C,126
YHR009C,523
YJR116W,279
YLR426W,326
YPR157W,467
YNL176C,636
YAL064C-A,126
YML081W,1251
YJL052W,332
YJR009C,332
YGR192C,332
YBR223C,544
YOR337W,759
YBR083W,486
YIL039W,473
YPR080W,458
YBR118W,458
YKL081W,412
YBL088C,2787
YGR099W,688
YML064C,245
YLR010C,160
YNL128W,434
YJR019C,349
YNL253W,422
YKL028W,482
YKR062W,328
YDR311W,642
YPL122C,513
YDR460W,321
YPR056W,338
YDR079C-A,72
YBR123C,649
YAL001C,1160
YGR047C,1025
YDR362C,672
YOR110W,435
YPL007C,588
YGR186W,735
YGR005C,400
YLR178C,219
YKL140W,548
YDR058C,326
YMR313C,642
YKR089C,910
YOR081C,749
YPL157W,315
YGR024C,237
YJR156C,340
YNL332W,340
YDL244W,340
YOL055C,551
YPL258C,551
YPR121W,572
YBR240C,450
YDL080C,609
YGR144W,326
YFL058W,340
YPL214C,540
YOR192C,599
YLR004C,523
YDR438W,370
YLR237W,598
YOR143C,319
YER063W,218
YNL139C,1597
YOL072W,455
YHR167W,261
YPR045C,470
YHR025W,357
YCR053W,514
YIL078W,734
YMR260C,153
YKR059W,395
YJL138C,395
YMR146C,347
YDR429C,274
YPR163C,436
YGR162W,952
YGL049C,914
YPR041W,405
YPR016C,245
YHR005C-A,93
YDR322C-A,96
YBR091C,109
YGR181W,105
YJL143W,158
YOR297C,192
YGR033C,239
YDL217C,207
YNR017W,222
YIL022W,431
YPL063W,476
YJL054W,478
YJR135W-A,87
YEL020W-A,87
YBR067C,210
YGL145W,701
YPR040W,356
YER011W,254
YOR010C,251
YIL011W,269
YOR009W,487
YLR136C,285
YPR074C,680
YBR117C,681
YDR468C,224
YOL018C,397
YLR327C,86
YIL137C,946
YOR252W,178
YDL110C,150
YKL056C,167
YER007C-A,181
YJR014W,198
YMR269W,211
YOR091W,345
YDR117C,565
YLR262C-A,64
YOR052C,150
YDR107C,672
YER113C,706
YDR105C,473
YER175C,299
YGR260W,534
YOR194C,286
YKL058W,122
YBL054W,525
YNL273W,1238
YKR010C,771
YJL093C,691
YDR457W,3268
YGR082W,183
YNL131W,152
YMR203W,387
YPR133W-A,50
YOR045W,61
YNL121C,617
YHR117W,639
YNL070W,60
YOL006C,769
YNL088W,1428
YLR234W,656
YJR066W,2470
YKL203C,2474
YBR162C,455
YGR221C,622
YGL179C,560
YLR183C,489
YNL300W,102
YGL096W,276
YER049W,644
YGR096W,314
YAL016W,635
YDR050C,248
YJL164C,397
YPL203W,380
YKL166C,398
YNL079C,199
YIL138C,161
YGL186C,579
YLL028W,586
YGR138C,614
YPR156C,622
YOR273C,659
YKL174C,618
YMR156C,238
YBR126C,495
YDR074W,896
YMR261C,1054
YOL102C,230
YHR099W,3744
YPL176C,783
YOR256C,809
YNL299W,642
YMR233W,226
YJL129C,1235
YKR050W,889
YJL087C,827
YDR120C,570
YOL093W,293
YOL124C,433
YNR046W,135
YML005W,462
YOL125W,476
YKR056W,639
YDL112W,1436
YPL030W,567
YHR070W,499
YBR061C,310
YMR259C,1420
YDL201W,286
YDR165W,444
YML014W,279
YDR007W,224
YER090W,507
YKL211C,484
YDR354W,380
YGL026C,707
YDR353W,319
YHR106W,342
YDR407C,1289
YMR218C,1102
YBR254C,175
YDR246W,219
YDR472W,283
YOR115C,268
YGR166W,560
YDR108W,698
YLR043C,103
YGR209C,104
YCR083W,127
YKR079C,838
YML028W,196
YDR453C,196
YBR265W,320
YER093C,1430
YDL015C,310
YBR058C-A,80
YML100W,1098
YDL060W,788
YLR435W,205
YOR006C,313
YOL022C,408
YKL033W,1038
YJR136C,421
YML085C,447
YFL037W,457
YML124C,445
YLR212C,473
YOR187W,437
YKL034W,758
YOR251C,304
YCR084C,713
YLR425W,1307
YDR100W,143
YMR071C,167
YDR084C,199
YKR088C,337
YGR080W,332
YAR010C,440
YBL005W-A,440
YBR012W-A,440
YDR098C-A,440
YDR170W-A,440
YDR210C-C,440
YDR261C-C,440
YDR316W-A,440
YDR365W-A,440
YER137C-A,440
YER159C-A,440
YGR027W-A,440
YGR038C-A,440
YGR161C-C,440
YHR214C-C,478
YJR026W,440
YJR028W,440
YLR035C-B,440
YLR157C-A,440
YLR227W-A,440
YLR256W-A,440
YML045W-A,440
YML040W,440
YMR046C,440
YMR051C,440
YNL284C-A,440
YNL054W-A,440
YOL103W-A,440
YOR142W-A,440
YPL257W-A,440
YPR137C-A,440
YPR158W-A,440
YPR158C-C,440
YAR009C,1196
YBL005W-B,1755
YBR012W-B,1756
YDR098C-B,1755
YDR210C-D,1755
YDR261C-D,1604
YDR316W-B,1755
YDR365W-B,1755
YER138C,1755
YER160C,1755
YGR027W-B,1755
YGR038C-B,1755
YGR161C-D,1755
YHR214C-B,1793
YJR027W,1755
YJR029W,1755
YLR035C-A,1755
YLR157C-B,1755
YLR227W-B,1755
YLR256W-B/YLR256W-C,1755
YML045W,1755
YML039W,1755
YMR045C,1755
YMR050C,1755
YNL284C-B,1755
YNL054W-B,1749
YOL103W-B,1755
YOR142W-B,1755
YPL257W-B,1755
YPR137C-B,1755
YPR158W-B,1756
YPR158C-D,1755
YBL100W-A,438
YCL020W,438
YDR034C-C,438
YDR210W-A,438
YDR261W-A,438
YFL002W-B,438
YGR038C-E,438
YGR161W-A,438
YLR410W-A,438
YLR424C-B,438
YOR192C-A,438
YOR343W-A,438
YBL100W-B,1770
YCL019W,1770
YDR034C-D,1770
YDR210W-B,1770
YDR261W-B,1770
YFL002W-A,1770
YGR038C-D/YGR038C-C,1770
YGR161W-B,1770
YLR410W-B,1770
YLR424C-A,1598
YOR192C-B,1770
YOR343W-B,1770
YGR109W-A,290
YIL082W,290
YGR109W-B,1547
YIL082W-A,1498
YHL009W-A,413
YJL114W,414
YHL009W-B,1802
YJL113W,1803
YCL074W,308
YCL075W,146
YOR344C,291
YBR166C,452
YGR185C,394
YPL207W,810
YGL050W,273
YOR295W,228
YKL210W,1024
YDR390C,636
YPR066W,299
YHR111W,440
YDR177W,215
YOR339C,156
YLR306W,188
YDR092W,153
YBR082C,148
YDR059C,148
YER100W,250
YMR022W,165
YEL012W,218
YDL064W,157
YLL039C,381
YDL122W,809
YNL186W,792
YKR098C,717
YJL197W,1254
YBL067C,747
YBR058C,781
YMR304W,1230
YPL072W,499
YOR124C,1272
YER151C,912
YER144C,805
YFR010W,499
YIL156W,1071
YMR223W,471
YER098W,754
YGR184C,1950
YLR024C,1872
YBR165W,277
YML013W,584
YDL091C,455
YMR067C,416
YDR330W,500
YJL048C,396
YBR273C,436
YGR048W,361
YDL190C,961
YKL010C,1483
YOR075W,346
YML088W,668
YGR019W,471
YBR006W,497
YDL170W,528
YDL210W,571
YDR470C,502
YKL035W,499
YDL169C,223
YAR027W,235
YPL186C,304
YKR044W,443
YPL003W,462
YFR026C,169
YPL020C,621
YIL031W,1034
YOR191W,1619
YPL139C,460
YDR207C,836
YBR173C,148
YML021C,359
YDR213W,913
YGR072W,387
YLR193C,175
YLR168C,230
YDR185C,179
YKL216W,314
YMR271C,227
YJL130C,2214
YEL021W,267
YLR420W,364
YML106W,226
YKL024C,204
YBL039C,579
YJR103W,578
YKL014C,1764
YJR041C,1174
YDR520C,772
YNL229C,354
YDR400W,340
YNR012W,501
YIL008W,99
YPR152C,465
YML029W,838
YLR132C,290
YGL098W,245
YDL058W,1790
YPL230W,391
YKR042W,365
YJL109C,1769
YKL099C,250
YLR222C,817
YML093W,899
YMR093W,513
YJL069C,594
YBL004W,2493
YLR409C,939
YGR090W,1237
YOR004W,254
YIL091C,721
YKR060W,274
YDR324C,776
YDR398W,643
YDR449C,440
YER082C,554
YGR128C,713
YHR196W,575
YJR049C,530
YEL040W,467
YEL038W,227
YEL035C,166
YEL005C,282
YLR386W,880
YCL063W,423
YNL054W,1165
YEL013W,578
YOR068C,114
YOR106W,283
YDL077C,1049
YGL212W,316
YML115C,535
Q0140,398
YGR094W,1104
YMR088C,562
YBR293W,474
YCL069W,458
YDR119W,768
YKR105C,582
YDL128W,411
YGL258W,206
YER128W,203
YBR235W,1120
YIL056W,640
YER064C,505
YDR247W,461
YIL135C,436
YOR054C,674
YGR065C,593
YLR373C,901
YBR105C,362
YNL212W,782
YIL017C,921
YGL227W,958
YPL253C,647
YLR410W,1146
YHR039C-A,114
YPL234C,164
YPR036W,478
YHR026W,213
YDL185W,1071
YGR105W,77
YHR060W,181
YBR127C,517
YEL027W,160
YOR332W,233
YKL080W,392
YLR447C,345
YGR020C,118
YEL051W,256
YCL005W-A,73
YHL035C,1592
YDR049W,632
YNL321W,908
YGR106C,265
YOR270C,840
YKL119C,215
YLL040C,3144
YBR097W,1454
YPL045W,798
YOR132W,551
YKR001C,704
YMR077C,221
YOR089C,210
YKL041W,224
YJR102C,202
YNR006W,622
YPL065W,242
YHR012W,282
YPL120W,557
YLR396C,691
YLR240W,875
YJL154C,944
YLR417W,566
YLR360W,439
YDR495C,1011
YDR080W,992
YGL095C,577
YPR173C,437
YKR020W,164
YDR484W,641
YJL029C,822
YDR027C,889
YJR044C,140
YOR069W,675
YDR486C,229
YDR136C,190
YGR141W,467
YLR261C,108
YDR200C,604
YLR322W,104
YOL129W,184
YPR087W,106
YJR126C,811
YML041C,280
YDR485C,795
YGL104C,486
YDR372C,345
YNL246W,264
YAL002W,1274
YML097C,451
YGL225W,337
YLR337C,817
YLR181C,330
YER072W,129
YFL004W,828
YPL019C,835
YJL012C,721
YIL173W,1549
YJL222W,1549
YMR197C,217
YOR359W,523
YML076C,944
YEL002C,430
YOR043W,486
YNL197C,661
YDL224C,649
YOR083W,295
YOL097C,432
YNL283C,503
YOL105C,556
YHL028W,605
YHR134W,269
YOR230W,437
YOR229W,467
YFL010C,211
YIL101C,647
YLR090W,459
YGR194C,600
YJR133W,209
YGL173C,1528
YDR369C,854
YLR070C,356
YJR067C,141
YNL107W,226
YPL252C,172
YJL141C,807
YHR161C,637
YGR241C,568
YML007W,650
YHL009C,330
YIR018W,245
YDR259C,383
YOL028C,245
YPL239W,200
YAR035W,687
YER024W,923
YBR216C,674
YGL060W,641
YLL048C,1661
YDR135C,1515
YDR325W,1035
YGR203W,148
YHR135C,538
YNL154C,546
YER123W,524
YCR004C,247
YLR272C,1176
YLL055W,531
YPL087W,317
YNL064C,409
YEL004W,342
YEL006W,335
YEL041W,495
YLR249W,1044
YLL012W,573
YLR020C,538
YBL060W,687
YER041W,759
YKL065C,206
YMR040W,160
YDL072C,203
YDL120W,174
YFR007W,353
YDR319C,274
YOL128C,375
YNL160W,354
YGR234W,399
YLR298C,231
YJL059W,408
YHR029C,294
YHR048W,514
YMR241W,314
YDR451C,353
YIL006W,373
YNL263C,314
YPL201C,461
YCR059C,258
YMR152W,365
YMR151W,145
YGR172C,248
YNL044W,176
YGL198W,235
YGL161C,310
YKL095W,278
YKL094W,313
YLR200W,114
YIL023C,346
YKL196C,200
YMR284W,602
YMR106C,629
YHL014C,405
YPR125W,454
YPR058W,307
YBR104W,329
YML038C,442
YPR024W,747
YMR302C,850
YML025C,286
YJR110W,688
YFR049W,123
YER005W,630
YOR064C,219
YHR090C,282
YKL067W,153
YPR028W,180
YGR281W,1477
YER074W-A,85
YDR057W,542
YML027W,385
YBR183W,316
YDL235C,167
YFR003C,155
YKL126W,680
YMR104C,677
YBR028C,525
YOR291W,1472
YGR198W,817
YOL092W,308
YDR352W,317
YDR368W,312
YLR120C,569
YLR121C,508
YGL259W,165
YIR039C,537
YDR349C,596
YBR264C,199
YNL304W,417
YFL038C,206
YER031C,223
YGL210W,222
YHR105W,214
YKR014C,234
YNL093W,220
YLR262C,215
YML001W,208
YDR381W,226
YKL214C,203
YDR002W,201
YIL063C,327
YGL164C,440
YDR545W,1796
YER190W,1681
YGR296W,1859
YLR466W,1382
YLR467W,1796
YNL339C,1859
YPL283C,1859
YOR396W,1796
YOR172W,786
YBR054W,344
YOR162C,810
YBR111C,231
YHR017W,385
YHR016C,468
YNL138W-A,85
YLR277C,779
YHR155W,1228
YDR326C,1438
YOR003W,478
YKR053C,404
YBR148W,609
YBR162W-A,65
YMR089C,825
YPL074W,754
YGR270W,1379
YPR107C,208
YOR272W,460
YNL237W,459
YJR099W,236
YJL139C,428
YOR087W,675
YIR026C,364
YJL056C,880
YMR273C,915
YML109W,942
YOL109W,113
YNL310C,174
YDR285W,875
YGL249W,704
YGR211W,486
YOL154W,249
YMR243C,442
YNR039C,605
YER033C,1076
YGL255W,376
YLR130C,422
YKL175W,503
YBR046C,334
YGR285C,433
YNL241C,505
Q0010,128
Q0017,53
Q0032,96
Q0092,46
Q0142,58
Q0143,50
Q0144,109
Q0182,134
Q0255,472
Q0297,51
YAL004W,215
YAL016C-A,104
YAL016C-B,61
YAL019W-A,189
YAL026C-A,145
YAL031W-A,102
YAL034C-B,117
YAL037C-A,30
YAL037C-B,324
YAL037W,267
YAL042C-A,125
YAL044W-A,110
YAL045C,102
YAL047W-A,109
YAL056C-A,116
YAL059C-A,140
YAL063C-A,96
YAL064W,94
YAL064W-B,126
YAL065C,128
YAL066W,102
YAL067W-A,75
YAL068W-A,84
YAL069W,104
YAR019W-A,110
YAR023C,179
YAR028W,234
YAR029W,74
YAR030C,113
YAR035C-A,26
YAR047C,106
YAR053W,98
YAR060C,111
YAR061W,67
YAR062W,198
YAR064W,99
YAR066W,203
YAR068W,161
YAR069C,97
YAR070C,99
YAR075W,157
YBL006W-A,49
YBL008W-A,79
YBL010C,280
YBL012C,133
YBL028C,106
YBL029C-A,94
YBL029W,376
YBL036C,257
YBL039C-A,27
YBL039W-B,59
YBL044W,122
YBL053W,124
YBL055C,418
YBL059W,193
YBL062W,126
YBL065W,114
YBL068W-A,78
YBL070C,106
YBL071C-B,32
YBL071C,102
YBL073W,103
YBL077W,143
YBL081W,368
YBL083C,141
YBL086C,466
YBL094C,110
YBL095W,270
YBL096C,102
YBL100C,104
YBL100W-C,39
YBL107W-A,34
YBL108W,101
YBL109W,111
YBL111C,667
YBL112C,105
YBL113C,792
YBL113W-A,160
YBR012C,139
YBR013C,129
YBR016W,128
YBR027C,110
YBR032W,100
YBR051W,116
YBR053C,358
YBR056C-B,52
YBR056W-A,66
YBR056W,501
YBR062C,180
YBR063C,404
YBR064W,142
YBR071W,211
YBR072C-A,53
YBR076C-A,88
YBR085C-A,85
YBR089W,199
YBR090C,122
YBR096W,230
YBR099C,127
YBR103C-A,47
YBR109W-A,74
YBR113W,160
YBR116C,175
YBR121C-A,52
YBR124W,119
YBR126W-A,68
YBR126W-B,47
YBR131C-A,29
YBR134W,133
YBR137W,179
YBR138C,524
YBR139W,508
YBR141W-A,31
YBR144C,104
YBR174C,104
YBR178W,124
YBR182C-A,64
YBR184W,523
YBR190W,103
YBR191W-A,24
YBR196C-A,49
YBR196C-B,34
YBR197C,217
YBR200W-A,54
YBR201C-A,67
YBR206W,107
YBR209W,105
YBR219C,127
YBR220C,560
YBR221W-A,34
YBR223W-A,39
YBR224W,171
YBR225W,900
YBR226C,136
YBR230W-A,66
YBR232C,119
YBR238C,731
YBR241C,488
YBR242W,238
YBR255C-A,120
YBR259W,688
YBR277C,133
YBR284W,797
YBR285W,144
YBR287W,427
YBR292C,123
YBR296C-A,39
YBR298C-A,73
YBR300C,165
YCL001W-A,153
YCL001W-B,84
YCL002C,263
YCL012C,134
YCL021W-A,125
YCL021W,117
YCL022C,171
YCL023C,115
YCL041C,164
YCL042W,119
YCL046W,107
YCL048W-A,79
YCL049C,312
YCL065W,122
YCL068C,260
YCL076W,247
YCR001W,104
YCR006C,157
YCR007C,239
YCR013C,215
YCR015C,317
YCR016W,290
YCR018C-A,84
YCR022C,114
YCR023C,611
YCR024C-B,88
YCR025C,136
YCR038W-A,41
YCR041W,110
YCR043C,127
YCR045W-A,116
YCR047W-A,68
YCR049C,148
YCR050C,102
YCR051W,222
YCR061W,631
YCR064C,136
YCR075W-A,75
YCR081C-A,78
YCR085W,117
YCR087C-A,153
YCR087W,171
YCR090C,182
YCR095W-A,52
YCR097W-A,88
YCR099C,155
YCR100C,316
YCR101C,182
YCR102C,368
YCR102W-A,65
YCR108C,63
YDL007C-A,85
YDL009C,107
YDL011C,107
YDL012C,107
YDL016C,100
YDL022C-A,82
YDL023C,106
YDL025W-A,34
YDL026W,103
YDL027C,420
YDL032W,103
YDL034W,114
YDL041W,117
YDL050C,123
YDL057W,328
YDL062W,141
YDL068W,109
YDL071C,124
YDL073W,984
YDL085C-A,68
YDL086C-A,144
YDL086W,273
YDL094C,169
YDL109C,647
YDL114W,308
YDL114W-A,37
YDL118W,126
YDL119C,307
YDL121C,149
YDL124W,312
YDL129W,291
YDL144C,356
YDL152W,121
YDL157C,118
YDL158C,102
YDL159C-B,58
YDL159W-A,43
YDL162C,118
YDL163W,100
YDL172C,159
YDL176W,708
YDL177C,170
YDL180W,547
YDL183C,320
YDL185C-A,75
YDL186W,277
YDL187C,109
YDL196W,109
YDL199C,687
YDL206W,762
YDL211C,372
YDL213W-A,100
YDL218W,317
YDL221W,183
YDL228C,213
YDL240C-A,45
YDL241W,123
YDL242W,117
YDL247W-A,24
YDR003W-A,40
YDR008C,116
YDR010C,110
YDR015C,79
YDR018C,396
YDR029W,104
YDR034C-A,58
YDR034W-B,51
YDR042C,200
YDR048C,104
YDR053W,131
YDR056C,205
YDR061W,539
YDR089W,869
YDR090C,310
YDR094W,111
YDR095C,136
YDR102C,110
YDR109C,715
YDR114C,100
YDR115W,105
YDR118W-A,38
YDR119W-A,66
YDR124W,324
YDR131C,556
YDR132C,495
YDR133C,111
YDR149C,235
YDR154C,116
YDR157W,133
YDR161W,387
YDR169C-A,49
YDR179W-A,463
YDR182W-A,67
YDR183C-A,85
YDR186C,877
YDR187C,172
YDR193W,132
YDR194W-A,50
YDR199W,121
YDR203W,105
YDR209C,137
YDR210W,75
YDR215C,137
YDR220C,97
YDR222W,415
YDR230W,115
YDR239C,787
YDR246W-A,66
YDR248C,193
YDR249C,373
YDR250C,91
YDR262W,272
YDR269C,107
YDR271C,123
YDR274C,123
YDR278C,105
YDR282C,414
YDR286C,114
YDR290W,109
YDR306C,478
YDR320W-B,45
YDR327W,108
YDR333C,723
YDR336W,314
YDR338C,695
YDR340W,100
YDR341C,607
YDR344C,147
YDR354C-A,47
YDR355C,100
YDR366C,132
YDR371C-A,34
YDR374W-A,89
YDR381C-A,114
YDR387C,555
YDR391C,232
YDR396W,166
YDR401W,187
YDR406W-A,81
YDR413C,191
YDR415C,374
YDR417C,123
YDR426C,125
YDR431W,103
YDR433W,146
YDR442W,130
YDR444W,687
YDR445C,135
YDR455C,102
YDR461C-A,80
YDR464C-A,62
YDR467C,108
YDR476C,224
YDR491C,163
YDR509W,115
YDR510C-A,38
YDR514C,483
YDR521W,111
YDR524C-A,39
YDR524C-B,66
YDR524W-C,29
YDR526C,156
YDR535C,166
YDR537C,201
YDR541C,344
YDR543C,99
YDR544C,142
YDR545C-A,159
YEL008C-A,30
YEL008W,126
YEL009C-A,135
YEL010W,116
YEL014C,101
YEL018C-A,177
YEL020C,560
YEL020C-B,65
YEL023C,682
YEL025C,1188
YEL028W,153
YEL030C-A,104
YEL032C-A,53
YEL034C-A,200
YEL043W,956
YEL045C,141
YEL050W-A,63
YEL053W-A,115
YEL057C,233
YEL067C,195
YEL068C,110
YEL073C,107
YEL074W,112
YEL075C,122
YEL075W-A,203
YEL076C,216
YEL076C-A,216
YEL077C,1277
YEL077W-A,160
YER006C-A,105
YER010C,234
YER023C-A,70
YER034W,185
YER039C-A,72
YER046W-A,109
YER053C-A,37
YER066C-A,166
YER067C-A,107
YER068C-A,143
YER076C,302
YER076W-A,115
YER077C,688
YER078W-A,54
YER079C-A,112
YER079W,210
YER084W,128
YER084W-A,170
YER085C,173
YER087C-A,183
YER088C-A,107
YER088W-B,48
YER090C-A,29
YER091C-A,73
YER097W,109
YER107W-A,106
YER119C-A,123
YER121W,114
YER130C,443
YER133W-A,113
YER134C,178
YER135C,130
YER137C,148
YER137W-A,101
YER138W-A,34
YER145C-A,145
YER147C-A,136
YER148W-A,192
YER152C,443
YER152W-A,188
YER156C,338
YER158C,573
YER158W-A,71
YER165C-A,118
YER172C-A,126
YER175W-A,54
YER181C,107
YER184C,794
YER186C,306
YER187W,141
YER188C-A,99
YER188W,239
YER189W,122
YER190C-A,191
YER190C-B,160
YFL012W,148
YFL012W-A,124
YFL013W-A,267
YFL015C,164
YFL015W-A,105
YFL019C,117
YFL021C-A,284
YFL031C-A,33
YFL032W,106
YFL034W,1073
YFL040W,540
YFL041W-A,63
YFL042C,674
YFL051C,160
YFL052W,465
YFL054C,646
YFL063W,151
YFL064C,174
YFL065C,102
YFL066C,392
YFL067W,175
YFL068W,160
YFR006W,535
YFR009W-A,85
YFR010W-A,62
YFR012W-A,28
YFR016C,1233
YFR018C,363
YFR020W,232
YFR032C-B,87
YFR034W-A,95
YFR035C,114
YFR036W-A,216
YFR045W,309
YFR052C-A,101
YFR054C,192
YFR056C,122
YFR057W,151
YGL006W-A,36
YGL007C-A,28
YGL010W,174
YGL014C-A,53
YGL015C,130
YGL024W,111
YGL034C,121
YGL036W,909
YGL039W,348
YGL041C,67
YGL041C-B,60
YGL041W-A,154
YGL042C,101
YGL052W,101
YGL063C-A,49
YGL069C,154
YGL072C,119
YGL074C,108
YGL081W,320
YGL082W,381
YGL088W,121
YGL101W,215
YGL102C,142
YGL108C,140
YGL109W,107
YGL114W,725
YGL117W,265
YGL118C,145
YGL123C-A,76
YGL132W,111
YGL138C,345
YGL140C,1219
YGL149W,101
YGL152C,225
YGL159W,370
YGL165C,192
YGL176C,554
YGL177W,115
YGL182C,107
YGL185C,379
YGL188C,57
YGL188C-A,46
YGL193C,103
YGL194C-A,80
YGL199C,156
YGL204C,101
YGL214W,161
YGL217C,113
YGL218W,216
YGL230C,147
YGL235W,178
YGL239C,104
YGL242C,181
YGL258W-A,77
YGL260W,76
YGL262W,175
YGR011W,108
YGR012W,393
YGR015C,328
YGR016W,190
YGR017W,297
YGR018C,109
YGR021W,290
YGR022C,109
YGR025W,100
YGR026W,278
YGR035C,116
YGR035W-A,73
YGR039W,103
YGR042W,271
YGR045C,120
YGR050C,118
YGR051C,107
YGR053C,283
YGR054W,642
YGR064W,122
YGR066C,292
YGR067C,804
YGR068W-A,31
YGR069W,111
YGR073C,123
YGR079W,370
YGR107W,149
YGR111W,400
YGR114C,129
YGR115C,259
YGR117C,476
YGR121W-A,71
YGR122C-A,42
YGR122W,402
YGR125W,1036
YGR126W,230
YGR127W,312
YGR130C,816
YGR137W,124
YGR139W,112
YGR146C-A,53
YGR149W,432
YGR151C,111
YGR153W,217
YGR160W,203
YGR161W-C,92
YGR164W,111
YGR168C,376
YGR169C-A,92
YGR174W-A,28
YGR176W,115
YGR182C,117
YGR190C,121
YGR201C,225
YGR204C-A,37
YGR210C,411
YGR219W,113
YGR226C,69
YGR228W,114
YGR237C,785
YGR240C-A,66
YGR242W,102
YGR250C,781
YGR259C,146
YGR265W,136
YGR266W,701
YGR269W,108
YGR270C-A,72
YGR273C,174
YGR283C,341
YGR290W,147
YGR291C,73
YGR293C,153
YGR296C-A,191
YGR296C-B,160
YHL002C-A,162
YHL005C,130
YHL006W-A,117
YHL008C,627
YHL012W,493
YHL015W-A,27
YHL017W,532
YHL018W,120
YHL019W-A,197
YHL026C,315
YHL030W-A,153
YHL034W-A,153
YHL037C,133
YHL041W,149
YHL042W,150
YHL044W,235
YHL045W,115
YHL046W-A,108
YHL048C-A,44
YHL049C,271
YHL050C,697
YHL050W-A,160
YHR007C-A,71
YHR020W,688
YHR022C,256
YHR022C-A,29
YHR028W-A,106
YHR032C-A,39
YHR032W-A,59
YHR033W,423
YHR035W,630
YHR045W,560
YHR049C-A,98
YHR050W-A,56
YHR052W-A,64
YHR054C,354
YHR054W-A,64
YHR056W-A,144
YHR063W-A,111
YHR069C-A,120
YHR070C-A,136
YHR071C-A,106
YHR073C-B,26
YHR073W-A,58
YHR078W,552
YHR080C,1345
YHR086W-A,53
YHR095W,164
YHR097C,366
YHR112C,378
YHR122W,231
YHR125W,101
YHR127W,243
YHR130C,111
YHR131C,850
YHR131W-A,81
YHR137C-A,216
YHR138C,114
YHR139C-A,103
YHR140W,239
YHR145C,118
YHR165W-A,103
YHR173C,112
YHR175W-A,49
YHR177W,453
YHR180C-B,34
YHR180W,163
YHR180W-A,60
YHR182C-A,157
YHR182W,785
YHR193C-A,124
YHR202W,602
YHR210C,341
YHR212C,111
YHR212W-A,67
YHR213W,198
YHR213W-A,77
YHR213W-B,99
YHR214C-D,97
YHR214C-E,99
YHR214W,203
YHR214W-A,161
YHR217C,153
YHR218W,603
YHR218W-A,105
YHR219C-A,160
YHR219W,624
YIL001W,513
YIL002W-A,69
YIL012W,113
YIL014C-A,104
YIL020C-A,112
YIL021C-A,89
YIL024C,189
YIL025C,124
YIL028W,132
YIL029C,142
YIL029W-A,123
YIL030W-A,112
YIL032C,118
YIL046W-A,54
YIL047C-A,122
YIL054W,105
YIL055C,627
YIL058W,94
YIL059C,121
YIL060W,144
YIL066W-A,147
YIL067C,678
YIL068W-A,127
YIL071W-A,158
YIL077C,320
YIL086C,102
YIL089W,205
YIL092W,633
YIL100C-A,112
YIL100W,117
YIL102C,101
YIL102C-A,75
YIL105W-A,46
YIL108W,696
YIL115W-A,123
YIL134C-A,67
YIL141W,129
YIL142C-A,110
YIL152W,235
YIL156W-A,133
YIL156W-B,73
YIL161W,235
YIL163C,117
YIL165C,119
YIL166C,542
YIL168W,127
YIL169C,995
YIL171W-A,150
YIL171W,109
YIL174W,75
YIL175W,45
YIL177C,1758
YIL177W-A,160
YIR007W,764
YIR014W,242
YIR016W,265
YIR017W-A,199
YIR018C-A,45
YIR020C,100
YIR020C-B,244
YIR020W-A,80
YIR021W-A,70
YIR023C-A,107
YIR030W-A,127
YIR035C,254
YIR036W-A,133
YIR040C,110
YIR042C,236
YIR043C,230
YIR044C,61
YJL007C,104
YJL009W,108
YJL015C,94
YJL016W,561
YJL020W-A,85
YJL022W,102
YJL026C-A,73
YJL027C,138
YJL028W,111
YJL032W,104
YJL043W,257
YJL045W,634
YJL047C-A,44
YJL049W,450
YJL052C-A,39
YJL055W,245
YJL064W,131
YJL067W,116
YJL068C,299
YJL070C,888
YJL077W-A,28
YJL077W-B,32
YJL086C,122
YJL107C,387
YJL118W,219
YJL119C,107
YJL120W,107
YJL127C-B,52
YJL127W-A,38
YJL132W,750
YJL133C-A,74
YJL135W,105
YJL136W-A,27
YJL144W,104
YJL147C,382
YJL150W,100
YJL152W,119
YJL156W-A,73
YJL163C,555
YJL169W,122
YJL171C,396
YJL175W,170
YJL181W,611
YJL182C,105
YJL193W,402
YJL195C,233
YJL197C-A,93
YJL202C,115
YJL206C,758
YJL211C,147
YJL213W,331
YJL215C,119
YJL218W,196
YJL220W,150
YJL222W-A,75
YJL222W-B,45
YJL225C,1758
YJL225W-A,160
YJR003C,519
YJR005C-A,93
YJR008W,338
YJR011C,261
YJR012C,207
YJR015W,510
YJR018W,120
YJR020W,110
YJR023C,133
YJR030C,745
YJR037W,127
YJR038C,120
YJR039W,1121
YJR054W,497
YJR056C,236
YJR061W,935
YJR071W,122
YJR079W,109
YJR085C,105
YJR087W,116
YJR096W,282
YJR098C,656
YJR107W,328
YJR111C,283
YJR112W-A,109
YJR114W,130
YJR115W,169
YJR120W,116
YJR124C,448
YJR128W,119
YJR140W-A,49
YJR141W,347
YJR142W,342
YJR146W,117
YJR149W,404
YJR151W-A,16
YJR154W,346
YJR157W,120
YJR162C,116
YKL018C-A,99
YKL023C-A,75
YKL023W,277
YKL030W,201
YKL031W,137
YKL033W-A,236
YKL036C,130
YKL044W,106
YKL050C,922
YKL053W,124
YKL063C,167
YKL065W-A,73
YKL066W,147
YKL068W-A,78
YKL069W,180
YKL070W,169
YKL071W,256
YKL075C,450
YKL077W,392
YKL083W,204
YKL091C,310
YKL096C-B,49
YKL097C,136
YKL100C,587
YKL100W-A,29
YKL102C,101
YKL106C-A,39
YKL107W,309
YKL111C,111
YKL115C,130
YKL118W,103
YKL123W,126
YKL131W,173
YKL133C,463
YKL136W,132
YKL145W-A,30
YKL147C,205
YKL151C,337
YKL153W,169
YKL156C-A,38
YKL162C-A,50
YKL162C,402
YKL165C-A,77
YKL169C,127
YKL177W,112
YKL183C-A,70
YKL187C,750
YKL202W,193
YKL222C,705
YKL223W,110
YKL225W,115
YKR005C,525
YKR011C,353
YKR012C,125
YKR015C,568
YKR018C,725
YKR023W,530
YKR032W,104
YKR033C,141
YKR040C,167
YKR041W,250
YKR045C,183
YKR047W,101
YKR051W,418
YKR070W,352
YKR073C,106
YKR075C,307
YKR075W-A,89
YKR078W,585
YKR104W,306
YLL006W-A,58
YLL007C,665
YLL017W,103
YLL019W-A,30
YLL020C,101
YLL032C,825
YLL037W,126
YLL044W,148
YLL047W,127
YLL053C,152
YLL054C,843
YLL056C,298
YLL058W,575
YLL059C,168
YLL065W,116
YLL066C,1374
YLL066W-A,160
YLL066W-B,56
YLL067C,1374
YLL067W-A,160
YLR001C,862
YLR012C,99
YLR030W,263
YLR031W,186
YLR036C,203
YLR040C,224
YLR041W,106
YLR042C,161
YLR046C,270
YLR049C,428
YLR050C,161
YLR053C,108
YLR072W,693
YLR076C,140
YLR099W-A,87
YLR101C,131
YLR108C,485
YLR111W,110
YLR112W,139
YLR118C,227
YLR120W-A,33
YLR122C,125
YLR123C,109
YLR124W,114
YLR125W,136
YLR126C,251
YLR140W,108
YLR146W-A,62
YLR149C,730
YLR149C-A,28
YLR152C,576
YLR154C-G,49
YLR154C-H,43
YLR154W-B,54
YLR154W-F,46
YLR156C-A,43
YLR156W,114
YLR157C-C,43
YLR157W-D,70
YLR157W-E,54
YLR159C-A,43
YLR159W,114
YLR161W,114
YLR162W,118
YLR163W-A,37
YLR169W,117
YLR171W,129
YLR173W,608
YLR177W,628
YLR179C,201
YLR184W,115
YLR194C,254
YLR198C,119
YLR202C,108
YLR217W,107
YLR222C-A,76
YLR224W,369
YLR225C,407
YLR230W,101
YLR232W,115
YLR235C,132
YLR236C,107
YLR252W,101
YLR255C,117
YLR257W,321
YLR264C-A,38
YLR269C,116
YLR271W,274
YLR278C,1341
YLR279W,129
YLR280C,116
YLR281C,155
YLR282C,113
YLR283W,314
YLR285C-A,56
YLR286W-A,44
YLR287C,355
YLR290C,277
YLR294C,109
YLR296W,108
YLR297W,129
YLR299C-A,30
YLR302C,120
YLR307C-A,87
YLR311C,115
YLR312C,398
YLR317W,144
YLR326W,240
YLR334C,126
YLR339C,183
YLR342W-A,57
YLR345W,509
YLR346C,101
YLR347W-A,46
YLR349W,168
YLR352W,807
YLR358C,187
YLR361C-A,98
YLR363W-A,85
YLR364C-A,40
YLR365W,110
YLR366W,101
YLR374C,129
YLR379W,124
YLR399W-A,34
YLR400W,157
YLR402W,63
YLR406C-A,49
YLR407W,228
YLR412C-A,68
YLR413W,675
YLR415C,112
YLR416C,132
YLR419W,1435
YLR422W,1932
YLR428C,114
YLR434C,127
YLR437C-A,75
YLR444C,100
YLR446W,433
YLR455W,304
YLR456W,204
YLR458W,126
YLR460C,376
YLR462W,202
YLR463C,183
YLR464W,216
YLR466C-A,160
YLR466C-B,38
YLR467C-A,160
YML002W,737
YML003W,290
YML007C-A,36
YML009C-A,108
YML009W-B,158
YML012C-A,125
YML018C,393
YML020W,664
YML031C-A,111
YML034C-A,132
YML037C,340
YML047W-A,121
YML053C,212
YML054C-A,52
YML057C-A,129
YML079W,201
YML082W,649
YML083C,418
YML084W,102
YML089C,122
YML090W,128
YML094C-A,133
YML096W,525
YML099W-A,109
YML100W-A,57
YML101C-A,105
YML108W,105
YML116W-A,100
YML119W,357
YML122C,126
YML131W,365
YML133C,1374
YML133W-A,191
YML133W-B,160
YMR001C-A,76
YMR007W,126
YMR010W,405
YMR013C-A,49
YMR013W-A,26
YMR018W,514
YMR027W,470
YMR030W-A,96
YMR031W-A,108
YMR034C,434
YMR046W-A,42
YMR052C-A,121
YMR057C,123
YMR074C,145
YMR075C-A,121
YMR082C,118
YMR084W,262
YMR085W,432
YMR086C-A,112
YMR087W,284
YMR090W,227
YMR099C,297
YMR102C,834
YMR103C,120
YMR105W-A,64
YMR111C,462
YMR114C,368
YMR119W-A,124
YMR122C,124
YMR122W-A,84
YMR124W,943
YMR130W,302
YMR134W,237
YMR135W-A,177
YMR141C,102
YMR141W-A,74
YMR144W,342
YMR147W,223
YMR153C-A,111
YMR155W,547
YMR158C-A,45
YMR158W-B,106
YMR160W,816
YMR166C,368
YMR172C-A,127
YMR173W-A,394
YMR175W-A,64
YMR178W,274
YMR181C,154
YMR182W-A,28
YMR187C,431
YMR193C-A,128
YMR194C-A,74
YMR196W,1088
YMR206W,313
YMR209C,457
YMR210W,449
YMR226C,267
YMR230W-A,62
YMR242W-A,29
YMR244W,355
YMR245W,206
YMR247W-A,47
YMR252C,134
YMR253C,414
YMR254C,102
YMR262W,313
YMR265C,461
YMR272W-A,37
YMR272W-B,35
YMR279C,540
YMR290W-A,115
YMR294W-A,119
YMR295C,197
YMR304C-A,116
YMR306C-A,129
YMR307C-A,64
YMR310C,317
YMR315W-A,35
YMR315W,349
YMR316C-A,103
YMR316C-B,102
YMR317W,1140
YMR320W,101
YMR321C,105
YMR324C,80
YMR326C,102
YNL010W,241
YNL011C,444
YNL013C,125
YNL017C,112
YNL018C,612
YNL019C,284
YNL024C,246
YNL028W,105
YNL033W,284
YNL034W,612
YNL035C,389
YNL040W,456
YNL042W-B,85
YNL043C,106
YNL046W,172
YNL050C,270
YNL057W,110
YNL058C,316
YNL067W-A,48
YNL067W-B,46
YNL089C,158
YNL092W,400
YNL095C,642
YNL097C-B,40
YNL097W-A,51
YNL103W-A,29
YNL108C,270
YNL109W,181
YNL114C,123
YNL115C,644
YNL120C,161
YNL122C,115
YNL134C,376
YNL140C,189
YNL143C,130
YNL144C,740
YNL144W-A,27
YNL146C-A,64
YNL146W,100
YNL150W,135
YNL162W-A,72
YNL165W,406
YNL170W,131
YNL171C,122
YNL174W,190
YNL179C,145
YNL181W,407
YNL184C,108
YNL190W,204
YNL193W,558
YNL194C,301
YNL195C,261
YNL198C,100
YNL200C,246
YNL203C,203
YNL205C,140
YNL208W,199
YNL211C,86
YNL217W,326
YNL226W,136
YNL228W,258
YNL234W,426
YNL235C,143
YNL247W,767
YNL260C,198
YNL266W,139
YNL276C,131
YNL277W-A,62
YNL285W,123
YNL295W,524
YNL296W,104
YNL303W,115
YNL319W,146
YNL320W,284
YNL324W,131
YNL337W,84
YNL338W,52
YNL339W-A,191
YNL339W-B,160
YNR001W-A,72
YNR003W-A,32
YNR005C,134
YNR014W,212
YNR021W,404
YNR025C,119
YNR029C,429
YNR034W-A,98
YNR040W,256
YNR042W,142
YNR048W,393
YNR061C,219
YNR062C,327
YNR063W,607
YNR064C,290
YNR065C,1116
YNR066C,436
YNR068C,272
YNR071C,342
YNR073C,502
YNR075C-A,30
YNR077C,84
YOL013W-A,63
YOL013W-B,96
YOL014W,124
YOL019W,551
YOL019W-A,50
YOL024W,172
YOL029C,201
YOL035C,100
YOL036W,761
YOL037C,117
YOL038C-A,31
YOL046C,224
YOL050C,106
YOL057W,711
YOL073C,322
YOL075C,1294
YOL079W,132
YOL083C-A,46
YOL085C,113
YOL085W-A,70
YOL087C,1116
YOL097W-A,61
YOL098C,1037
YOL099C,163
YOL106W,117
YOL107W,342
YOL114C,202
YOL118C,102
YOL131W,108
YOL134C,129
YOL150C,103
YOL153C,581
YOL155W-A,44
YOL159C,171
YOL159C-A,90
YOL160W,113
YOL162W,215
YOL163W,169
YOL164W-A,60
YOL166C,112
YOL166W-A,51
YOR008C-A,74
YOR008W-B,33
YOR011W-A,68
YOR012W,137
YOR015W,119
YOR019W,730
YOR020W-A,90
YOR022C,715
YOR024W,107
YOR029W,111
YOR032W-A,66
YOR034C-A,80
YOR041C,143
YOR050C,115
YOR053W,113
YOR055W,144
YOR059C,450
YOR062C,268
YOR072W-A,82
YOR072W-B,53
YOR072W,104
YOR073W-A,77
YOR082C,113
YOR093C,1648
YOR097C,175
YOR102W,116
YOR105W,108
YOR108C-A,69
YOR111W,232
YOR114W,294
YOR121C,101
YOR131C,218
YOR139C,130
YOR146W,101
YOR152C,256
YOR161C-C,48
YOR161W-A,26
YOR161W-B,86
YOR169C,154
YOR170W,101
YOR186C-A,69
YOR186W,144
YOR192C-C,78
YOR199W,109
YOR200W,132
YOR203W,117
YOR214C,236
YOR218C,139
YOR223W,292
YOR225W,109
YOR231C-A,66
YOR238W,303
YOR248W,100
YOR263C,135
YOR268C,132
YOR277C,102
YOR282W,106
YOR283W,230
YOR289W,251
YOR292C,309
YOR293C-A,49
YOR296W,1289
YOR300W,102
YOR302W,25
YOR304C-A,76
YOR309C,126
YOR314W-A,36
YOR314W,109
YOR316C-A,69
YOR318C,101
YOR325W,157
YOR329W-A,69
YOR331C,185
YOR333C,138
YOR335W-A,26
YOR338W,363
YOR342C,319
YOR343C,108
YOR345C,116
YOR352W,343
YOR364W,122
YOR365C,703
YOR366W,117
YOR376W-A,51
YOR376W,122
YOR378W,515
YOR379C,112
YOR381W-A,55
YOR385W,290
YOR387C,206
YOR389W,624
YOR390W,375
YOR392W,147
YOR394C-A,55
YOR396C-A,160
YPL014W,381
YPL025C,185
YPL034W,165
YPL035C,115
YPL038W-A,63
YPL039W,316
YPL041C,207
YPL044C,182
YPL062W,134
YPL066W,479
YPL067C,198
YPL068C,293
YPL071C,156
YPL073C,161
YPL077C,240
YPL080C,108
YPL088W,342
YPL102C,100
YPL107W,248
YPL108W,168
YPL109C,657
YPL113C,396
YPL114W,139
YPL119C-A,87
YPL135C-A,57
YPL136W,122
YPL142C,105
YPL150W,901
YPL152W-A,32
YPL162C,273
YPL168W,430
YPL182C,127
YPL185W,131
YPL191C,360
YPL197C,137
YPL199C,240
YPL205C,114
YPL216W,1102
YPL222C-A,81
YPL225W,146
YPL229W,206
YPL238C,129
YPL245W,454
YPL247C,523
YPL250W-A,95
YPL251W,100
YPL257W,193
YPL260W,551
YPL261C,102
YPL264C,353
YPL272C,517
YPL276W,145
YPL277C,487
YPL278C,100
YPL279C,375
YPL283W-A,191
YPL283W-B,160
YPR002C-A,65
YPR003C,754
YPR010C-A,72
YPR011C,326
YPR012W,84
YPR013C,317
YPR014C,109
YPR015C,247
YPR016W-A,86
YPR022C,1133
YPR027C,277
YPR036W-A,67
YPR039W,111
YPR050C,137
YPR053C,151
YPR059C,128
YPR063C,140
YPR064W,139
YPR071W,211
YPR074W-A,56
YPR076W,124
YPR077C,123
YPR078C,372
YPR084W,456
YPR089W,888
YPR091C,770
YPR092W,101
YPR096C,100
YPR097W,1073
YPR098C,161
YPR099C,118
YPR108W-A,70
YPR109W,294
YPR114W,315
YPR117W,2489
YPR123C,144
YPR126C,102
YPR127W,345
YPR130C,135
YPR136C,170
YPR142C,187
YPR145C-A,78
YPR146C,109
YPR147C,304
YPR148C,435
YPR150W,173
YPR153W,140
YPR159C-A,33
YPR160C-A,94
YPR160W-A,26
YPR169W-A,72
YPR170C,111
YPR170W-A,61
YPR170W-B,85
YPR172W,200
YPR174C,221
YPR177C,123
YPR195C,109
YPR196W,470
YPR197C,187
YPR202W,238
YPR203W,102
YPR204C-A,160
YPR204W,1032
