BSU00010	P05648
BSU00020	P05649
BSU00030	P05650
BSU00040	P05651
BSU00050	P37525
BSU00060	P05652
BSU00070	P05653
BSU00080	P37526
BSU00090	P21879
BSU00100	P08750
BSU00110	P37527
BSU00120	P37528
BSU00130	P37464
BSU00140	P37529
BSU00150	P37530
BSU00160	P37531
BSU00170	P37532
BSU00180	P21335
BSU00190	P09122
BSU00200	P24281
BSU00210	P24277
BSU00220	P37533
BSU00230	P24282
BSU00240	P37534
BSU00250	P37467
BSU00260	P37535
BSU00270	P37536
BSU00280	P37537
BSU00290	P37538
BSU00300	P37539
BSU00310	P37540
BSU00320	P37541
BSU00330	P37542
BSU00340	P37543
BSU00350	O31414
BSU00360	P37544
BSU00370	P08874
BSU00380	P37465
BSU00390	P37545
BSU00400	P37546
BSU00410	P37547
BSU00420	P37468
BSU00430	P37548
BSU00440	P37466
BSU00450	P37549
BSU00460	P37550
BSU00470	P37551
BSU00480	P37552
BSU00490	P28015
BSU00500	P14192
BSU00510	P14193
BSU00520	P14194
BSU00530	P37470
BSU00540	P37553
BSU00550	P37474
BSU00560	P37554
BSU00570	P37555
BSU00580	P37556
BSU00590	P37557
BSU00600	P37558
BSU00610	P37559
BSU00620	P37471
BSU00630	P37560
BSU00640	P37475
BSU00650	P37561
BSU00660	P37562
BSU00670	P37563
BSU00680	P37472
BSU00690	P37476
BSU00700	P37564
BSU00710	P37565
BSU00720	P37566
BSU00730	P37887
BSU00740	P28820
BSU00750	P28819
BSU00760	P28821
BSU00770	P28822
BSU00780	P28823
BSU00790	P29252
BSU00800	O31417
BSU00810	P37567
BSU00820	P37477
BSU00830	P37568
BSU00840	P37569
BSU00850	P37570
BSU00860	P37571
BSU00870	P37572
BSU00880	P37573
BSU00890	Q06754
BSU00900	Q06755
BSU00910	Q06756
BSU00920	P22250
BSU00930	Q06750
BSU00940	Q06752
BSU00950	O31418
BSU00960	Q06753
BSU00970	P37574
BSU00980	P17869
BSU00990	Q06798
BSU01000	Q06799
BSU01010	Q06795
BSU01020	Q06796
BSU01030	Q06797
BSU01040	P42923
BSU01050	P02394
BSU01060	P37872
BSU01070	P37870
BSU01080	P37871
BSU01090	P46350
BSU01100	P21472
BSU01110	P21469
BSU01120	P80868
BSU01130	P33166
BSU01140	P70981
BSU01150	P21471
BSU01160	P42920
BSU01170	P42921
BSU01180	P42924
BSU01190	P42919
BSU01200	P21476
BSU01210	P42060
BSU01220	P21465
BSU01230	P14577
BSU01240	P12873
BSU01250	P12874
BSU01260	P12875
BSU01270	P0CI78
BSU01280	P12877
BSU01290	P12878
BSU01300	P12879
BSU01310	P46898
BSU01320	P46899
BSU01330	P21467
BSU01340	P19947
BSU01350	P19946
BSU01360	P16336
BSU01370	P16304
BSU01380	P19994
BSU01389	C0H3S8
BSU01390	P20458
BSU01400	P20278
BSU01410	P20282
BSU01420	P04969
BSU01430	P20429
BSU01440	P20277
BSU01450	P40735
BSU01460	P70970
BSU01470	P70972
BSU01480	P70973
BSU01490	P70974
BSU01500	P21470
BSU01510	P70976
BSU01520	P50862
BSU01530	P50864
BSU01540	P50863
BSU01550	P16450
BSU01560	P16449
BSU01570	P50865
BSU01580	P55189
BSU01590	P55190
BSU01600	P55192
BSU01610	P40411
BSU01620	P40410
BSU01630	P40409
BSU01640	P40408
BSU01650	P40407
BSU01660	P40406
BSU01670	O05213
BSU01680	Q797S1
BSU01690	Q45581
BSU01700	Q45582
BSU01710	Q45583
BSU01720	Q45584
BSU01730	Q45585
BSU01740	Q45588
BSU01750	Q45589
BSU01760	O34659
BSU01770	O34824
BSU01780	P0CI73
BSU01800	P37878
BSU01810	P19219
BSU01820	P19220
BSU01830	P39755
BSU01845	O34688
BSU01860	O34823
BSU01870	O34795
BSU01880	O34380
BSU01889	C0H3S9
BSU01890	O34663
BSU01900	O31421
BSU01910	O31422
BSU01920	O31423
BSU01935	O31425
BSU01950	O31427
BSU01960	O31428
BSU01970	O31429
BSU01980	O31430
BSU01990	O31431
BSU02000	O31432
BSU02010	O31433
BSU02019	C0H3T1
BSU02030	O31435
BSU02040	O31436
BSU02050	O31437
BSU02060	P54425
BSU02070	P54379
BSU02080	P54426
BSU02090	P54427
BSU02100	O31440
BSU02110	O31441
BSU02120	Q45577
BSU02130	P37965
BSU02140	P37948
BSU02150	O31442
BSU02160	O31443
BSU02170	O31444
BSU02180	O31445
BSU02190	O31446
BSU02200	O31447
BSU02210	O31448
BSU02220	O31449
BSU02230	P39771
BSU02240	P39790
BSU02250	O31451
BSU02260	O31452
BSU02270	P39823
BSU02280	O31453
BSU02290	P39822
BSU02300	O31454
BSU02310	O31455
BSU02320	O31456
BSU02330	O31457
BSU02340	P39817
BSU02350	P39816
BSU02360	O31458
BSU02370	O31459
BSU02380	O31460
BSU02390	O31461
BSU02400	O31462
BSU02410	O31463
BSU02420	O31464
BSU02430	O31465
BSU02440	P40758
BSU02450	P40759
BSU02460	P42235
BSU02470	P42236
BSU02480	P42237
BSU02490	P42238
BSU02500	P42239
BSU02510	P42240
BSU02520	P42242
BSU02530	O31466
BSU02540	P42243
BSU02550	P42244
BSU02560	P42245
BSU02570	P42246
BSU02580	P42247
BSU02590	P42248
BSU02600	P42249
BSU02610	P42250
BSU02619	C0H3T2
BSU02620	P42251
BSU02630	O31467
BSU02640	P42252
BSU02650	P28618
BSU02660	P42253
BSU02670	O35018
BSU02680	O34619
BSU02690	O34482
BSU02700	P37957
BSU02710	O31469
BSU02720	O34478
BSU02730	P70954
BSU02740	P70955
BSU02750	P46903
BSU02760	P46904
BSU02770	P46905
BSU02780	O34538
BSU02790	O34621
BSU02800	O34772
BSU02810	O34360
BSU02820	O34327
BSU02830	P80869
BSU02840	O34364
BSU02850	O34966
BSU02860	O34946
BSU02870	O34610
BSU02880	O34504
BSU02890	P81100
BSU02900	P80875
BSU02910	O34384
BSU02920	O34447
BSU02930	O34809
BSU02940	O34833
BSU02950	O34691
BSU02960	O34724
BSU02970	O34464
BSU02980	P46920
BSU02990	P46921
BSU03000	P46922
BSU03010	P54983
BSU03020	P55908
BSU03030	P55909
BSU03040	P00691
BSU03050	P13714
BSU03060	P55910
BSU03070	P96712
BSU03080	O31472
BSU03090	P94381
BSU03100	P94382
BSU03110	P94383
BSU03120	O31473
BSU03130	P08164
BSU03140	P12921
BSU03150	P37944
BSU03160	O31474
BSU03170	P94387
BSU03180	P94388
BSU03190	P94389
BSU03200	P94390
BSU03210	P94391
BSU03220	P94392
BSU03230	P94393
BSU03240	P94394
BSU03250	P94395
BSU03260	P94396
BSU03270	O31475
BSU03280	P42437
BSU03290	P42436
BSU03300	P42435
BSU03310	P42434
BSU03320	P42433
BSU03330	P42432
BSU03340	P94398
BSU03350	C0SP99
BSU03359	C0H3U7
BSU03360	P94400
BSU03370	P42399
BSU03380	P42400
BSU03390	P42401
BSU03400	P42402
BSU03410	P42403
BSU03420	P12669
BSU03430	P12667
BSU03440	P39209
BSU03450	P42404
BSU03460	P42405
BSU03470	P42406
BSU03480	P27206
BSU03490	Q04747
BSU03500	P80355
BSU03510	Q08787
BSU03520	Q08788
BSU03530	Q08791
BSU03540	Q08793
BSU03550	Q08794
BSU03560	Q08792
BSU03570	P39135
BSU03580	O34927
BSU03590	P39456
BSU03600	P42200
BSU03610	P42199
BSU03620	P94403
BSU03630	P94404
BSU03640	P94405
BSU03651	C0H3U9
BSU03652	C0SPB5
BSU03660	P94407
BSU03670	P94408
BSU03680	P94409
BSU03690	O31479
BSU03700	P49939
BSU03710	P49941
BSU03720	P49940
BSU03730	P94411
BSU03740	P94412
BSU03750	P94413
BSU03760	P94414
BSU03770	P94415
BSU03780	P94416
BSU03788	C0H3V0
BSU03789	C0H3V1
BSU03790	P94417
BSU03800	P94418
BSU03810	P94419
BSU03820	P94420
BSU03830	P94421
BSU03840	P94422
BSU03850	P94423
BSU03860	P94424
BSU03870	P94425
BSU03880	O31480
BSU03890	P94426
BSU03900	P94427
BSU03910	P94428
BSU03920	P40420
BSU03930	P12310
BSU03940	P94431
BSU03950	C0SP95
BSU03960	P94433
BSU03970	P94434
BSU03981	P42956
BSU03982	C0H3V2
BSU03990	P42957
BSU04000	P42958
BSU04010	P42959
BSU04020	O31482
BSU04030	P42961
BSU04039	C0H3V3
BSU04040	P42962
BSU04050	P42963
BSU04060	P42964
BSU04070	P42966
BSU04080	P60495
BSU04090	Q7WY77
BSU04100	P42968
BSU04110	P42969
BSU04120	P42970
BSU04130	O31484
BSU04140	P42971
BSU04150	P42972
BSU04160	P96574
BSU04170	P96575
BSU04180	P96576
BSU04190	P80873
BSU04200	P96578
BSU04210	P96579
BSU04220	P80238
BSU04230	P96581
BSU04240	O31485
BSU04250	P96582
BSU04260	P96583
BSU04270	O31486
BSU04280	P96585
BSU04290	O31487
BSU04300	P96587
BSU04310	O31488
BSU04320	P96589
BSU04330	P96590
BSU04340	P96591
BSU04359	C0H3V4
BSU04360	P96593
BSU04370	P96594
BSU04380	P96595
BSU04390	P96596
BSU04400	P26907
BSU04410	P96597
BSU04420	P96598
BSU04430	P80878
BSU04440	P96600
BSU04450	P96601
BSU04460	P96602
BSU04470	P96603
BSU04480	P96604
BSU04490	P96605
BSU04500	P96606
BSU04510	P96607
BSU04520	P96608
BSU04530	P96609
BSU04536	L8ECQ9
BSU04540	P96610
BSU04550	P96611
BSU04560	P96612
BSU04570	P96613
BSU04580	P96614
BSU04590	P96615
BSU04600	P96616
BSU04610	P96617
BSU04620	P96618
BSU04630	P96619
BSU04640	P10725
BSU04650	P96621
BSU04660	P96622
BSU04670	P42409
BSU04680	P42410
BSU04690	P42411
BSU04700	P40399
BSU04710	P17903
BSU04720	P17904
BSU04730	P06574
BSU04740	P17906
BSU04750	P96623
BSU04760	P96624
BSU04770	P96625
BSU04780	O31489
BSU04790	P96628
BSU04800	P96629
BSU04810	P96630
BSU04820	P96631
BSU04830	O31490
BSU04839	C0H3V5
BSU04840	P96632
BSU04850	P96633
BSU04860	P96634
BSU04870	P96635
BSU04880	P96636
BSU04890	P96637
BSU04900	P96638
BSU04910	O31491
BSU04920	P96640
BSU04930	P96641
BSU04940	P96642
BSU04950	P96643
BSU04960	P96644
BSU04970	P96645
BSU04980	P96646
BSU04990	P96647
BSU05000	P96648
BSU05010	P96649
BSU05020	O31492
BSU05030	P96650
BSU05040	P96651
BSU05050	P96652
BSU05060	P96653
BSU05070	P96654
BSU05080	P96655
BSU05090	P96656
BSU05099	Q9K3A9
BSU05100	P96657
BSU05109	C0H3V7
BSU05110	P96658
BSU05120	P39158
BSU05130	P96659
BSU05140	O31493
BSU05150	P96660
BSU05160	P96661
BSU05170	P96662
BSU05180	P96663
BSU05190	P96664
BSU05200	P96665
BSU05210	P96666
BSU05220	P96667
BSU05230	P96668
BSU05240	P96669
BSU05250	P96670
BSU05260	P96671
BSU05270	O31494
BSU05280	P96672
BSU05290	P96673
BSU05300	P96674
BSU05310	P96675
BSU05320	P96676
BSU05329	C0H3V9
BSU05330	P96677
BSU05340	P96678
BSU05350	P96679
BSU05360	P96680
BSU05370	P96681
BSU05380	P96682
BSU05390	P96683
BSU05400	P96684
BSU05408	C0H3W0
BSU05409	C0H3W1
BSU05410	P96685
BSU05420	P96686
BSU05430	P96687
BSU05440	P96688
BSU05450	P96689
BSU05460	P96690
BSU05470	C0SP78
BSU05480	P96692
BSU05490	P96693
BSU05500	P96694
BSU05510	P96695
BSU05520	O31496
BSU05529	C0H3W2
BSU05530	P96696
BSU05540	P96697
BSU05550	P96698
BSU05560	P96699
BSU05570	P96700
BSU05580	P96701
BSU05590	P96702
BSU05600	P96703
BSU05610	P39115
BSU05620	P96704
BSU05630	Q02886
BSU05640	P96705
BSU05650	P96706
BSU05660	P96707
BSU05670	P96708
BSU05680	P96709
BSU05690	O05493
BSU05700	O05494
BSU05710	O05495
BSU05720	O05496
BSU05730	O05497
BSU05740	P19405
BSU05750	Q797E6
BSU05760	O05500
BSU05770	O05501
BSU05780	O05502
BSU05790	O05503
BSU05800	Q797E3
BSU05810	O05505
BSU05820	O05506
BSU05830	O05507
BSU05840	O05508
BSU05850	O05509
BSU05860	O05510
BSU05870	O05511
BSU05880	O05512
BSU05900	O05514
BSU05910	O05515
BSU05920	O05516
BSU05930	O05517
BSU05940	O05518
BSU05950	O05519
BSU05960	O05520
BSU05970	O05521
BSU05980	O05522
BSU05990	O05523
BSU06000	O05524
BSU06010	O05525
BSU06020	P28599
BSU06030	P28598
BSU06040	O34672
BSU06048	C0H3W7
BSU06050	O34608
BSU06060	O34939
BSU06070	O34680
BSU06090	O35025
BSU06100	O34885
BSU06110	O34303
BSU06120	O34778
BSU06130	O34715
BSU06140	P39143
BSU06150	Q06004
BSU06160	O34368
BSU06170	O34768
BSU06180	P54617
BSU06190	O34434
BSU06200	O35004
BSU06210	O34789
BSU06220	O34733
BSU06230	O34718
BSU06240	O34788
BSU06250	P40775
BSU06260	O34353
BSU06269	O24817
BSU06270	O34759
BSU06280	O34592
BSU06290	O34803
BSU06300	P07788
BSU06310	P46349
BSU06319	C0H3X2
BSU06320	P46348
BSU06330	P94474
BSU06340	P94475
BSU06350	P94476
BSU06360	P29727
BSU06370	O34987
BSU06380	O34341
BSU06390	O34904
BSU06400	O34624
BSU06410	O34700
BSU06420	P12044
BSU06430	P12045
BSU06440	P12047
BSU06450	P12046
BSU06460	P12049
BSU06470	P12041
BSU06480	P12042
BSU06490	P00497
BSU06500	P12043
BSU06510	P12040
BSU06520	P12048
BSU06530	P12039
BSU06540	O31497
BSU06550	O34560
BSU06559	C0H3X3
BSU06560	O34909
BSU06570	O34968
BSU06580	Q7BVT7
BSU06590	O34849
BSU06600	O34790
BSU06610	O34580
BSU06620	O31498
BSU06630	O34629
BSU06640	O34640
BSU06650	Q45514
BSU06660	O06493
BSU06670	O06492
BSU06680	O06491
BSU06690	O30509
BSU06700	O31500
BSU06710	O31501
BSU06720	O31502
BSU06730	O31503
BSU06740	O34574
BSU06750	O35034
BSU06760	O31504
BSU06770	O34469
BSU06780	O34352
BSU06790	O34950
BSU06800	O31505
BSU06811	C0H3X4
BSU06812	O31506
BSU06820	O31507
BSU06830	Q59HN8
BSU06839	Q59HN7
BSU06840	O31509
BSU06850	O31510
BSU06860	Q7WY76
BSU06870	O31511
BSU06880	O31512
BSU06890	Q45536
BSU06900	Q45537
BSU06910	Q45538
BSU06920	O31513
BSU06930	O31514
BSU06940	O31515
BSU06950	O31516
BSU06960	O31517
BSU06970	O31518
BSU06980	O31519
BSU06990	O31520
BSU07000	O31521
BSU07010	O31522
BSU07020	O31523
BSU07030	O31524
BSU07040	O31525
BSU07050	O31526
BSU07060	O31527
BSU07070	O31528
BSU07080	O31529
BSU07090	O31530
BSU07100	P37966
BSU07110	P39128
BSU07120	P39129
BSU07130	P39130
BSU07140	O31533
BSU07150	O31534
BSU07160	O31535
BSU07180	O31537
BSU07190	O31538
BSU07200	O31539
BSU07210	O31540
BSU07220	O31541
BSU07230	O06489
BSU07240	O06490
BSU07250	O08394
BSU07260	Q797B3
BSU07270	O06486
BSU07280	O06485
BSU07290	O06484
BSU07300	O06483
BSU07310	O31542
BSU07320	O06481
BSU07330	O06480
BSU07340	Q797A7
BSU07350	O06478
BSU07360	O06477
BSU07370	O06476
BSU07380	O06475
BSU07390	O06474
BSU07400	O06473
BSU07410	O06472
BSU07420	O34512
BSU07430	O34750
BSU07440	O34536
BSU07450	O34812
BSU07460	O34440
BSU07480	O34722
BSU07490	O34510
BSU07500	O34832
BSU07510	O34933
BSU07520	O34348
BSU07530	O34626
BSU07550	P80241
BSU07560	P39116
BSU07570	O34726
BSU07580	O34427
BSU07590	O34534
BSU07600	O34439
BSU07610	P55069
BSU07620	O34409
BSU07630	O34453
BSU07640	O35031
BSU07650	O34542
BSU07660	O34345
BSU07670	O34905
BSU07680	O34306
BSU07690	O34484
BSU07700	O34521
BSU07710	O34952
BSU07720	O34489
BSU07735	O34887
BSU07750	O34708
BSU07760	O34573
BSU07770	O35036
BSU07780	O35028
BSU07790	O34486
BSU07800	P39794
BSU07810	P39795
BSU07820	P39796
BSU07830	O34475
BSU07840	O34313
BSU07850	P80876
BSU07860	O34597
BSU07870	O35019
BSU07880	O35016
BSU07890	O34418
BSU07900	O34437
BSU07910	O34929
BSU07920	O34840
BSU07930	O34579
BSU07940	O35043
BSU07955	O34400
BSU07970	O35041
BSU07980	O34928
BSU07990	O34969
BSU08000	O31543
BSU08010	O31544
BSU08020	O31545
BSU08029	C0H3X6
BSU08030	O31546
BSU08040	O31547
BSU08050	P40773
BSU08060	O31404
BSU08070	O34591
BSU08080	O31550
BSU08090	O34324
BSU08100	O31551
BSU08110	O31552
BSU08120	O31553
BSU08130	O31554
BSU08140	O31555
BSU08150	O31556
BSU08160	O31557
BSU08170	O31558
BSU08180	P54716
BSU08190	P54717
BSU08200	P54715
BSU08210	P54718
BSU08220	P54719
BSU08230	P54720
BSU08240	P54721
BSU08250	P54722
BSU08260	P54723
BSU08270	P54724
BSU08280	P94437
BSU08290	P94438
BSU08300	P94439
BSU08310	P94440
BSU08320	P94441
BSU08330	P94442
BSU08340	P94443
BSU08350	Q79F14
BSU08360	O31559
BSU08370	O31560
BSU08380	O31561
BSU08390	O31562
BSU08400	O31563
BSU08410	O31564
BSU08425	C0H3X7
BSU08440	O31567
BSU08450	O31568
BSU08460	O31569
BSU08470	O31570
BSU08480	O31571
BSU08490	O31572
BSU08500	O31573
BSU08510	O31574
BSU08520	O31575
BSU08530	O31576
BSU08540	O31577
BSU08550	Q7WY75
BSU08560	O31578
BSU08570	O31579
BSU08580	O31580
BSU08590	O31581
BSU08600	Q45539
BSU08610	O31582
BSU08620	O31583
BSU08630	O31584
BSU08640	O31585
BSU08650	P71079
BSU08660	P07784
BSU08670	P71080
BSU08680	Q796Z1
BSU08690	P71082
BSU08700	P71083
BSU08710	P71084
BSU08720	Q796Y8
BSU08730	P71086
BSU08740	Q7WY74
BSU08750	Q04385
BSU08760	P71088
BSU08770	O31586
BSU08779	C0H3X8
BSU08780	P71089
BSU08790	P45740
BSU08800	Q796Y5
BSU08810	P21344
BSU08820	P26901
BSU08830	P97027
BSU08840	P40400
BSU08850	P40401
BSU08860	P40402
BSU08870	P97028
BSU08880	O31587
BSU08890	P97029
BSU08899	C0H3X9
BSU08900	O31588
BSU08910	P97030
BSU08920	O31589
BSU08930	O31590
BSU08940	P97032
BSU08950	P39132
BSU08960	P39133
BSU08970	P39134
BSU08980	P45742
BSU08990	O31592
BSU09000	O31593
BSU09010	P54585
BSU09020	P54586
BSU09030	P54587
BSU09040	P54588
BSU09050	P54589
BSU09060	P54590
BSU09070	P54591
BSU09080	P54592
BSU09090	P54593
BSU09100	P32081
BSU09110	P54594
BSU09120	P54595
BSU09130	P54596
BSU09140	P54597
BSU09150	P54598
BSU09165	P54599
BSU09180	P54601
BSU09190	P54602
BSU09200	P54603
BSU09210	P54604
BSU09220	P54605
BSU09230	P54606
BSU09240	P54607
BSU09250	P54608
BSU09260	P33189
BSU09270	P30300
BSU09280	P18156
BSU09290	P18157
BSU09300	P18158
BSU09310	P18159
BSU09320	O07527
BSU09330	O07528
BSU09340	O07529
BSU09350	O07530
BSU09360	O07531
BSU09370	O07532
BSU09380	O07573
BSU09390	P37874
BSU09400	P37875
BSU09410	P19406
BSU09420	P54421
BSU09430	P39127
BSU09440	P39119
BSU09450	O07575
BSU09460	O07576
BSU09470	O07577
BSU09480	O07578
BSU09490	O07579
BSU09500	O07580
BSU09510	O07581
BSU09520	O07582
BSU09530	P80874
BSU09540	O07584
BSU09550	O07585
BSU09560	O07586
BSU09570	O07587
BSU09590	O07589
BSU09600	O07590
BSU09610	O07591
BSU09620	O07592
BSU09630	O07593
BSU09640	O07594
BSU09650	O07595
BSU09660	O07596
BSU09670	O07597
BSU09680	O07553
BSU09690	O07552
BSU09700	O07551
BSU09710	O07550
BSU09720	O07549
BSU09730	O07548
BSU09740	O07547
BSU09750	P04832
BSU09760	O07546
BSU09770	O07545
BSU09780	O07544
BSU09790	O07543
BSU09800	O07542
BSU09810	O07541
BSU09830	O07539
BSU09840	Q796V8
BSU09850	O07536
BSU09860	O07535
BSU09870	O07534
BSU09880	O07533
BSU09889	C0H3Y1
BSU09890	C0SPB4
BSU09900	O07523
BSU09910	O07522
BSU09920	O08455
BSU09930	O07521
BSU09940	O07520
BSU09950	P24327
BSU09958	C0H3Y2
BSU09959	L8EBJ6
BSU09965	O07518
BSU09980	O07517
BSU09990	P11065
BSU10000	O07516
BSU10009	C0H3Y3
BSU10010	O07515
BSU10020	P80862
BSU10030	O07513
BSU10040	P55339
BSU10050	P55340
BSU10060	P55341
BSU10070	O07598
BSU10080	O07599
BSU10090	P38048
BSU10100	P38049
BSU10110	P38050
BSU10120	P32395
BSU10130	P32396
BSU10140	P32397
BSU10150	P32398
BSU10160	P32399
BSU10170	O07600
BSU10180	O07601
BSU10200	O07603
BSU10210	O07604
BSU10220	O07605
BSU10230	O07606
BSU10240	O07607
BSU10250	O07608
BSU10260	O07609
BSU10270	O07610
BSU10280	O07611
BSU10290	P40769
BSU10300	P04189
BSU10310	O07614
BSU10320	O07615
BSU10330	C0SP94
BSU10340	O07617
BSU10350	O07618
BSU10360	O07619
BSU10370	O07620
BSU10380	O07621
BSU10390	O07622
BSU10400	P40397
BSU10410	O31594
BSU10420	P40396
BSU10430	P40398
BSU10440	O07555
BSU10450	O07556
BSU10460	O07557
BSU10470	O07558
BSU10480	O07559
BSU10490	O07560
BSU10500	O07561
BSU10510	Q796S4
BSU10520	O07563
BSU10530	O07564
BSU10540	O07565
BSU10550	O07566
BSU10560	O07567
BSU10570	O07568
BSU10580	O07569
BSU10590	O07570
BSU10600	O07571
BSU10610	O07572
BSU10620	P23477
BSU10630	P23478
BSU10640	P23479
BSU10650	O06714
BSU10660	O06715
BSU10670	O06716
BSU10680	O06717
BSU10690	O06718
BSU10700	O06719
BSU10710	O06720
BSU10720	O06721
BSU10730	O06722
BSU10740	O06723
BSU10750	O06724
BSU10760	O06725
BSU10770	P54423
BSU10780	O06727
BSU10790	O05272
BSU10800	Q7WY73
BSU10810	O06728
BSU10820	O07940
BSU10830	P40331
BSU10840	P37947
BSU10850	P40332
BSU10860	O07939
BSU10870	O06730
BSU10880	Q796Q6
BSU10890	O06733
BSU10900	O06734
BSU10910	O06735
BSU10920	O06736
BSU10930	O06737
BSU10940	O06738
BSU10950	O06739
BSU10960	O06740
BSU10970	O06741
BSU10980	Q796Q1
BSU10990	O06743
BSU11000	O06744
BSU11010	O06745
BSU11020	O06746
BSU11030	O06747
BSU11040	O06748
BSU11055	O06750
BSU11070	O06751
BSU11079	C0H3Y4
BSU11080	O06752
BSU11090	O06753
BSU11100	P39899
BSU11110	P70945
BSU11120	P39803
BSU11130	P39804
BSU11139	C0H3Y5
BSU11140	P70947
BSU11150	P70948
BSU11160	P70949
BSU11170	Q796P5
BSU11180	P70952
BSU11190	P23715
BSU11200	P36843
BSU11210	P68729
BSU11220	P36839
BSU11230	P36838
BSU11240	P18185
BSU11250	P18186
BSU11260	O34585
BSU11270	O34713
BSU11280	O35001
BSU11290	O34959
BSU11300	O32436
BSU11310	O32437
BSU11320	O34891
BSU11330	O34746
BSU11340	O34340
BSU11350	O31596
BSU11360	P42064
BSU11370	P42065
BSU11381/BSU11382	P42061
BSU11390	P42062
BSU11400	P42063
BSU11410	O31597
BSU11420	P21656
BSU11430	P24141
BSU11440	P24138
BSU11450	P24139
BSU11460	P24136
BSU11470	P24137
BSU11480	O31600
BSU11490	O31601
BSU11500	O31602
BSU11510	O31603
BSU11520	P37958
BSU11530	O31604
BSU11540	O31605
BSU11549	C0H3Y6
BSU11550	O31606
BSU11560	O31607
BSU11570	O31608
BSU11580	O31609
BSU11590	O31610
BSU11600	O31611
BSU11610	O31612
BSU11620	O31613
BSU11630	O31614
BSU11640	O31615
BSU11650	P25052
BSU11660	P25053
BSU11670	O31616
BSU11680	O31617
BSU11690	O31618
BSU11700	O31619
BSU11710	O31620
BSU11720	P54616
BSU11730	O31622
BSU11740	Q08312
BSU11750	Q08311
BSU11760	Q08313
BSU11770	Q08310
BSU11780	Q08309
BSU11790	O31623
BSU11799	C0H3Y7
BSU11809	C0H3Y8
BSU11810	O31625
BSU11820	O31626
BSU11839	C0H3Y9
BSU11840	O31628
BSU11850	O31629
BSU11860	O31630
BSU11870	O31631
BSU11880	O31632
BSU11890	O31633
BSU11900	O31634
BSU11910	O31635
BSU11920	O31636
BSU11928	C0H3Z0
BSU11929	C0H3Z1
BSU11930	O31637
BSU11940	O31638
BSU11950	O31639
BSU11960	O31640
BSU11970	O31641
BSU11980	O31642
BSU11990	O31643
BSU12000	O31644
BSU12010	O31645
BSU12020	O31646
BSU12030	O31647
BSU12040	O31648
BSU12050	O31649
BSU12060	O31650
BSU12069	C0H3Z2
BSU12070	O31651
BSU12080	O31652
BSU12090	P11863
BSU12100	O34798
BSU12110	O34554
BSU12120	O34438
BSU12130	O34458
BSU12140	O35027
BSU12150	O34960
BSU12160	O34720
BSU12170	O34681
BSU12180	O34725
BSU12190	C0SPC3
BSU12200	O34679
BSU12210	O34374
BSU12220	O34539
BSU12229	C0H3Z3
BSU12230	O34394
BSU12240	O34684
BSU12250	O34756
BSU12260	O34428
BSU12270	O34612
BSU12280	O34633
BSU12290	P80861
BSU12300	O34808
BSU12310	O34961
BSU12320	O34736
BSU12330	O35045
BSU12340	O34346
BSU12350	O34896
BSU12360	O34456
BSU12370	Q9JMQ1
BSU12380	O34354
BSU12390	O34673
BSU12400	O34578
BSU12410	O34334
BSU12420	O34703
BSU12430	Q00828
BSU12440	Q00829
BSU12450	O34446
BSU12460	O34391
BSU12470	O34593
BSU12480	O34785
BSU12490	O34423
BSU12500	P39780
BSU12510	P23789
BSU12519	C0H3Z4
BSU12520	P39781
BSU12530	P39782
BSU12539	C0H3Z5
BSU12540	P39783
BSU12550	P54344
BSU12560	P39784
BSU12570	P39785
BSU12580	P39786
BSU12590	P54325
BSU12600	P54326
BSU12610	P54327
BSU12619	C0H3Z6
BSU12620	P54328
BSU12630	P54329
BSU12640	P54330
BSU12649	C0H3Z7
BSU12650	P54331
BSU12660	P54332
BSU12671	P54333
BSU12672	C0H3Z8
BSU12680	P54334
BSU12690	P54335
BSU12700	P54336
BSU12710	P54337
BSU12720	P54338
BSU12730	P54339
BSU12740	P54340
BSU12749	C0H3Z9
BSU12750	P54341
BSU12760	P54342
BSU12770	P54343
BSU12780	P39797
BSU12790	P39798
BSU12800	Q99163
BSU12810	P39800
BSU12820	O34800
BSU12830	O34853
BSU12840	O34436
BSU12850	O34454
BSU12860	O34739
BSU12870	O34689
BSU12880	O34575
BSU12890	O34319
BSU12900	O34358
BSU12910	Q00777
BSU12920	P26902
BSU12930	P26903
BSU12940	P26904
BSU12950	P26905
BSU12960	P26906
BSU12970	O34851
BSU12980	O34508
BSU12990	O35010
BSU13000	C0SP98
BSU13010	O34499
BSU13020	O34497
BSU13030	P49851
BSU13040	P49852
BSU13050	O31653
BSU13060	P49853
BSU13070	P49854
BSU13080	P49855
BSU13090	P49856
BSU13100	P49857
BSU13110	O34990
BSU13120	P39820
BSU13130	P39821
BSU13140	O34762
BSU13150	O34777
BSU13160	P80242
BSU13169	C0H400
BSU13170	O34598
BSU13180	P80877
BSU13190	P11018
BSU13200	O34860
BSU13210	O34572
BSU13220	O34362
BSU13230	O34738
BSU13240	O34911
BSU13250	O34903
BSU13260	O34638
BSU13270	O34551
BSU13280	O35012
BSU13290	O34405
BSU13300	O34442
BSU13310	Q45666
BSU13320	O34923
BSU13330	O34763
BSU13340	O34949
BSU13350	C0SPB9
BSU13360	O34495
BSU13370	O35040
BSU13380	O34830
BSU13390	O34755
BSU13400	O34398
BSU13410	O34859
BSU13420	O34311
BSU13430	O34908
BSU13440	O34997
BSU13450	O31654
BSU13460	O31655
BSU13470	P04833
BSU13480	O31656
BSU13490	O31657
BSU13500	O31658
BSU13509	C0H402
BSU13510	O31659
BSU13520	O31660
BSU13530	O31661
BSU13540	P11742
BSU13550	O31662
BSU13560	O31663
BSU13570	O31664
BSU13580	O31665
BSU13590	O31666
BSU13600	O31667
BSU13610	O31668
BSU13620	O31669
BSU13630	O31670
BSU13640	P05043
BSU13650	P06630
BSU13660	O31671
BSU13670	O31672
BSU13680	P28612
BSU13690	P28611
BSU13700	O31673
BSU13710	O31674
BSU13720	O31675
BSU13730	O31676
BSU13740	O31677
BSU13750	O31678
BSU13760	O31679
BSU13770	O31680
BSU13780	O31681
BSU13789	C0H403
BSU13790	O31682
BSU13799	C0H404
BSU13800	O31683
BSU13810	O31684
BSU13819	C0H405
BSU13820	O31685
BSU13830	O31686
BSU13840	O31687
BSU13850	O31688
BSU13860	O31689
BSU13870	O31690
BSU13880	O31691
BSU13890	P20166
BSU13900	P08877
BSU13910	P08838
BSU13920	P37955
BSU13930	P37956
BSU13940	Q796K9
BSU13950	P54576
BSU13960	O34948
BSU13970	O31398
BSU13980	Q796K8
BSU13990	P16497
BSU14000	P16524
BSU14009	C0H406
BSU14010	P37599
BSU14020	P42430
BSU14030	O31695
BSU14040	O34816
BSU14050	O34870
BSU14060	O34717
BSU14071	O34320
BSU14072	C0H408
BSU14080	O31696
BSU14090	O35014
BSU14100	O34588
BSU14110	O34776
BSU14120	O31697
BSU14130	O31698
BSU14140	O34827
BSU14150	O34737
BSU14160	O34879
BSU14170	O34589
BSU14180	O34981
BSU14190	O34916
BSU14200	O34783
BSU14210	O34897
BSU14220	O34564
BSU14230	O31699
BSU14240	O34857
BSU14250	O31700
BSU14260	O31701
BSU14270	O31702
BSU14280	O31703
BSU14290	O31704
BSU14300	O31705
BSU14310	O31706
BSU14320	O31707
BSU14330	O31708
BSU14340	O31709
BSU14350	O31710
BSU14360	O31711
BSU14370	O31712
BSU14380	O31713
BSU14390	O31714
BSU14400	P71012
BSU14410	P71013
BSU14420	O31715
BSU14430	O31716
BSU14440	O31717
BSU14450	P39762
BSU14460	Q45492
BSU14470	P39763
BSU14480	P39758
BSU14490	P39764
BSU14500	P39759
BSU14510	P39760
BSU14520	P39761
BSU14530	Q45493
BSU14540	O31718
BSU14550	Q45494
BSU14560	Q45495
BSU14568	L8E9Z2
BSU14569	C0H409
BSU14570	P21884
BSU14580	P21881
BSU14590	P21882
BSU14600	P21883
BSU14610	P21880
BSU14620	P39910
BSU14629	C0H410
BSU14630	P21885
BSU14640	Q45497
BSU14650	Q45498
BSU14660	O31719
BSU14670	Q45499
BSU14680	O31720
BSU14690	Q45500
BSU14700	P68736
BSU14710	O07625
BSU14720	O07626
BSU14730	O07627
BSU14740	O07628
BSU14750	O07629
BSU14760	O07630
BSU14770	O07631
BSU14780	O07632
BSU14790	O07633
BSU14800	O07634
BSU14810	O07635
BSU14820	O07636
BSU14830	O07637
BSU14840	O07638
BSU14850	O07639
BSU14860	Q9KWU4
BSU14870	P12946
BSU14880	P24009
BSU14890	P24011
BSU14900	P24010
BSU14910	P24012
BSU14920	P24013
BSU14930	O34329
BSU14940	O34743
BSU14950	O34682
BSU14960	O34586
BSU14970	O34880
BSU14980	O34958
BSU14990	O34412
BSU15000	O34658
BSU15010	O34331
BSU15020	O34797
BSU15030	O34765
BSU15040	O34731
BSU15050	O34470
BSU15060	O34513
BSU15069	C0H411
BSU15070	O34445
BSU15080	O34687
BSU15090	O34549
BSU15100	O34468
BSU15110	O34661
BSU15120	P55342
BSU15130	P55343
BSU15140	Q07876
BSU15150	Q07867
BSU15160	Q07868
BSU15170	Q03524
BSU15180	Q03523
BSU15190	Q03521
BSU15200	Q03522
BSU15210	P07373
BSU15220	P37585
BSU15230	P18579
BSU15240	P16655
BSU15250	C0SPA3
BSU15260	Q45544
BSU15270	P28265
BSU15280	P28264
BSU15290	P17865
BSU15300	P16397
BSU15310	P13801
BSU15320	P06222
BSU15330	P19940
BSU15340	O31723
BSU15350	O31724
BSU15360	O31725
BSU15370	O31726
BSU15380	O31727
BSU15390	O31728
BSU15400	O31729
BSU15410	P71020
BSU15420	P71021
BSU15430	Q45477
BSU15440	Q45478
BSU15450	Q45479
BSU15460	Q45480
BSU15470	P39765
BSU15480	P39766
BSU15490	P05654
BSU15500	P25995
BSU15510	P25993
BSU15520	P25994
BSU15530	P25983
BSU15540	P25996
BSU15550	P25971
BSU15560	P25972
BSU15570	P94498
BSU15580	O34734
BSU15590	O34764
BSU15600	O34577
BSU15610	O34744
BSU15620	O34632
BSU15630	O34813
BSU15640	O34693
BSU15650	O34431
BSU15660	O34441
BSU15670	Q7WY72
BSU15680	O34328
BSU15690	O35011
BSU15700	O35033
BSU15710	P94461
BSU15720	P94462
BSU15730	P94463
BSU15740	P94464
BSU15750	O34617
BSU15760	O34779
BSU15770	O34507
BSU15780	O34530
BSU15790	O34557
BSU15800	O34664
BSU15810	P37817
BSU15820	P37807
BSU15830	O34318
BSU15840	O34751
BSU15850	O34635
BSU15860	O34607
BSU15870	O34942
BSU15880	O34835
BSU15890	P71018
BSU15900	P71019
BSU15910	P51831
BSU15920	P80643
BSU15930	P51833
BSU15940	P51834
BSU15950	P51835
BSU15960	O31737
BSU15970	P37104
BSU15980	P37105
BSU15990	P21474
BSU16000	O31738
BSU16010	O31739
BSU16020	O31740
BSU16030	O31741
BSU16040	O31742
BSU16050	O31743
BSU16060	O31744
BSU16070	O31745
BSU16080	O34867
BSU16090	P80886
BSU16100	P80865
BSU16110	P39813
BSU16120	P39814
BSU16130	P39815
BSU16140	P39776
BSU16150	P39070
BSU16160	P39778
BSU16170	P39779
BSU16180	P24500
BSU16190	P24501
BSU16200	P24502
BSU16210	P23447
BSU16220	P23448
BSU16230	P23449
BSU16240	P23445
BSU16250	P20487
BSU16260	P23454
BSU16270	P23451
BSU16280	P23455
BSU16290	P23446
BSU16299	C0H412
BSU16300	P23452
BSU16310	P23453
BSU16320	P24073
BSU16330	P24072
BSU16340	P35536
BSU16350	P35528
BSU16360	P35535
BSU16370	P35537
BSU16380	P35538
BSU16390	P35620
BSU16400	Q01960
BSU16410	P40742
BSU16420	Q05522
BSU16430	P29072
BSU16440	P39802
BSU16450	P40403
BSU16460	P40404
BSU16470	P10726
BSU16480	P40405
BSU16490	P21464
BSU16500	P80700
BSU16510	O31749
BSU16520	P81101
BSU16530	O31751
BSU16540	O31752
BSU16550	O31753
BSU16560	O31754
BSU16570	O31755
BSU16580	P13267
BSU16590	P32726
BSU16600	P32727
BSU16610	P32728
BSU16620	P32729
BSU16630	P17889
BSU16630	P17889-2
BSU16640	P32730
BSU16650	P32731
BSU16660	P32732
BSU16670	P54575
BSU16680	P21473
BSU16690	P50849
BSU16700	P50850
BSU16710	Q04805
BSU16720	Q04811
BSU16730	Q04809
BSU16740	Q04810
BSU16750	Q04797
BSU16760	Q04795
BSU16760	Q04795-2
BSU16770	Q04796
BSU16780	O31760
BSU16790	Q99171
BSU16799	C0H413
BSU16800	P21458
BSU16810	O31761
BSU16825	O31762
BSU16845	O31764
BSU16860	O31766
BSU16870	O31767
BSU16880	O31768
BSU16890/BSU16900	O31769
BSU16910	O31771
BSU16920	P46322
BSU16930	P46323
BSU16940	P16971
BSU16950	O31773
BSU16960	O31774
BSU16970	O31775
BSU16980	P45693
BSU16990	O31776
BSU17000	O31777
BSU17010	O31778
BSU17020	O31779
BSU17030	P14016
BSU17040	P49849
BSU17050	P49850
BSU17060	Q7WY71
BSU17070	O31780
BSU17080	O34381
BSU17090	O34769
BSU17100	O34825
BSU17110	O34877
BSU17120	O34787
BSU17130	Q7PC63
BSU17140	P40804
BSU17150	P40830
BSU17160	P40805
BSU17170	P40802
BSU17180	P40806
BSU17190	Q05470
BSU17200	P40872
BSU17210	O31782
BSU17220	O31784
BSU17230	O31785
BSU17240	O31786
BSU17250	O31787
BSU17260	O31788
BSU17270	O31789
BSU17280	O31790
BSU17290	P0CW82
BSU17300	P0CW80
BSU17310	O31793
BSU17320	O31794
BSU17330	O31795
BSU17340	O31796
BSU17350	O31797
BSU17360	O31798
BSU17370	P50618
BSU17380	P50620
BSU17390	P50621
BSU17400	P50619
BSU17410	Q06320
BSU17420	P27643
BSU17430	P94478
BSU17440	P94479
BSU17450	P37582
BSU17460	P12425
BSU17470	P31844
BSU17480	O31799
BSU17490	O31800
BSU17500	P94480
BSU17510	P94481
BSU17520	P94482
BSU17530	P94483
BSU17540	P94484
BSU17550	P94485
BSU17559	C0H415
BSU17560	P94487
BSU17570	P94488
BSU17580	P94489
BSU17590	P94490
BSU17600	P0CI80
BSU17610	P39211
BSU17620	P94492
BSU17630	P94493
BSU17640	P94494
BSU17650	P94495
BSU17660	O31801
BSU17670	O31802
BSU17680	P0CI79
BSU17690	O31803
BSU17699	C0H417
BSU17700	P07790
BSU17710	O31804
BSU17720	O31805
BSU17730	O31806
BSU17740	O31807
BSU17750	O31808
BSU17760	O31809
BSU17770	O31810
BSU17780	O31811
BSU17790	O31812
BSU17800	O31813
BSU17810	O31814
BSU17820	O31815
BSU17830	O31816
BSU17840	O31817
BSU17850	P31080
BSU17860	Q45056
BSU17870	Q45057
BSU17880	O31818
BSU17890	P45694
BSU17900	P45707
BSU17910	P45708
BSU17920	O31819
BSU17930	P45706
BSU17940	P45709
BSU17950	P45710
BSU17960	P45711
BSU17970	Q45058
BSU17980	P71032
BSU17990	P71031
BSU18000	P09339
BSU18010	O31820
BSU18019	C0H418
BSU18020	Q7WY69
BSU18030	Q45060
BSU18040	Q45061
BSU18050	Q45062
BSU18060	Q45063
BSU18070	Q45064
BSU18080	Q45065
BSU18090	Q59192
BSU18100	Q45066
BSU18110	Q45067
BSU18120	Q45068
BSU18130	P10475
BSU18140	Q45069
BSU18150	Q45070
BSU18160	Q45071
BSU18170	O31821
BSU18180	O31822
BSU18190	O31823
BSU18200	O31824
BSU18210	O31825
BSU18220	O34893
BSU18230	O34873
BSU18239	C0H419
BSU18240	O34544
BSU18250	O31826
BSU18260	O34421
BSU18270	O34356
BSU18280	O35015
BSU18290	O34506
BSU18300	O31827
BSU18310	P94459
BSU18320	P39847
BSU18330	P39846
BSU18340	P39845
BSU18350	P39844
BSU18360	P39840
BSU18370	O34474
BSU18380	O34841
BSU18390	O35009
BSU18400	O34555
BSU18410	P54422
BSU18420	O34685
BSU18430	O35017
BSU18440	O34399
BSU18450	P39812
BSU18460	P20668
BSU18470	O07509
BSU18480	P0CI77
BSU18490	P0CI76
BSU18500	P14802
BSU18510	P28670
BSU18520	P28671
BSU18530	O34569
BSU18540	O34864
BSU18550	O34861
BSU18560	O34815
BSU18570	C0SP82
BSU18580	O31829
BSU18590	O31830
BSU18596	L8E9J0
BSU18600	Q7WY68
BSU18610	C0SP89
BSU18620	C0SPC0
BSU18630	O34918
BSU18640	O34343
BSU18650	O34819
BSU18660	O34906
BSU18669	C0H420
BSU18670	O34767
BSU18680	O34985
BSU18690	O34983
BSU18700	O31831
BSU18709	C0H421
BSU18710	O31832
BSU18720	O34611
BSU18730	O31833
BSU18740	O31834
BSU18750	O34535
BSU18760	O34701
BSU18770	O34416
BSU18780	O34541
BSU18790	O34947
BSU18800	P39824
BSU18810	O31835
BSU18820	O31836
BSU18830	O34309
BSU18840	P18429
BSU18849	C0H423
BSU18850	O34647
BSU18860	O31837
BSU18870	O31838
BSU18880	O34915
BSU18890	O34780
BSU18898	C0H424
BSU18899	C0H425
BSU18900	O31839
BSU18908	C0H426
BSU18910	O34930
BSU18920	O31840
BSU18930	C0SPA8
BSU18940	O31841
BSU18950	O31842
BSU18960	O31843
BSU18970	O34784
BSU18980	O34774
BSU18990	O34596
BSU19000	O34330
BSU19010	O34377
BSU19020	O34363
BSU19030	O34433
BSU19040	P37584
BSU19050	O34901
BSU19060	O34376
BSU19070	O34892
BSU19080	O34910
BSU19090	O34637
BSU19100	O34920
BSU19110	P94497
BSU19120	O31844
BSU19130	O34636
BSU19140	O31845
BSU19150	O34516
BSU19160	O35042
BSU19170	O35046
BSU19180	O34653
BSU19190	O34757
BSU19200	O34723
BSU19210	O34669
BSU19220	O34748
BSU19230	O35022
BSU19240	P80872
BSU19250	O34976
BSU19259	C0H429
BSU19260	O34321
BSU19270	O31846
BSU19280	O34855
BSU19290	O31847
BSU19300	O31848
BSU19310	O34660
BSU19320	Q796C3
BSU19330	O35023
BSU19340	O34383
BSU19350	O34524
BSU19360	P16263
BSU19370	P23129
BSU19380	O31849
BSU19390	O31850
BSU19400	O31851
BSU19410	O31852
BSU19420	O31853
BSU19430	O31854
BSU19440	O31855
BSU19450	O31856
BSU19460	O31857
BSU19470	O31858
BSU19479	O68260
BSU19480	O31859
BSU19490	Q7WY67
BSU19510	O31861
BSU19520	O31862
BSU19530	O34882
BSU19540	O34844
BSU19550	P81102
BSU19560	O34842
BSU19570	O34543
BSU19579	C0H431
BSU19580	O34745
BSU19590	O34666
BSU19600	O34954
BSU19610	O34654
BSU19620	O34866
BSU19630	O34925
BSU19639	C0H432
BSU19640	O30472
BSU19650	O34349
BSU19660	O31863
BSU19669	C0H433
BSU19670	O34414
BSU19680	O31864
BSU19689	C0H434
BSU19690	O34676
BSU19700	O34895
BSU19710	O34984
BSU19720	O34466
BSU19730	O34317
BSU19740	O34662
BSU19749	C0H435
BSU19750	P42093
BSU19760	P42092
BSU19770	P42091
BSU19780	P42089
BSU19790	P42090
BSU19800	P42094
BSU19820	O34850
BSU19830	O34820
BSU19840	O31865
BSU19850	O31866
BSU19860	O34699
BSU19870	Q796A8
BSU19880	O31867
BSU19890	O31868
BSU19900	O31869
BSU19910	O31870
BSU19920	O34407
BSU19930	O34702
BSU19940	O34642
BSU19950	P02958
BSU19970	P68583
BSU19980	O31872
BSU19990	O34537
BSU19999	O30602
BSU20000	O31873
BSU20010	O34775
BSU20020	O34919
BSU20030	O34342
BSU20040	O30601
BSU20050	O34479
BSU20060	O31875
BSU20070	P68524
BSU20080	O31877
BSU20090	O31878
BSU20100	O31879
BSU20110	O31880
BSU20120	O31881
BSU20130	O31882
BSU20140	O31883
BSU20150	O31884
BSU20160	O31885
BSU20170	O31886
BSU20180	O31887
BSU20190	O31888
BSU20200	O31889
BSU20210	O31890
BSU20220	O31891
BSU20230	O31892
BSU20240	O31893
BSU20250	P68585
BSU20260	O31894
BSU20270	P68522
BSU20280	O31896
BSU20290	O31897
BSU20300	O31898
BSU20310	O31899
BSU20320	O31900
BSU20330	O31901
BSU20340	O31902
BSU20350	O31903
BSU20360	O31904
BSU20370	O31905
BSU20380	O31906
BSU20390	O31907
BSU20400	O31908
BSU20410	O31909
BSU20420	P68575
BSU20430	O31910
BSU20440	O31911
BSU20450	O31912
BSU20460	O31913
BSU20470	O31914
BSU20480	O31915
BSU20490	O31916
BSU20500	O31917
BSU20510	O31918
BSU20520	O31919
BSU20530	O31920
BSU20540	O31921
BSU20550	O31922
BSU20560	O31923
BSU20570	O31924
BSU20580	O31925
BSU20590	O34581
BSU20600	O34326
BSU20610	O34359
BSU20620	O34339
BSU20630	O34999
BSU20640	O35030
BSU20650	O34584
BSU20660	O34429
BSU20670	O34449
BSU20680	O34834
BSU20690	O34831
BSU20700	O34988
BSU20710	O34509
BSU20720	O34730
BSU20730	O34401
BSU20740	O34838
BSU20750	O34869
BSU20760	O34937
BSU20770	O34498
BSU20780	O34766
BSU20790	O34558
BSU20800	O34448
BSU20810	O34336
BSU20820	O34791
BSU20830	P68581
BSU20840	O34605
BSU20850	O31926
BSU20860	O31927
BSU20870	O31928
BSU20880	O31929
BSU20890	O31930
BSU20900	O31931
BSU20910	O31932
BSU20920	O31933
BSU20928	C0H437
BSU20929	C0H438
BSU20930	O31934
BSU20940	O31935
BSU20950	O31936
BSU20960	O31937
BSU20970	O31938
BSU20980	O31939
BSU20990	O31940
BSU20999	C0H439
BSU21000	O31941
BSU21010	O31942
BSU21020	O31943
BSU21030	O31944
BSU21040	O31945
BSU21050	P68573
BSU21060	O31947
BSU21070	O31948
BSU21080	O31949
BSU21090	O31950
BSU21100	O31951
BSU21110	O31952
BSU21120	O31953
BSU21130	O31954
BSU21140	O31955
BSU21150	O31956
BSU21160	O31957
BSU21170	O31958
BSU21180	O31959
BSU21190	O31960
BSU21200	O31961
BSU21210	O31962
BSU21220	O31963
BSU21229	C0H440
BSU21230	O31964
BSU21240	O31965
BSU21250	O31966
BSU21260	O31967
BSU21270	O31968
BSU21280	O31969
BSU21290	O31970
BSU21300	O31971
BSU21310	O31972
BSU21320	O31973
BSU21329	Q9K3A9
BSU21330	O31974
BSU21340	O31975
BSU21350	O31976
BSU21360	O31977
BSU21370	O31978
BSU21380	O31979
BSU21390	O31980
BSU21400	O31981
BSU21410	O31982
BSU21420	O31983
BSU21430	O31984
BSU21440	P68571
BSU21450	O31986
BSU21460	P68569
BSU21470	P68579
BSU21480	P68577
BSU21490	O31989
BSU21500	O31990
BSU21510	O31991
BSU21520	O31992
BSU21530	O31993
BSU21540	O31994
BSU21546	L8EAY0
BSU21550	O31995
BSU21560	O31996
BSU21570	O31997
BSU21580	O31998
BSU21590	O31999
BSU21600	O32000
BSU21610	O32001
BSU21620	O32002
BSU21630	O32003
BSU21640	O32004
BSU21650	O32005
BSU21660	O32006
BSU21680	P54155
BSU21690	P54154
BSU21700	P54182
BSU21710	P54181
BSU21720	P54180
BSU21730	P54179
BSU21740	P40766
BSU21750	P54178
BSU21760	P54177
BSU21770	P37946
BSU21780	P54156
BSU21790	P54175
BSU21800	P54174
BSU21810	P11045
BSU21820	P11044
BSU21830	P54173
BSU21840	P54172
BSU21850	P54171
BSU21860	P54170
BSU21870	P51785
BSU21880	P54169
BSU21890	P54168
BSU21900	P52035
BSU21910	P54167
BSU21920	P54166
BSU21930	P51777
BSU21940	P68731
BSU21950	O32007
BSU21960	P54165
BSU21970	P54164
BSU21980	P54163
BSU21990	P54162
BSU22000	Q7WY66
BSU22010	P54161
BSU22019	C0H443
BSU22020	P54160
BSU22030	P54159
BSU22036	L8ECR0
BSU22040	P54158
BSU22050	P54157
BSU22060	P42086
BSU22070	P42085
BSU22080	P50848
BSU22090	P50847
BSU22100	P50846
BSU22110	P50845
BSU22120	P50844
BSU22130	P50843
BSU22140	P50842
BSU22150	P50831
BSU22160	P50841
BSU22169	C0H444
BSU22170	P50840
BSU22180	P0CI74
BSU22190	P50838
BSU22200	P07791
BSU22210	P50837
BSU22220	P50830
BSU22230	P50829
BSU22240	P50836
BSU22250	P50835
BSU22260	P50834
BSU22270	P50833
BSU22280	P50832
BSU22290	Q7WY65
BSU22300	P39791
BSU22310	P39792
BSU22320	P39793
BSU22330	P39789
BSU22340	P39788
BSU22350	P39787
BSU22360	P39772
BSU22370	P53001
BSU22380	P54396
BSU22390	P54395
BSU22400	P54394
BSU22410	P52999
BSU22420	P52998
BSU22430	P52996
BSU22440	P0CI75
BSU22450	P42977
BSU22460	P42982
BSU22470	P42981
BSU22480	P42980
BSU22490	P42976
BSU22500	P42979
BSU22510	P42978
BSU22520	P54393
BSU22530	P54392
BSU22540	P46913
BSU22550	P46912
BSU22560	P46911
BSU22570	P54391
BSU22580	P54390
BSU22590	P54389
BSU22600	P20691
BSU22610	P20692
BSU22620	P17731
BSU22630	P07601
BSU22640	P07600
BSU22650	P20167
BSU22660	P03964
BSU22670	P03947
BSU22680	P03963
BSU22690	P19080
BSU22700	P31102
BSU22710	P31104
BSU22720	P31105
BSU22730	P31103
BSU22740	P31114
BSU22750	P31113
BSU22760	P31112
BSU22770	P19466
BSU22780	P19465
BSU22790	P08821
BSU22800	P35149
BSU22810	P39911
BSU22820	P50744
BSU22830	P46919
BSU22840	P50743
BSU22849	C0H445
BSU22850	P50742
BSU22860	P50741
BSU22869	C0H446
BSU22870	P50740
BSU22880	P38494
BSU22890	P38493
BSU22900	P38492
BSU22910	P38491
BSU22920	P38490
BSU22930	P50739
BSU22940	P50738
BSU22950	P50736
BSU22960	P50735
BSU22970	P50734
BSU22980	P50733
BSU22990	P50732
BSU23000	P50731
BSU23010	P50730
BSU23020	P50729
BSU23030	P50728
BSU23040	P50727
BSU23050	P50726
BSU23070	P35136
BSU23080	P35146
BSU23090	P35166
BSU23100	P35165
BSU23110	P35164
BSU23120	P35163
BSU23130	P35162
BSU23140	P35161
BSU23150	P35160
BSU23160	P35159
BSU23170	P35158
BSU23180	P35157
BSU23190	P35150
BSU23200	P35156
BSU23210	P35155
BSU23220	P35154
BSU23230	P17617
BSU23240	P17622
BSU23250	P11998
BSU23260	P17620
BSU23270	P16440
BSU23280	P17618
BSU23290	P35153
BSU23300	P17616
BSU23310	P28628
BSU23320	O32012
BSU23328	C0H447
BSU23340	P35151
BSU23350	O32013
BSU23360	P35137
BSU23370	P31847
BSU23380	P23630
BSU23390	P31845
BSU23401	P40870
BSU23402	C0H450
BSU23410	P40869
BSU23420	P40868
BSU23430	P40867
BSU23440	P40866
BSU23450	P07860
BSU23460	P10728
BSU23470	P10727
BSU23480	P38422
BSU23490	P46354
BSU23500	P46353
BSU23510	P46352
BSU23519	C0H451
BSU23520	P54574
BSU23530	P37873
BSU23540	P54573
BSU23550	P54572
BSU23560	P54571
BSU23570	P26899
BSU23580	P26900
BSU23580	P26900-2
BSU23590	Q07683
BSU23600	P38423
BSU23610	P54570
BSU23616	L8EBJ9
BSU23620	P54569
BSU23630	P54568
BSU23640	P54567
BSU23650	P54566
BSU23660	P54565
BSU23670	P54564
BSU23680	P54563
BSU23690	P54562
BSU23700	P54561
BSU23710	P54560
BSU23720	O32014
BSU23730	P54559
BSU23740	P54558
BSU23750	P54557
BSU23760	P54556
BSU23770	P54555
BSU23780	P54554
BSU23790	P54553
BSU23800	P54552
BSU23810	P54551
BSU23820	P54550
BSU23830	P54549
BSU23840	P54548
BSU23850	P54547
BSU23860	P80859
BSU23870	P54545
BSU23880	Q7WY64
BSU23890	P54544
BSU23900	P54543
BSU23910	P54542
BSU23920	P54541
BSU23930	P54540
BSU23940	P54539
BSU23950	P54538
BSU23960	P54537
BSU23970	P54536
BSU23980	P54535
BSU23990	P54534
BSU24000	P39074
BSU24010	P33449
BSU24020	P39075
BSU24030	P37942
BSU24040	P37941
BSU24050	P37940
BSU24060	P54533
BSU24070	P54532
BSU24080	P54531
BSU24090	P54530
BSU24100	P54529
BSU24110	O32015
BSU24120	P54528
BSU24130	P45859
BSU24140	P45858
BSU24150	P45857
BSU24160	P45856
BSU24170	P45855
BSU24180	P54527
BSU24190	P54525
BSU24200	P40770
BSU24210	P54524
BSU24220	P06534
BSU24230	P17896
BSU24240	P17894
BSU24250	P17893
BSU24260	P19672
BSU24270	P54523
BSU24280	P54383
BSU24290	P54522
BSU24300	P54521
BSU24310	P54382
BSU24320	P54520
BSU24330	P54519
BSU24340	P49787
BSU24350	P49786
BSU24360	P49785
BSU24370	P49784
BSU24380	P49783
BSU24390	P49782
BSU24400	P49781
BSU24410	P49780
BSU24420	Q01368
BSU24430	Q01367
BSU24440	P49779
BSU24450	P49778
BSU24460	P54518
BSU24470	P54517
BSU24480	P54516
BSU24490	P54515
BSU24500	P54514
BSU24510	P54513
BSU24520	P54512
BSU24530	P54511
BSU24540	P54510
BSU24550	P54377
BSU24560	P54376
BSU24570	P54378
BSU24580	P54509
BSU24590	P54508
BSU24600	P23308
BSU24610	P06533
BSU24620	P54507
BSU24630	P54506
BSU24640	P40949
BSU24650	O32019
BSU24660	O32020
BSU24670	P25959
BSU24680	P25958
BSU24690	P25957
BSU24700	P25956
BSU24710	P25955
BSU24720	P25954
BSU24730	P25953
BSU24740	P40948
BSU24750	P54505
BSU24760	P54504
BSU24770	P54503
BSU24780	P54502
BSU24790	P54501
BSU24800	P54500
BSU24810	P54499
BSU24820	P54498
BSU24830	P54497
BSU24840	P54496
BSU24850	P54495
BSU24860	P54494
BSU24870	P54493
BSU24880	P54492
BSU24890	P54491
BSU24900	P56849
BSU24910	P54490
BSU24920	P54489
BSU24930	O32022
BSU24940	O32023
BSU24950	P46342
BSU24960	P46341
BSU24970	P46340
BSU24980	P46339
BSU24990	P46338
BSU25000	P54488
BSU25010	P54487
BSU25020	P54375
BSU25030	P54486
BSU25040	P54485
BSU25050	P54484
BSU25060	P54483
BSU25070	P54482
BSU25080	P54481
BSU25090	P54480
BSU25100	P54479
BSU25110	P54478
BSU25120	P54477
BSU25130	P54476
BSU25140	P54475
BSU25150	P54474
BSU25160	P54473
BSU25170	P54472
BSU25180	P54471
BSU25190	P24469
BSU25200	P06224
BSU25210	P05096
BSU25220	Q7WY63
BSU25230	P17868
BSU25240	P54470
BSU25250	O34994
BSU25260	P54381
BSU25270	P54380
BSU25280	P42095
BSU25289	C0H452
BSU25290	P42182
BSU25300	P19079
BSU25310	P19638
BSU25320	P46347
BSU25330	P46344
BSU25340	P46343
BSU25350	P54469
BSU25360	P54468
BSU25370	P54467
BSU25380	P54466
BSU25390	P54465
BSU25400	P54464
BSU25410	P21478
BSU25420	P54463
BSU25430	P54462
BSU25440	P54461
BSU25450	P54460
BSU25460	P17631
BSU25470	P17820
BSU25480	P15874
BSU25490	P25499
BSU25500	P54304
BSU25510	P37949
BSU25520	P38425
BSU25530	P37968
BSU25540	P22322
BSU25550	P21477
BSU25560	P54459
BSU25569	C0H453
BSU25570	P39695
BSU25580	P32393
BSU25590	P39694
BSU25600	P39696
BSU25610	P54458
BSU25620	P54457
BSU25630	P54456
BSU25640	P54455
BSU25650	P54454
BSU25660	P54374
BSU25670	P54453
BSU25680	P54452
BSU25690	Q7WY62
BSU25690	Q7WY62-2
BSU25700	P54451
BSU25710	P54450
BSU25720	P54449
BSU25730	P54448
BSU25740	P54447
BSU25750	P42983
BSU25760/BSU26390	P12254
BSU25770	P17867
BSU25780	P45947
BSU25790	P45946
BSU25800	P45945
BSU25810	P45949
BSU25820	P45944
BSU25830	P45943
BSU25840	O32025
BSU25850	O32026
BSU25860	P45942
BSU25870	P45941
BSU25880	P24809
BSU25890	P24812
BSU25900	P24808
BSU25910	P24811
BSU25920	P24810
BSU25930	P45940
BSU25940	P45939
BSU25950	P45938
BSU25960	P45937
BSU25970	P45936
BSU25980	P45935
BSU25990	P45934
BSU26000	P45933
BSU26010	P45950
BSU26020	P45932
BSU26030	P45931
BSU26040	P45930
BSU26050	P54373
BSU26060	P45929
BSU26075	P45927
BSU26089	C0H454
BSU26090	P45926
BSU26100	P45925
BSU26110	P45924
BSU26120	P45923
BSU26130	P45922
BSU26140	P45921
BSU26150	P45920
BSU26160	P45919
BSU26170	P45918
BSU26180	P45917
BSU26190	P45916
BSU26200	P45915
BSU26210	P45914
BSU26220	P45948
BSU26230	P45913
BSU26240	P45912
BSU26250	P45911
BSU26259	C0H455
BSU26260	P45910
BSU26270	P45909
BSU26280	P45908
BSU26290	P45907
BSU26300	P45906
BSU26310	P45905
BSU26320	P45904
BSU26330	P54372
BSU26340	P45903
BSU26350	P45902
BSU26360	P45901
BSU26370	P45900
BSU26380	P45899
BSU26400	P54446
BSU26410	P54445
BSU26420	P54444
BSU26430	P54443
BSU26440	P54442
BSU26450	P54441
BSU26470	P54439
BSU26480	P54438
BSU26490	P54437
BSU26500	P54436
BSU26510	P54435
BSU26530	P54433
BSU26540	P54432
BSU26550	P54431
BSU26560	P54430
BSU26570	P54429
BSU26580	P39842
BSU26590	P39843
BSU26600	P39909
BSU26610	P54428
BSU26619	C0H458
BSU26620	O07086
BSU26630	P71025
BSU26640	O07085
BSU26650	O07084
BSU26660	P94502
BSU26670	P94501
BSU26680	P94500
BSU26690	P94499
BSU26700	O07923
BSU26710	O07942
BSU26720	O07920
BSU26730	O07938
BSU26740	O08469
BSU26760	O07081
BSU26770	O07080
BSU26780	O07079
BSU26790	P17585
BSU26800	O05413
BSU26810	O05412
BSU26820	O05411
BSU26826	L8E9J8
BSU26830	O05410
BSU26840	O05409
BSU26850	O05408
BSU26860	O05407
BSU26870	O07906
BSU26880	O07931
BSU26890	O07921
BSU26900	O07917
BSU26910	O07937
BSU26920	O07934
BSU26930	O07909
BSU26940	O07918
BSU26950	O07919
BSU26960	O07949
BSU26970	O06012
BSU26980	O06011
BSU26990	O06010
BSU27000	O06008
BSU27009	C0H460
BSU27010	C0SPA5
BSU27020	O06006
BSU27030	P05656
BSU27040	P26382
BSU27050	P26381
BSU27060	P26380
BSU27070	P26379
BSU27080	P23914
BSU27090	O06005
BSU27100	O05406
BSU27110	O05405
BSU27120	O05404
BSU27130	O05403
BSU27140	O05402
BSU27150	O05401
BSU27160	O08336
BSU27170	O08335
BSU27180	O05400
BSU27190	O32027
BSU27200	O05399
BSU27210	O05398
BSU27220	Q795Y4
BSU27230	O05396
BSU27240	O05395
BSU27250	O05394
BSU27260	O05393
BSU27270	O32028
BSU27280	O32029
BSU27290	O32030
BSU27300	O32031
BSU27310	O32032
BSU27320	P80240
BSU27330	O32033
BSU27340	O32034
BSU27350	O32035
BSU27360	O32036
BSU27370	O34758
BSU27380	O34828
BSU27390	O34634
BSU27400	Q7WY61
BSU27410	O34526
BSU27420	O34472
BSU27430	O34677
BSU27440	O34563
BSU27450	O34671
BSU27460	O34606
BSU27468	C0H461
BSU27469	C0H462
BSU27470	O34402
BSU27480	O34481
BSU27490	O34452
BSU27500	O35020
BSU27510	O34599
BSU27520	O34527
BSU27530	O34528
BSU27540	O32037
BSU27550	O32038
BSU27560	O32039
BSU27570	O32040
BSU27580	O32041
BSU27590	O32042
BSU27600	O54408
BSU27610	O34443
BSU27620	O32044
BSU27630	O32045
BSU27640	O32046
BSU27650	O32047
BSU27660	O32049
BSU27670	Q00758
BSU27680	O32050
BSU27690	O32051
BSU27700	O32052
BSU27710	O32053
BSU27720	O32054
BSU27729	C0H463
BSU27730	O32055
BSU27740	O05392
BSU27750	O05391
BSU27760	O05390
BSU27770	O05389
BSU27785	O32057
BSU27786	L8EAY3
BSU27800	O32059
BSU27809	C0H464
BSU27810	O32060
BSU27820	P94447
BSU27830	P94446
BSU27840	O32062
BSU27850	Q9KWZ1
BSU27860	P39666
BSU27870	P38032
BSU27880	P38033
BSU27890	P39667
BSU27900	P21203
BSU27910	P21204
BSU27920	P20964
BSU27930	P06535
BSU27940	P05657
BSU27950	P26942
BSU27960	P26908
BSU27970	P26937
BSU27980	P26936
BSU27990	Q01464
BSU28000	Q01463
BSU28010	Q01467
BSU28020	Q01466
BSU28030	Q01465
BSU28040	Q02170
BSU28050	Q02169
BSU28060	P37575
BSU28070	P15378
BSU28080	Q05865
BSU28090	Q05873
BSU28099	C0H465
BSU28100	P37964
BSU28110	P37963
BSU28120	P30949
BSU28130	P30950
BSU28140	P21248
BSU28150	P16616
BSU28160	P16645
BSU28170	P16618
BSU28180	P40736
BSU28190	P38424
BSU28200	P37945
BSU28210	P42425
BSU28220	P50866
BSU28230	P80698
BSU28240	P94569
BSU28250	P94568
BSU28260	P80858
BSU28270	P05645
BSU28280	P94565
BSU28290	P37253
BSU28300	P37252
BSU28310	P37251
BSU28320	P94563
BSU28330	P94562
BSU28340	P94560
BSU28350	P94559
BSU28360	P94558
BSU28370	P28619
BSU28380	P39072
BSU28390	P94556
BSU28400	P97247
BSU28410	P11470
BSU28420	P11469
BSU28430	P08066
BSU28440	P08065
BSU28450	P08064
BSU28460	P42955
BSU28470	P08495
BSU28470	P08495-2
BSU28480	P08497
BSU28490	P14951
BSU28500	P14949
BSU28510	P94552
BSU28520	P94551
BSU28530	P94550
BSU28540	P94549
BSU28550	P94548
BSU28560	P94547
BSU28570	P94546
BSU28580	P94545
BSU28590	P94544
BSU28600	P94543
BSU28610	P94542
BSU28620	P94541
BSU28630	P17922
BSU28640	P17921
BSU28650	P94538
BSU28660	P94537
BSU28670	P94536
BSU28680	P94535
BSU28690	P94534
BSU28700	P94533
BSU28710	P94532
BSU28720	P94531
BSU28730	P94530
BSU28740	P94529
BSU28750	P94528
BSU28760	P94527
BSU28770	P94526
BSU28780	P94525
BSU28790	P94524
BSU28800	P94523
BSU28810	P94522
BSU28820	P94521
BSU28830	P94520
BSU28840	P94519
BSU28850	P55873
BSU28860	P55874
BSU28870	P55872
BSU28890	P94517
BSU28900	P94516
BSU28910	P94515
BSU28920	P94514
BSU28930	P94513
BSU28940	P94512
BSU28950	P18255
BSU28960	P06569
BSU28970	P06568
BSU28980	P06567
BSU28990	P07908
BSU29000	Q45549
BSU29010	O34426
BSU29020	O34425
BSU29030	O34533
BSU29040	O34367
BSU29050	O34678
BSU29060	O34932
BSU29070	C0SP79
BSU29080	O34403
BSU29090	O34996
BSU29100	P23545
BSU29110	P13792
BSU29120	P49814
BSU29130	P39126
BSU29140	P39120
BSU29150	O34811
BSU29160	O34991
BSU29170	O32064
BSU29180	P80885
BSU29190	O34529
BSU29200	O34847
BSU29210	C0SP93
BSU29220	O34962
BSU29230	O34623
BSU29239	C0H3P8
BSU29240	O34460
BSU29249	C0H3P9
BSU29250	O34600
BSU29260	O34922
BSU29270	O34921
BSU29280	O34430
BSU29290	O34980
BSU29300	P94465
BSU29310	O34974
BSU29320	O34639
BSU29330	O34846
BSU29340	O34900
BSU29350	O34931
BSU29360	O34315
BSU29370	O34852
BSU29380	O34406
BSU29390	O34350
BSU29400	O35038
BSU29410	Q795U4
BSU29420	O34308
BSU29430	O34503
BSU29440	O34858
BSU29450	O34347
BSU29460	O34457
BSU29470	P37877
BSU29480	P37876
BSU29490	P80864
BSU29500	O34806
BSU29510	O34917
BSU29520	O34424
BSU29530	O34525
BSU29540	O34934
BSU29550	O34355
BSU29560	C0SPB0
BSU29570	P04831
BSU29580	O34595
BSU29590	O34874
BSU29600	O34545
BSU29610	O34894
BSU29620	O34411
BSU29630	O34970
BSU29640	O34553
BSU29650	O34325
BSU29660	P21466
BSU29670	P22326
BSU29680	P39062
BSU29690	P39065
BSU29700	P39066
BSU29710	P39067
BSU29720	P39064
BSU29730	P39063
BSU29740	P25144
BSU29750	P39912
BSU29760	P39914
BSU29770	P40780
BSU29780	P40779
BSU29790	P40778
BSU29805	C0SP86
BSU29820	O34943
BSU29830	O34496
BSU29840	O34357
BSU29850	O34305
BSU29860	O34924
BSU29870	O32065
BSU29880	O34389
BSU29890	O34760
BSU29900	O34522
BSU29910	O32066
BSU29920	C0SPC1
BSU29930	C0SPA0
BSU29940	O34799
BSU29950	O34471
BSU29960	O34570
BSU29970	O34476
BSU29980	O34944
BSU29990	O34978
BSU30000	O35029
BSU30010	O34977
BSU30020	O32067
BSU30035	O32068
BSU30050	O34674
BSU30060	Q795R8
BSU30070	P54417
BSU30080	P94496
BSU30090	O34378
BSU30100	O34371
BSU30110	C0SP80
BSU30120	O34559
BSU30135	C0SPB3
BSU30150	O32071
BSU30160	Q795R2
BSU30170	P53561
BSU30180	P53560
BSU30190	P53554
BSU30200	P53557
BSU30210	P53558
BSU30220	P53556
BSU30230	P53555
BSU30240	P53559
BSU30250	O34973
BSU30260	O34829
BSU30270	O34335
BSU30280	O34706
BSU30290	O34518
BSU30300	O34645
BSU30310	O32072
BSU30320	P36430
BSU30330	O34881
BSU30340	O34627
BSU30350	O34546
BSU30360	Q795Q5
BSU30370	O34741
BSU30380	O34697
BSU30390	O35044
BSU30400	O34951
BSU30410	O35005
BSU30420	O34392
BSU30430	O34953
BSU30440	O34898
BSU30450	O34641
BSU30460	O34712
BSU30466	L8ECR1
BSU30470	O32073
BSU30480	O35008
BSU30490	O34614
BSU30500	O34707
BSU30510	O34705
BSU30520	O34696
BSU30530	O34618
BSU30540	P54420
BSU30550	P54419
BSU30560	P54418
BSU30570	O34365
BSU30580	O34493
BSU30595	C0SP84
BSU30610	O34314
BSU30620	O34649
BSU30630	O35013
BSU30640	O34883
BSU30650	P80879
BSU30659	C0H3Q1
BSU30660	P40768
BSU30670	O34667
BSU30680	O34601
BSU30690	O34872
BSU30700	O34967
BSU30710	C0SP90
BSU30720	O34505
BSU30739	C0H3Q2
BSU30740	O34500
BSU30750	O35024
BSU30760	O34338
BSU30770	O34385
BSU30780	O34514
BSU30790	P23971
BSU30800	P23966
BSU30810	P23974
BSU30820	P23970
BSU30830	P23973
BSU30840	P42408
BSU30850	P42407
BSU30860	O34862
BSU30870	O34886
BSU30880	O34413
BSU30890	P46916
BSU30900	P46914
BSU30910	P46915
BSU30920	O34656
BSU30930	O34694
BSU30940	P39123
BSU30950	P39125
BSU30960	P39124
BSU30970	P39122
BSU30980	P39118
BSU30990	O32074
BSU31000	O32075
BSU31010	O32076
BSU31020	O32077
BSU31030	O32078
BSU31040	O32079
BSU31050	P71017
BSU31050	P71017-2
BSU31060	P71016
BSU31070	P71015
BSU31080	P71014
BSU31090	O32080
BSU31100	O32081
BSU31110	O32082
BSU31120	O32083
BSU31130	O32084
BSU31140	O32085
BSU31150	P94507
BSU31160	O32086
BSU31170	O05265
BSU31180	O05264
BSU31190	O05263
BSU31200	O05262
BSU31210	O05261
BSU31220	P40747
BSU31230	P39217
BSU31240	P39214
BSU31250	P39216
BSU31260	P39215
BSU31270	P40746
BSU31279	C0H3Q3
BSU31280	O05243
BSU31290	O05242
BSU31300	O05241
BSU31310	O05248
BSU31319	C0H3Q4
BSU31321	Q5BU39
BSU31322	Q795M8
BSU31330	O05246
BSU31340	O05245
BSU31350	P80860
BSU31360	O05240
BSU31370	O05239
BSU31380	O32087
BSU31390	P80870
BSU31400	Q795M6
BSU31410	O05236
BSU31420	O05235
BSU31430	O05234
BSU31440	Q08432
BSU31450	Q08430
BSU31460	Q08429
BSU31470	O05231
BSU31480	P40760
BSU31490	P40750
BSU31500	P40761
BSU31510	O05249
BSU31520	O05250
BSU31530	O05251
BSU31540	O05252
BSU31550	O05253
BSU31560	O05254
BSU31570	O05255
BSU31580	O05256
BSU31590	O05257
BSU31600	Q9K2S2
BSU31610	O05259
BSU31620	O05260
BSU31630	O05229
BSU31640	Q7WY60
BSU31650	O05228
BSU31660	O05227
BSU31670	P14205
BSU31680	P14204
BSU31690	Q99027
BSU31700	P45453
BSU31710	P33690
BSU31720	Q99039
BSU31730	O32089
BSU31740	P14203
BSU31750	O32090
BSU31760	O32091
BSU31770	O32092
BSU31780	O32093
BSU31790	O32094
BSU31800	O32095
BSU31810	O32096
BSU31820	O32097
BSU31830	O32098
BSU31840	O32099
BSU31850	O32100
BSU31860	O32101
BSU31875	C0SPA7
BSU31890	P71070
BSU31900	P71071
BSU31910	C0SP85
BSU31920	P71073
BSU31930	Q08352
BSU31945	C0SPB1
BSU31959	C0H3Q6
BSU31960	P45745
BSU31970	P45743
BSU31980	P40871
BSU31990	P45744
BSU32000	P39071
BSU32010	O32102
BSU32020	O32103
BSU32030	O32104
BSU32040	O32105
BSU32050	O32106
BSU32060	O32107
BSU32070	O32108
BSU32080	O32109
BSU32090	O32110
BSU32100	O05267
BSU32110	O05268
BSU32120	O32111
BSU32130	O05269
BSU32140	P21341
BSU32150	P21340
BSU32160	O32113
BSU32170	O32114
BSU32180	O32115
BSU32190	O32116
BSU32200	O32117
BSU32210	O32118
BSU32220	O32119
BSU32230	P39839
BSU32240	P04948
BSU32250	P04990
BSU32260	P19582
BSU32270	O32123
BSU32280	O32124
BSU32290	O32125
BSU32300	O32126
BSU32310	O32127
BSU32320	O32128
BSU32330	O32129
BSU32340	O32130
BSU32350	O32131
BSU32360	O32132
BSU32370	O32133
BSU32380	O32134
BSU32390	O32135
BSU32400	O32136
BSU32410	O32137
BSU32420	O32138
BSU32430	O32139
BSU32440	O32140
BSU32450	O32141
BSU32460	O32142
BSU32469	C0H3Q7
BSU32470	O32143
BSU32480	O32144
BSU32490	O32145
BSU32500	O32146
BSU32510	O32147
BSU32520	O32148
BSU32530	O32149
BSU32540	O32150
BSU32550	O32151
BSU32560	O32152
BSU32570	O32153
BSU32580	O32154
BSU32590	O32155
BSU32600	O32156
BSU32610	O32157
BSU32620	O32158
BSU32630	O32159
BSU32640	Q7WY59
BSU32650	O32160
BSU32660	O32161
BSU32669	C0H3Q8
BSU32670	O32162
BSU32680	O32163
BSU32690	O32164
BSU32700	O32165
BSU32710	P80866
BSU32719	C0H3Q9
BSU32720	O32166
BSU32730	O32167
BSU32740	O32168
BSU32750	O32169
BSU32760	O32170
BSU32770	O32171
BSU32780	O32172
BSU32790	O32173
BSU32800	O32174
BSU32810	O32175
BSU32820	O32176
BSU32830	O32177
BSU32840	O32178
BSU32849	C0H3R0
BSU32850	O32179
BSU32859	C0H3R1
BSU32860	O32180
BSU32870	O32181
BSU32880	O32182
BSU32890	O32183
BSU32900	O32184
BSU32910	O32185
BSU32920	O32186
BSU32930	O32187
BSU32940	O32188
BSU32950	O32189
BSU32980	P37959
BSU32990	P37960
BSU33000	Q9R9I1
BSU33010	O32192
BSU33020	O32193
BSU33029	O32302
BSU33030	P40950
BSU33040	P07343
BSU33049	C0H3R3
BSU33050	P07868
BSU33060	P07869
BSU33070	P07870
BSU33080	O32197
BSU33090	O32198
BSU33100	O32199
BSU33110	O32200
BSU33120	O32201
BSU33130	O32202
BSU33140	O32203
BSU33150	O34899
BSU33160	O34631
BSU33170	O34451
BSU33180	O34805
BSU33190	O34782
BSU33200	O34940
BSU33210	O34989
BSU33221	P94504
BSU33222	C0H3R4
BSU33230	O34843
BSU33239	C0H3R5
BSU33240	O34714
BSU33250	O34686
BSU33260	P46324
BSU33270	O34979
BSU33280	O35007
BSU33290	P49938
BSU33300	P49937
BSU33310	P49936
BSU33320	P37580
BSU33330	O32204
BSU33340	Q7WY58
BSU33350	O32205
BSU33360	O32206
BSU33370	O32207
BSU33380	O32208
BSU33390	O32209
BSU33400	O32210
BSU33410	O32211
BSU33420	O32212
BSU33430	O32213
BSU33440	O32214
BSU33450	O32215
BSU33460	O32216
BSU33470	O32217
BSU33480	O32218
BSU33490	O32219
BSU33500	O32220
BSU33510	O32221
BSU33520	O32222
BSU33530	O32223
BSU33540	O32224
BSU33550	O32225
BSU33560	O32226
BSU33570	O32227
BSU33580	O32228
BSU33590	O32229
BSU33600	O32230
BSU33610	O32231
BSU33620	O32232
BSU33630	O32233
BSU33640	O32234
BSU33650	O32235
BSU33660	O32236
BSU33670	O32237
BSU33680	O32238
BSU33690	O32239
BSU33700	P39775
BSU33710	Q45462
BSU33720	Q45461
BSU33730	Q45460
BSU33740	C0SPB8
BSU33750	O34889
BSU33760	O34616
BSU33770	O34344
BSU33780	O32241
BSU33790	O32242
BSU33800	O34742
BSU33810	O32243
BSU33820	O34878
BSU33830	O34992
BSU33840	O34709
BSU33850	O32244
BSU33860	O32245
BSU33870	O32246
BSU33880	O32247
BSU33890	O32248
BSU33900	P37869
BSU33910	P39773
BSU33920	P27876
BSU33930	P40924
BSU33940	P09124
BSU33950	O32253
BSU33960	P96710
BSU33970	P96711
BSU33980	O32254
BSU33990	O32255
BSU34000	O32256
BSU34010	O32257
BSU34020	O32258
BSU34030	O32259
BSU34040	O07021
BSU34050	O07020
BSU34060	O07019
BSU34070	Q795K2
BSU34080	O07017
BSU34090	O07016
BSU34100	O07015
BSU34110	O07014
BSU34120	O07013
BSU34130	O07012
BSU34140	O07011
BSU34150	O32261
BSU34160	O07009
BSU34170	O07008
BSU34180	O07007
BSU34190	P71067
BSU34200	P24219
BSU34210	P71066
BSU34220	P71065
BSU34230	Q795J3
BSU34240	P71063
BSU34250	P71062
BSU34265	P71060
BSU34280	P71059
BSU34290	P71058
BSU34300	P71057
BSU34310	P71056
BSU34320	P71055
BSU34330	P71054
BSU34340	P71053
BSU34350	P71052
BSU34360	P71051
BSU34370	P71050
BSU34380	P71049
BSU34390	P37967
BSU34400	O07006
BSU34410	O07005
BSU34420	O07004
BSU34430	P32960
BSU34440	P32959
BSU34450	P05655
BSU34460	O07003
BSU34470	O07002
BSU34480	O07001
BSU34490	O32262
BSU34500	O06999
BSU34510	O06998
BSU34520	O06997
BSU34530	O06996
BSU34540	P80244
BSU34550	O06995
BSU34560	O06994
BSU34570	O06993
BSU34580	O06992
BSU34590	O06991
BSU34600	O06990
BSU34610	O06989
BSU34620	O06988
BSU34630	O06987
BSU34640	O06986
BSU34650	O32263
BSU34660	O06984
BSU34670	O06983
BSU34680	O32264
BSU34690	O06981
BSU34700	O06980
BSU34710	O06979
BSU34720	O06978
BSU34729	C0H3R7
BSU34730	O06977
BSU34740	O06976
BSU34750	O06975
BSU34760	O06974
BSU34770	O06973
BSU34780	O06972
BSU34790	P80880
BSU34800	P40767
BSU34810	O06968
BSU34820	O06967
BSU34830	O32265
BSU34840	O06966
BSU34850	O06965
BSU34860	O34912
BSU34870	O34727
BSU34880	O35006
BSU34890	O34565
BSU34900	O34683
BSU34910	O34651
BSU34920	O34520
BSU34930	O34459
BSU34940	O34735
BSU34950	O34310
BSU34960	O34993
BSU34970	Q9JMQ2
BSU34980	O34382
BSU34990	O34752
BSU35000	O34483
BSU35010	O34450
BSU35020	O35000
BSU35030	O34817
BSU35040	O34986
BSU35050	O34692
BSU35060	O34926
BSU35070	O34351
BSU35080	P40762
BSU35090	O34307
BSU35100	O34648
BSU35110	O34719
BSU35120	O34628
BSU35130	O34322
BSU35140	O34604
BSU35150	O34366
BSU35160	O34863
BSU35170	P37954
BSU35180	P37953
BSU35190	O34796
BSU35200	O34643
BSU35210	O34502
BSU35220	O34375
BSU35230	O32266
BSU35240	O35002
BSU35250	O34876
BSU35260	O34814
BSU35270	O34594
BSU35280	O34792
BSU35290	P28367
BSU35300	P28366
BSU35310	P28368
BSU35319	C0H3R9
BSU35320	P39740
BSU35330	P39739
BSU35340	P39738
BSU35350	P39737
BSU35360	P02968
BSU35370	P33911
BSU35380	P96503
BSU35390	P96502
BSU35400	P96501
BSU35410	P39810
BSU35420	P39808
BSU35430	P39809
BSU35440	P39807
BSU35450	P39147
BSU35460	P39146
BSU35470	P39145
BSU35480	P32436
BSU35490	P13800
BSU35500	P13799
BSU35510	P32437
BSU35520	P96499
BSU35530	O34753
BSU35540	O32267
BSU35550	O32268
BSU35560	O32269
BSU35570	O32270
BSU35580	O32271
BSU35590	O32272
BSU35600	O32273
BSU35610	O32274
BSU35620	Q02114
BSU35630	Q02113
BSU35640	Q02112
BSU35650	Q02115
BSU35660	P39131
BSU35670	Q05852
BSU35680	P46918
BSU35690	P46917
BSU35700	P42954
BSU35710	P42953
BSU35720	P13485
BSU35730	P13484
BSU35740	P27623
BSU35750	P27620
BSU35760	P27621
BSU35770	P27622
BSU35780	P39848
BSU35790	P39841
BSU35800	P39569
BSU35810	P39570
BSU35820	P39571
BSU35830	C0SPB2
BSU35840	Q7WY78
BSU35850	P96741
BSU35860	P96740
BSU35870	P96739
BSU35880	P96738
BSU35890	P96737
BSU35900	P96736
BSU35900	P96736-2
BSU35910	P36944
BSU35920	P36945
BSU35930	P36946
BSU35940	P36947
BSU35950	P36948
BSU35960	P36949
BSU35970	P96729
BSU35980	P96728
BSU35990	P80871
BSU36000	Q04777
BSU36010	Q04789
BSU36020	Q04778
BSU36030	O05224
BSU36040	O05223
BSU36050	P07789
BSU36060	Q45535
BSU36070	P39801
BSU36080	O05220
BSU36090	O05219
BSU36100	O05218
BSU36110	O05217
BSU36120	O05216
BSU36130	O05215
BSU36140	P96727
BSU36150	P96726
BSU36160	P96725
BSU36170	P96724
BSU36180	P96723
BSU36190	P96722
BSU36200	P96721
BSU36210	P96720
BSU36220	P96719
BSU36230	P96718
BSU36240	P96717
BSU36250	P96716
BSU36260	P96715
BSU36269	C0H3S3
BSU36270	P96714
BSU36280	P94593
BSU36290	P94592
BSU36300	P94591
BSU36310	C0SPB6
BSU36320	P94589
BSU36330	P94588
BSU36340	P94587
BSU36350	P94586
BSU36360	P94585
BSU36370	P94584
BSU36380	P94583
BSU36390	P39753
BSU36400	P39752
BSU36410	P39751
BSU36420	P15281
BSU36430	O32276
BSU36440	P94578
BSU36450	P94577
BSU36460	P94576
BSU36470	P94575
BSU36480	P94574
BSU36490	P94573
BSU36500	P94572
BSU36510	Q07429
BSU36520	Q07428
BSU36530	P94571
BSU36540	P71045
BSU36550	P71044
BSU36560	P71043
BSU36570	P71042
BSU36580	P71041
BSU36590	P71040
BSU36600	P71039
BSU36610	P71038
BSU36620	P71037
BSU36630	P71036
BSU36640	P77837
BSU36650	P71035
BSU36660	P75030
BSU36670	P70964
BSU36680	P70963
BSU36690	P70962
BSU36700	P39757
BSU36710	P39756
BSU36720	P70966
BSU36730	P70961
BSU36740	P70960
BSU36750	P07372
BSU36760	P70965
BSU36770	O32277
BSU36780	O32278
BSU36790	P70958
BSU36800	P37812
BSU36810	P37809
BSU36820	P37810
BSU36830	P37808
BSU36840	P37811
BSU36850	P37814
BSU36860	P37815
BSU36870	P37813
BSU36880	P37816
BSU36890	P39149
BSU36900	P39148
BSU36910	P39157
BSU36920	P39156
BSU36930	P39155
BSU36940	P39154
BSU36950	P39153
BSU36960	P39152
BSU36970	P39151
BSU36980	P39150
BSU36990	P45874
BSU37000	P45873
BSU37010	P45872
BSU37020	P45871
BSU37030	P45870
BSU37040	P45869
BSU37050	P45868
BSU37060	Q03221
BSU37070	Q03223
BSU37080	Q03222
BSU37089	L8EA05
BSU37090	Q03224
BSU37100	P19670
BSU37110	P19669
BSU37120	P13243
BSU37130	P06628
BSU37140	P06629
BSU37150	P13242
BSU37160	P12464
BSU37170	P45867
BSU37180	P45866
BSU37190	P45865
BSU37200	P45864
BSU37210	P45863
BSU37220	P45862
BSU37230	P45861
BSU37240	P45860
BSU37250	P42177
BSU37260	P42178
BSU37270	P42176
BSU37280	P42175
BSU37290	P46910
BSU37300	P46909
BSU37310	P46908
BSU37320	P46907
BSU37330	P46906
BSU37340	O07624
BSU37350	O07623
BSU37360	Q7WY57
BSU37370	P71011
BSU37380	P71010
BSU37390	P71009
BSU37400	P71008
BSU37410	P71007
BSU37420	P71006
BSU37430	P71005
BSU37440	P71004
BSU37450	P71003
BSU37460	P71002
BSU37470	P71001
BSU37480	P71000
BSU37490	P70999
BSU37500	P70998
BSU37510	P70997
BSU37520	P70996
BSU37530	P70995
BSU37540	P70994
BSU37550	P70993
BSU37560	P18256
BSU37570	Q00538
BSU37580	P71047
BSU37590	P71046
BSU37600	P39651
BSU37610	O32280
BSU37620	P39650
BSU37630	P39649
BSU37640	P39648
BSU37650	P39647
BSU37660	P39646
BSU37670	P39645
BSU37680	P39644
BSU37690	P39643
BSU37700	P39642
BSU37710	P39641
BSU37720	P39640
BSU37730	P39639
BSU37740	P39638
BSU37750	P39637
BSU37760	P39636
BSU37770	P39635
BSU37780	P39634
BSU37790	P39633
BSU37800	P39632
BSU37810	Q7WY56
BSU37820	P39631
BSU37830	P39630
BSU37840	P39629
BSU37850	P39627
BSU37860	P39626
BSU37870	P39625
BSU37880	P39624
BSU37890	P39623
BSU37900	P39622
BSU37910	P39621
BSU37920	P39620
BSU37930	P39619
BSU37940	P39618
BSU37950	P39617
BSU37960	P39616
BSU37970	P39615
BSU37980	P39614
BSU37990	P39613
BSU38000	P39612
BSU38018	C0H3S6
BSU38020	P39610
BSU38030	P39609
BSU38040	P07819
BSU38050	P05306
BSU38060	P39608
BSU38070	P26212
BSU38080	P39607
BSU38090	P29141
BSU38100	P39606
BSU38110	P39605
BSU38120	P39604
BSU38130	P39603
BSU38140	P34959
BSU38150	P34958
BSU38160	P34956
BSU38170	P34957
BSU38180	O32282
BSU38190	P39575
BSU38200	P39574
BSU38210	P39602
BSU38220	P39601
BSU38229	P0C8M5
BSU38230	P39600
BSU38240	P39599
BSU38250	P39598
BSU38260	P39597
BSU38270	P39596
BSU38280	P39595
BSU38290	P39594
BSU38300	P39593
BSU38310	P39592
BSU38320	P39591
BSU38330	P39590
BSU38340	P39589
BSU38350	P39588
BSU38360	P39587
BSU38370	P39586
BSU38380	P39585
BSU38390	P39584
BSU38400	P16396
BSU38410	P15400
BSU38420	P15401
BSU38430	P25148
BSU38440	P25149
BSU38450	P25150
BSU38460	P25151
BSU38470	P25152
BSU38480	P39583
BSU38490	P39582
BSU38499	C0H3T3
BSU38500	P39581
BSU38510	P39580
BSU38520	P39579
BSU38530	P39578
BSU38540	P39577
BSU38550	P39576
BSU38560	P46320
BSU38570	P46319
BSU38580	P46317
BSU38590	P46318
BSU38600	P46321
BSU38610	O32283
BSU38620	P94378
BSU38630	P94377
BSU38640	P94376
BSU38650	P94375
BSU38660	P94374
BSU38670	P94373
BSU38680	P94372
BSU38690	P94371
BSU38700	P94370
BSU38710	P94369
BSU38720	P94368
BSU38730	P94367
BSU38740	P94366
BSU38750	P94365
BSU38760	P94364
BSU38770	P94363
BSU38780	P94362
BSU38790	O32284
BSU38800	P94361
BSU38810	P94360
BSU38820	P94359
BSU38830	P94358
BSU38840	P94357
BSU38850	P94356
BSU38860	P55180
BSU38870	P55185
BSU38880	P55181
BSU38890	P55182
BSU38900	P55183
BSU38910	P55184
BSU38920	P55179
BSU38930	P94353
BSU38940	P94352
BSU38950	P42319
BSU38960	P42318
BSU38970	P42317
BSU38980	P42316
BSU38990	P42315
BSU39000	P42314
BSU39010	P42313
BSU39020	P42312
BSU39030	P42311
BSU39040	P42310
BSU39050	P42234
BSU39060	P42308
BSU39070	P04957
BSU39080	P39805
BSU39090	P42307
BSU39100	P42306
BSU39110	P42305
BSU39120	P42304
BSU39139	C0H3T5
BSU39140	P42302
BSU39150	P42320
BSU39160	P42301
BSU39170	O32285
BSU39180	P42300
BSU39190	P42299
BSU39200	O32286
BSU39210	P42298
BSU39220	Q07836
BSU39230	Q07833
BSU39240	Q07835
BSU39250	P42297
BSU39260	P40740
BSU39270	P40739
BSU39280	P40738
BSU39290	P40737
BSU39300	P42296
BSU39310	P42295
BSU39320	P42294
BSU39330	P42293
BSU39339	C0H3T6
BSU39340	P10943
BSU39350	P10944
BSU39360	P25503
BSU39370	P42084
BSU39380	P42068
BSU39390	P42087
BSU39400	P39142
BSU39410	P39141
BSU39420	P39121
BSU39430	P39140
BSU39440	P39139
BSU39450	P54957
BSU39460	P54956
BSU39470	P54955
BSU39480	P54954
BSU39490	P54953
BSU39500	P54952
BSU39510	P54951
BSU39520	P54950
BSU39530	P54949
BSU39540	P54948
BSU39550	P54947
BSU39560	P54946
BSU39570	P54945
BSU39580	P54944
BSU39590	P54943
BSU39600	P54942
BSU39610	P54941
BSU39620	P54940
BSU39630	P42424
BSU39640	P42423
BSU39650	P42422
BSU39660	P42421
BSU39670	P42420
BSU39680	P42419
BSU39690	P42418
BSU39700	P26935
BSU39710	P42417
BSU39720	P42416
BSU39730	P42415
BSU39740	P42414
BSU39750	P42413
BSU39760	P42412
BSU39770	P46337
BSU39780	P46336
BSU39790	P46335
BSU39800	P46334
BSU39810	P46333
BSU39820	P46208
BSU39830	P46332
BSU39840	P46331
BSU39850	P46330
BSU39860	P46329
BSU39870	P46328
BSU39880	P46327
BSU39890	P46326
BSU39900	P46325
BSU39910	O34704
BSU39920	P42113
BSU39930	P42112
BSU39940	P42111
BSU39950	P42109
BSU39960	P42108
BSU39970	P42107
BSU39980	P42106
BSU39990	P42105
BSU40000	O32291
BSU40010	P42103
BSU40021	C0H3T7
BSU40022	P42102
BSU40030	P42101
BSU40040	P42100
BSU40050	P10585
BSU40060	P12011
BSU40070	P12012
BSU40080	P12013
BSU40090	P80239
BSU40100	P42974
BSU40110	P42973
BSU40120	O32292
BSU40130	Q45591
BSU40139	C0H3T8
BSU40140	Q45592
BSU40150	Q45593
BSU40160	Q45594
BSU40170	Q45595
BSU40180	Q45596
BSU40190	Q45597
BSU40200	Q45598
BSU40210	Q45599
BSU40220	Q45600
BSU40230	Q45601
BSU40239	C0H3T9
BSU40240	Q45603
BSU40250	Q45604
BSU40259	C0H3U0
BSU40260	Q45605
BSU40270	Q45606
BSU40280	Q45607
BSU40290	O32293
BSU40300	O32294
BSU40310	O32295
BSU40320	P39138
BSU40330	P39137
BSU40340	P38021
BSU40350	P38022
BSU40360	P39668
BSU40370	C0SP91
BSU40380	Q45612
BSU40390	Q794W0
BSU40400	Q45614
BSU40410	P37478
BSU40420	P29726
BSU40430	P37479
BSU40440	P37469
BSU40450	P37480
BSU40460	O32296
BSU40470	P37481
BSU40480	P37482
BSU40490	P37483
BSU40500	P37437
BSU40510	P37484
BSU40520	P37485
BSU40529	C0H3U2
BSU40530	P23261
BSU40540	P37486
BSU40550	P37487
BSU40560	P37488
BSU40570	P37489
BSU40580	P37490
BSU40590	P37491
BSU40600	P37492
BSU40610	P37493
BSU40620	P37494
BSU40630	P37495
BSU40640	P37496
BSU40650	P37497
BSU40660	P37498
BSU40670	P37499
BSU40680	P37500
BSU40690	P37501
BSU40700	P37502
BSU40710	P37503
BSU40720	P37504
BSU40730	P37505
BSU40740	P37506
BSU40750	P37507
BSU40760	P37508
BSU40770	P23054
BSU40780	P23053
BSU40790	P37509
BSU40800	P37510
BSU40810	P37511
BSU40820	P37512
BSU40830	P37513
BSU40840	P37514
BSU40850	P37515
BSU40860	P37516
BSU40870	P37517
BSU40880	P37454
BSU40890	P21475
BSU40900	P37455
BSU40910	P21468
BSU40920	P37518
BSU40930	P37519
BSU40939	C0H3V8
BSU40940	P37520
BSU40950	P37521
BSU40960	P26497
BSU40970	P37522
BSU40980	P37523
BSU40990	P37524
BSU41000	P25813
BSU41010	P25812
BSU41020	P25811
BSU41030	Q01620
BSU41040	Q01625
BSU41050	P25814
BSU41060	P05647
