gene,length
BSU00010,446
BSU00020,378
BSU00030,71
BSU00040,370
BSU00050,81
BSU00060,638
BSU00070,821
BSU00080,315
BSU00090,488
BSU00100,443
BSU00110,294
BSU00120,196
BSU00130,425
BSU00140,217
BSU00150,207
BSU00160,427
BSU00170,181
BSU00180,161
BSU00190,563
BSU00200,107
BSU00210,198
BSU00220,74
BSU00230,87
BSU00240,64
BSU00250,204
BSU00260,386
BSU00270,480
BSU00280,212
BSU00290,109
BSU00300,146
BSU00310,329
BSU00320,275
BSU00330,119
BSU00340,247
BSU00350,99
BSU00360,292
BSU00370,96
BSU00380,664
BSU00390,255
BSU00400,437
BSU00410,186
BSU00420,292
BSU00430,290
BSU00440,86
BSU00450,61
BSU00460,289
BSU00470,285
BSU00480,125
BSU00490,97
BSU00500,456
BSU00510,317
BSU00520,204
BSU00530,188
BSU00540,76
BSU00550,1177
BSU00560,178
BSU00570,532
BSU00580,489
BSU00590,86
BSU00600,100
BSU00610,211
BSU00620,125
BSU00630,128
BSU00640,827
BSU00650,245
BSU00660,338
BSU00670,472
BSU00680,180
BSU00690,637
BSU00700,258
BSU00710,291
BSU00720,297
BSU00730,308
BSU00740,470
BSU00750,194
BSU00760,293
BSU00770,285
BSU00780,120
BSU00790,167
BSU00800,69
BSU00810,333
BSU00820,499
BSU00830,154
BSU00840,185
BSU00850,363
BSU00860,810
BSU00870,458
BSU00880,360
BSU00890,366
BSU00900,232
BSU00910,158
BSU00920,483
BSU00930,217
BSU00940,466
BSU00950,143
BSU00960,249
BSU00970,170
BSU00980,218
BSU00990,49
BSU01000,59
BSU01010,177
BSU01020,141
BSU01030,232
BSU01040,166
BSU01050,123
BSU01060,201
BSU01070,1193
BSU01080,1199
BSU01090,82
BSU01100,138
BSU01110,156
BSU01120,692
BSU01130,396
BSU01140,318
BSU01150,102
BSU01160,209
BSU01170,207
BSU01180,95
BSU01190,277
BSU01200,92
BSU01210,113
BSU01220,218
BSU01230,144
BSU01240,66
BSU01250,87
BSU01260,122
BSU01270,103
BSU01280,179
BSU01290,61
BSU01300,132
BSU01310,179
BSU01320,120
BSU01330,166
BSU01340,59
BSU01350,146
BSU01360,431
BSU01370,217
BSU01380,248
BSU01389,74
BSU01390,72
BSU01400,37
BSU01410,121
BSU01420,131
BSU01430,314
BSU01440,120
BSU01450,281
BSU01460,276
BSU01470,265
BSU01480,247
BSU01490,145
BSU01500,130
BSU01510,255
BSU01520,147
BSU01530,237
BSU01540,352
BSU01550,185
BSU01560,198
BSU01570,254
BSU01580,478
BSU01590,306
BSU01600,250
BSU01610,336
BSU01620,334
BSU01630,317
BSU01640,529
BSU01650,414
BSU01660,642
BSU01670,441
BSU01680,455
BSU01690,283
BSU01700,304
BSU01710,160
BSU01720,151
BSU01730,187
BSU01740,208
BSU01750,273
BSU01760,483
BSU01770,448
BSU01780,600
BSU01800,303
BSU01810,211
BSU01820,179
BSU01830,505
BSU01845,871
BSU01860,175
BSU01870,96
BSU01880,124
BSU01889,100
BSU01890,390
BSU01900,104
BSU01910,55
BSU01920,410
BSU01935,496
BSU01950,239
BSU01960,447
BSU01970,171
BSU01980,141
BSU01990,325
BSU02000,223
BSU02010,320
BSU02019,87
BSU02030,256
BSU02040,285
BSU02050,394
BSU02060,462
BSU02070,82
BSU02080,63
BSU02090,267
BSU02100,417
BSU02110,86
BSU02120,539
BSU02130,293
BSU02140,444
BSU02150,82
BSU02160,305
BSU02170,416
BSU02180,94
BSU02190,303
BSU02200,732
BSU02210,306
BSU02220,275
BSU02230,384
BSU02240,313
BSU02250,132
BSU02260,296
BSU02270,177
BSU02280,162
BSU02290,263
BSU02300,92
BSU02310,446
BSU02320,295
BSU02330,322
BSU02340,414
BSU02350,631
BSU02360,249
BSU02370,235
BSU02380,91
BSU02390,356
BSU02400,470
BSU02410,315
BSU02420,478
BSU02430,327
BSU02440,410
BSU02450,314
BSU02460,308
BSU02470,488
BSU02480,455
BSU02490,455
BSU02500,233
BSU02510,510
BSU02520,306
BSU02530,53
BSU02540,312
BSU02550,226
BSU02560,311
BSU02570,307
BSU02580,228
BSU02590,128
BSU02600,142
BSU02610,243
BSU02619,58
BSU02620,583
BSU02630,70
BSU02640,242
BSU02650,215
BSU02660,370
BSU02670,479
BSU02680,188
BSU02690,375
BSU02700,212
BSU02710,127
BSU02720,358
BSU02730,318
BSU02740,233
BSU02750,246
BSU02760,386
BSU02770,310
BSU02780,354
BSU02790,472
BSU02800,453
BSU02810,167
BSU02820,373
BSU02830,258
BSU02840,561
BSU02850,319
BSU02860,231
BSU02870,280
BSU02880,331
BSU02890,199
BSU02900,193
BSU02910,192
BSU02920,257
BSU02930,537
BSU02940,363
BSU02950,400
BSU02960,390
BSU02970,100
BSU02980,418
BSU02990,282
BSU03000,293
BSU03010,383
BSU03020,477
BSU03030,193
BSU03040,659
BSU03050,321
BSU03060,541
BSU03070,512
BSU03080,154
BSU03090,209
BSU03100,253
BSU03110,446
BSU03120,198
BSU03130,272
BSU03140,197
BSU03150,186
BSU03160,253
BSU03170,324
BSU03180,318
BSU03190,260
BSU03200,303
BSU03210,515
BSU03220,473
BSU03230,411
BSU03240,285
BSU03250,294
BSU03260,284
BSU03270,336
BSU03280,483
BSU03290,106
BSU03300,805
BSU03310,710
BSU03320,771
BSU03330,401
BSU03340,304
BSU03350,194
BSU03359,61
BSU03360,397
BSU03370,226
BSU03380,287
BSU03390,151
BSU03400,110
BSU03410,477
BSU03420,132
BSU03430,147
BSU03440,573
BSU03450,185
BSU03460,210
BSU03470,120
BSU03480,3587
BSU03490,3583
BSU03500,46
BSU03510,1275
BSU03520,242
BSU03530,408
BSU03540,185
BSU03550,312
BSU03560,444
BSU03580,215
BSU03590,247
BSU03600,234
BSU03610,268
BSU03620,290
BSU03630,204
BSU03640,473
BSU03651,75
BSU03652,154
BSU03660,281
BSU03670,492
BSU03680,584
BSU03690,73
BSU03700,544
BSU03710,407
BSU03720,373
BSU03730,226
BSU03740,486
BSU03750,227
BSU03760,473
BSU03770,382
BSU03780,40
BSU03789,37
BSU03790,454
BSU03800,316
BSU03810,315
BSU03820,252
BSU03830,317
BSU03840,472
BSU03850,292
BSU03860,249
BSU03870,95
BSU03880,104
BSU03890,479
BSU03900,436
BSU03910,462
BSU03920,287
BSU03930,261
BSU03940,204
BSU03950,541
BSU03960,190
BSU03970,117
BSU03981,478
BSU03982,143
BSU03990,373
BSU04000,354
BSU04010,187
BSU04020,202
BSU04030,130
BSU04039,54
BSU04040,249
BSU04050,257
BSU04060,404
BSU04070,257
BSU04080,240
BSU04090,335
BSU04100,250
BSU04110,213
BSU04120,81
BSU04130,95
BSU04140,668
BSU04150,300
BSU04160,694
BSU04170,503
BSU04180,181
BSU04190,286
BSU04200,167
BSU04210,183
BSU04220,140
BSU04230,269
BSU04240,96
BSU04250,144
BSU04260,727
BSU04270,362
BSU04280,283
BSU04290,569
BSU04300,420
BSU04310,703
BSU04320,607
BSU04330,149
BSU04340,574
BSU04359,88
BSU04360,425
BSU04370,85
BSU04380,150
BSU04390,272
BSU04400,123
BSU04410,113
BSU04420,119
BSU04430,273
BSU04440,350
BSU04450,535
BSU04460,226
BSU04470,421
BSU04480,350
BSU04490,308
BSU04500,246
BSU04510,111
BSU04520,381
BSU04530,59
BSU04540,290
BSU04550,106
BSU04560,354
BSU04570,457
BSU04580,511
BSU04590,159
BSU04600,493
BSU04610,199
BSU04620,121
BSU04630,338
BSU04640,389
BSU04650,93
BSU04660,116
BSU04670,274
BSU04680,121
BSU04690,133
BSU04700,335
BSU04710,109
BSU04720,160
BSU04730,262
BSU04740,199
BSU04750,97
BSU04760,146
BSU04770,147
BSU04780,719
BSU04790,150
BSU04800,368
BSU04810,169
BSU04820,127
BSU04830,64
BSU04839,86
BSU04840,86
BSU04850,126
BSU04860,480
BSU04870,352
BSU04880,89
BSU04890,88
BSU04900,102
BSU04910,354
BSU04920,82
BSU04930,174
BSU04940,797
BSU04950,108
BSU04960,815
BSU04970,329
BSU04980,168
BSU04990,126
BSU05000,266
BSU05010,391
BSU05020,39
BSU05030,313
BSU05040,339
BSU05050,136
BSU05060,149
BSU05070,180
BSU05080,254
BSU05090,436
BSU05099,58
BSU05100,228
BSU05109,61
BSU05110,197
BSU05120,66
BSU05130,153
BSU05140,78
BSU05150,291
BSU05160,319
BSU05170,290
BSU05180,465
BSU05190,430
BSU05200,148
BSU05210,197
BSU05220,219
BSU05230,287
BSU05240,463
BSU05250,141
BSU05260,190
BSU05270,109
BSU05280,290
BSU05290,128
BSU05300,197
BSU05310,395
BSU05320,198
BSU05329,61
BSU05330,111
BSU05340,435
BSU05350,261
BSU05360,306
BSU05370,482
BSU05380,207
BSU05390,226
BSU05400,147
BSU05408,59
BSU05409,47
BSU05410,407
BSU05420,213
BSU05430,724
BSU05440,300
BSU05450,229
BSU05460,270
BSU05470,297
BSU05480,206
BSU05490,312
BSU05500,129
BSU05510,112
BSU05520,78
BSU05529,76
BSU05530,225
BSU05540,235
BSU05550,143
BSU05560,80
BSU05570,90
BSU05580,195
BSU05590,114
BSU05600,157
BSU05610,547
BSU05620,458
BSU05630,172
BSU05640,152
BSU05650,885
BSU05660,209
BSU05670,164
BSU05680,402
BSU05690,245
BSU05700,224
BSU05710,420
BSU05720,395
BSU05730,236
BSU05740,462
BSU05750,123
BSU05760,165
BSU05770,160
BSU05780,325
BSU05790,205
BSU05800,388
BSU05810,103
BSU05820,110
BSU05830,442
BSU05840,465
BSU05850,237
BSU05860,299
BSU05870,315
BSU05880,362
BSU05900,325
BSU05910,158
BSU05920,229
BSU05930,151
BSU05940,346
BSU05950,642
BSU05960,170
BSU05970,215
BSU05980,57
BSU05990,254
BSU06000,63
BSU06010,244
BSU06020,94
BSU06030,544
BSU06040,126
BSU06048,90
BSU06060,427
BSU06070,389
BSU06090,313
BSU06100,343
BSU06110,465
BSU06120,111
BSU06130,116
BSU06140,829
BSU06150,353
BSU06160,463
BSU06170,320
BSU06180,227
BSU06190,341
BSU06200,254
BSU06210,323
BSU06220,341
BSU06230,473
BSU06240,346
BSU06250,123
BSU06260,348
BSU06269,52
BSU06270,69
BSU06280,271
BSU06290,329
BSU06300,513
BSU06310,469
BSU06319,95
BSU06320,290
BSU06330,320
BSU06340,398
BSU06350,737
BSU06360,513
BSU06370,440
BSU06380,267
BSU06390,55
BSU06400,184
BSU06410,65
BSU06420,162
BSU06430,380
BSU06440,431
BSU06450,241
BSU06460,84
BSU06470,227
BSU06480,742
BSU06490,476
BSU06500,346
BSU06510,195
BSU06520,512
BSU06530,422
BSU06540,139
BSU06550,424
BSU06559,75
BSU06560,580
BSU06570,331
BSU06580,104
BSU06590,525
BSU06600,228
BSU06610,739
BSU06620,668
BSU06630,396
BSU06640,336
BSU06650,232
BSU06660,492
BSU06670,96
BSU06680,485
BSU06690,476
BSU06700,289
BSU06710,1065
BSU06720,303
BSU06730,459
BSU06740,300
BSU06750,111
BSU06760,879
BSU06770,599
BSU06780,382
BSU06790,101
BSU06800,68
BSU06811,151
BSU06812,669
BSU06820,340
BSU06830,376
BSU06839,57
BSU06840,239
BSU06850,145
BSU06860,194
BSU06870,147
BSU06880,286
BSU06890,82
BSU06900,87
BSU06910,189
BSU06920,180
BSU06930,100
BSU06940,209
BSU06950,577
BSU06960,368
BSU06970,427
BSU06980,309
BSU06990,296
BSU07000,344
BSU07010,761
BSU07020,232
BSU07030,220
BSU07040,208
BSU07050,620
BSU07060,612
BSU07070,217
BSU07080,663
BSU07090,857
BSU07100,502
BSU07110,318
BSU07120,295
BSU07130,446
BSU07140,231
BSU07150,125
BSU07160,120
BSU07190,55
BSU07200,214
BSU07210,330
BSU07220,167
BSU07230,369
BSU07240,356
BSU07250,1061
BSU07260,639
BSU07270,254
BSU07280,301
BSU07290,303
BSU07300,392
BSU07310,311
BSU07320,409
BSU07330,235
BSU07340,461
BSU07350,485
BSU07360,286
BSU07370,629
BSU07380,148
BSU07390,140
BSU07400,396
BSU07410,51
BSU07420,518
BSU07430,376
BSU07440,148
BSU07450,339
BSU07460,406
BSU07480,487
BSU07490,266
BSU07500,333
BSU07510,333
BSU07520,315
BSU07530,122
BSU07540,55
BSU07550,115
BSU07560,420
BSU07570,478
BSU07580,542
BSU07590,226
BSU07600,319
BSU07610,433
BSU07620,264
BSU07630,363
BSU07640,91
BSU07650,221
BSU07660,45
BSU07670,51
BSU07680,104
BSU07690,249
BSU07700,452
BSU07710,649
BSU07720,45
BSU07735,130
BSU07750,471
BSU07760,358
BSU07770,66
BSU07780,384
BSU07790,513
BSU07800,470
BSU07810,561
BSU07820,238
BSU07830,221
BSU07840,1462
BSU07850,172
BSU07860,396
BSU07870,71
BSU07880,156
BSU07890,106
BSU07900,275
BSU07910,391
BSU07920,351
BSU07930,264
BSU07940,280
BSU07955,373
BSU07970,61
BSU07980,263
BSU07990,286
BSU08000,319
BSU08010,287
BSU08020,466
BSU08029,88
BSU08030,325
BSU08040,150
BSU08050,229
BSU08060,333
BSU08070,342
BSU08080,398
BSU08090,458
BSU08100,605
BSU08110,59
BSU08120,109
BSU08130,152
BSU08140,185
BSU08150,255
BSU08160,407
BSU08170,104
BSU08180,449
BSU08190,254
BSU08200,527
BSU08210,573
BSU08220,604
BSU08230,134
BSU08240,285
BSU08250,314
BSU08260,482
BSU08270,313
BSU08280,393
BSU08290,400
BSU08300,220
BSU08310,311
BSU08320,396
BSU08330,385
BSU08340,182
BSU08350,210
BSU08360,362
BSU08370,205
BSU08380,417
BSU08390,178
BSU08400,518
BSU08410,160
BSU08425,856
BSU08440,325
BSU08450,333
BSU08460,343
BSU08470,293
BSU08480,194
BSU08490,63
BSU08500,36
BSU08510,303
BSU08520,264
BSU08530,104
BSU08540,397
BSU08550,50
BSU08560,89
BSU08570,172
BSU08580,110
BSU08590,286
BSU08600,329
BSU08610,861
BSU08620,327
BSU08630,369
BSU08640,74
BSU08650,250
BSU08660,84
BSU08670,114
BSU08680,176
BSU08690,589
BSU08700,353
BSU08710,429
BSU08720,157
BSU08730,145
BSU08740,117
BSU08750,294
BSU08760,258
BSU08770,67
BSU08779,90
BSU08780,230
BSU08790,590
BSU08800,451
BSU08810,72
BSU08820,483
BSU08830,255
BSU08840,332
BSU08850,276
BSU08860,376
BSU08870,178
BSU08880,89
BSU08890,157
BSU08899,66
BSU08900,207
BSU08910,386
BSU08920,311
BSU08930,160
BSU08940,238
BSU08950,237
BSU08960,235
BSU08970,631
BSU08980,392
BSU08990,154
BSU09000,221
BSU09010,532
BSU09020,176
BSU09030,124
BSU09040,51
BSU09050,253
BSU09060,121
BSU09070,232
BSU09080,305
BSU09090,313
BSU09100,67
BSU09110,276
BSU09120,359
BSU09130,463
BSU09140,151
BSU09150,189
BSU09165,322
BSU09180,217
BSU09190,1217
BSU09200,198
BSU09210,302
BSU09220,131
BSU09230,140
BSU09240,220
BSU09250,513
BSU09260,450
BSU09270,192
BSU09280,274
BSU09290,496
BSU09300,555
BSU09310,581
BSU09320,379
BSU09330,214
BSU09340,174
BSU09350,80
BSU09360,107
BSU09370,488
BSU09380,146
BSU09390,552
BSU09400,468
BSU09410,461
BSU09420,334
BSU09430,291
BSU09440,366
BSU09450,289
BSU09460,465
BSU09470,451
BSU09480,469
BSU09490,142
BSU09500,96
BSU09510,358
BSU09520,163
BSU09530,331
BSU09540,199
BSU09550,444
BSU09560,143
BSU09570,393
BSU09590,461
BSU09600,118
BSU09610,131
BSU09620,243
BSU09630,35
BSU09640,371
BSU09650,247
BSU09660,282
BSU09670,282
BSU09680,453
BSU09690,166
BSU09700,53
BSU09710,585
BSU09720,673
BSU09730,206
BSU09740,41
BSU09750,67
BSU09760,72
BSU09770,453
BSU09780,363
BSU09790,377
BSU09800,117
BSU09810,357
BSU09830,288
BSU09840,501
BSU09850,405
BSU09860,165
BSU09870,112
BSU09880,255
BSU09889,61
BSU09890,298
BSU09900,419
BSU09910,408
BSU09920,963
BSU09930,314
BSU09940,70
BSU09950,292
BSU09958,28
BSU09965,172
BSU09980,113
BSU09990,203
BSU10000,118
BSU10009,63
BSU10010,172
BSU10020,359
BSU10030,145
BSU10040,247
BSU10050,408
BSU10060,236
BSU10070,396
BSU10080,463
BSU10090,104
BSU10100,166
BSU10110,714
BSU10120,353
BSU10130,310
BSU10140,470
BSU10150,191
BSU10160,775
BSU10170,325
BSU10180,258
BSU10200,346
BSU10210,135
BSU10220,429
BSU10230,46
BSU10240,244
BSU10250,331
BSU10260,214
BSU10270,513
BSU10280,131
BSU10290,426
BSU10300,381
BSU10310,149
BSU10320,330
BSU10330,323
BSU10340,193
BSU10350,364
BSU10360,479
BSU10370,186
BSU10380,432
BSU10390,509
BSU10400,285
BSU10410,77
BSU10420,192
BSU10430,299
BSU10440,89
BSU10450,489
BSU10460,66
BSU10470,120
BSU10480,207
BSU10490,168
BSU10500,499
BSU10510,175
BSU10520,401
BSU10530,350
BSU10540,282
BSU10550,441
BSU10560,329
BSU10570,384
BSU10580,401
BSU10590,575
BSU10600,108
BSU10610,145
BSU10620,1166
BSU10630,1232
BSU10640,391
BSU10650,1130
BSU10660,100
BSU10670,75
BSU10680,133
BSU10690,58
BSU10700,205
BSU10710,80
BSU10720,73
BSU10730,56
BSU10740,307
BSU10750,301
BSU10760,118
BSU10770,894
BSU10780,195
BSU10790,614
BSU10800,159
BSU10810,274
BSU10820,455
BSU10830,287
BSU10840,337
BSU10850,342
BSU10860,169
BSU10870,220
BSU10880,484
BSU10890,212
BSU10900,268
BSU10910,199
BSU10920,389
BSU10930,236
BSU10940,228
BSU10950,252
BSU10960,209
BSU10970,371
BSU10980,422
BSU10990,282
BSU11000,154
BSU11010,612
BSU11020,163
BSU11030,298
BSU11040,194
BSU11055,309
BSU11070,178
BSU11079,115
BSU11080,195
BSU11090,97
BSU11100,538
BSU11110,283
BSU11120,280
BSU11130,119
BSU11139,65
BSU11140,270
BSU11150,255
BSU11160,102
BSU11170,476
BSU11180,164
BSU11190,345
BSU11200,406
BSU11210,258
BSU11220,385
BSU11230,353
BSU11240,1030
BSU11250,319
BSU11260,59
BSU11270,61
BSU11280,244
BSU11290,185
BSU11300,317
BSU11310,63
BSU11320,79
BSU11330,312
BSU11340,413
BSU11350,261
BSU11360,328
BSU11370,329
BSU11390,316
BSU11400,303
BSU11410,250
BSU11420,330
BSU11430,545
BSU11440,311
BSU11450,305
BSU11460,358
BSU11470,305
BSU11480,405
BSU11490,192
BSU11500,131
BSU11510,218
BSU11520,218
BSU11530,373
BSU11540,670
BSU11549,55
BSU11550,299
BSU11560,132
BSU11570,181
BSU11580,190
BSU11590,122
BSU11600,211
BSU11610,266
BSU11620,283
BSU11630,244
BSU11640,614
BSU11650,236
BSU11660,205
BSU11670,369
BSU11680,66
BSU11690,256
BSU11700,336
BSU11710,271
BSU11720,258
BSU11730,227
BSU11740,148
BSU11750,162
BSU11760,172
BSU11770,105
BSU11780,128
BSU11790,118
BSU11799,68
BSU11809,49
BSU11810,84
BSU11820,717
BSU11839,84
BSU11840,140
BSU11850,171
BSU11860,240
BSU11870,373
BSU11880,390
BSU11890,181
BSU11900,396
BSU11910,409
BSU11920,106
BSU11928,43
BSU11929,57
BSU11930,153
BSU11940,167
BSU11950,94
BSU11960,175
BSU11970,105
BSU11980,251
BSU11990,115
BSU12000,648
BSU12010,650
BSU12020,315
BSU12030,160
BSU12040,168
BSU12050,131
BSU12060,159
BSU12069,64
BSU12070,109
BSU12080,329
BSU12090,107
BSU12100,467
BSU12110,157
BSU12120,55
BSU12130,299
BSU12140,132
BSU12150,191
BSU12160,985
BSU12170,186
BSU12180,213
BSU12190,208
BSU12200,92
BSU12210,396
BSU12220,392
BSU12229,62
BSU12230,270
BSU12240,250
BSU12250,250
BSU12260,324
BSU12270,165
BSU12280,140
BSU12290,392
BSU12300,473
BSU12310,459
BSU12320,337
BSU12330,339
BSU12340,359
BSU12350,278
BSU12360,422
BSU12370,333
BSU12380,480
BSU12390,497
BSU12400,254
BSU12410,154
BSU12420,423
BSU12430,378
BSU12440,44
BSU12450,85
BSU12460,317
BSU12470,125
BSU12480,200
BSU12490,278
BSU12500,198
BSU12510,113
BSU12519,59
BSU12520,278
BSU12530,266
BSU12539,55
BSU12540,116
BSU12550,68
BSU12560,169
BSU12570,265
BSU12580,433
BSU12590,495
BSU12600,275
BSU12610,311
BSU12619,127
BSU12620,118
BSU12630,161
BSU12640,146
BSU12649,72
BSU12650,466
BSU12660,147
BSU12671,148
BSU12672,49
BSU12680,1332
BSU12690,219
BSU12700,325
BSU12710,88
BSU12720,141
BSU12730,348
BSU12740,192
BSU12749,90
BSU12750,687
BSU12760,109
BSU12770,54
BSU12780,279
BSU12790,89
BSU12800,87
BSU12810,297
BSU12820,56
BSU12830,248
BSU12840,333
BSU12850,205
BSU12860,438
BSU12870,316
BSU12880,716
BSU12890,323
BSU12900,449
BSU12910,272
BSU12920,274
BSU12930,308
BSU12940,320
BSU12950,335
BSU12960,549
BSU12970,319
BSU12980,366
BSU12990,296
BSU13000,329
BSU13010,349
BSU13020,286
BSU13030,172
BSU13040,399
BSU13050,74
BSU13060,243
BSU13070,175
BSU13080,172
BSU13090,112
BSU13100,105
BSU13110,300
BSU13120,365
BSU13130,415
BSU13140,141
BSU13150,147
BSU13160,136
BSU13169,56
BSU13170,156
BSU13180,762
BSU13190,319
BSU13200,277
BSU13210,254
BSU13220,547
BSU13230,199
BSU13240,200
BSU13250,228
BSU13260,454
BSU13270,226
BSU13280,170
BSU13290,45
BSU13300,451
BSU13310,110
BSU13320,51
BSU13330,60
BSU13340,154
BSU13350,373
BSU13360,183
BSU13370,270
BSU13380,564
BSU13390,337
BSU13400,611
BSU13410,311
BSU13420,749
BSU13430,221
BSU13440,324
BSU13450,251
BSU13460,381
BSU13470,64
BSU13480,233
BSU13490,298
BSU13500,449
BSU13509,51
BSU13510,58
BSU13520,340
BSU13530,738
BSU13540,165
BSU13550,353
BSU13560,399
BSU13570,259
BSU13580,398
BSU13590,414
BSU13600,235
BSU13610,209
BSU13620,178
BSU13630,106
BSU13640,85
BSU13650,143
BSU13660,506
BSU13670,145
BSU13680,261
BSU13690,270
BSU13700,699
BSU13710,347
BSU13720,219
BSU13730,149
BSU13740,243
BSU13750,165
BSU13760,118
BSU13770,248
BSU13780,399
BSU13789,75
BSU13790,232
BSU13799,83
BSU13800,96
BSU13810,61
BSU13819,64
BSU13820,208
BSU13830,445
BSU13840,165
BSU13850,637
BSU13860,363
BSU13870,321
BSU13880,288
BSU13890,699
BSU13900,88
BSU13910,570
BSU13920,79
BSU13930,342
BSU13940,226
BSU13950,655
BSU13960,288
BSU13970,257
BSU13980,685
BSU13990,606
BSU14000,393
BSU14009,53
BSU14010,303
BSU14020,154
BSU14030,430
BSU14040,164
BSU14050,286
BSU14060,254
BSU14071,576
BSU14072,172
BSU14080,182
BSU14090,407
BSU14100,79
BSU14110,172
BSU14120,65
BSU14130,147
BSU14140,293
BSU14150,158
BSU14160,297
BSU14170,151
BSU14180,236
BSU14190,374
BSU14200,81
BSU14210,267
BSU14220,180
BSU14230,148
BSU14240,191
BSU14250,321
BSU14260,199
BSU14270,339
BSU14280,430
BSU14290,173
BSU14300,157
BSU14310,77
BSU14320,585
BSU14330,604
BSU14340,231
BSU14350,377
BSU14360,230
BSU14370,397
BSU14380,251
BSU14390,303
BSU14400,635
BSU14410,193
BSU14420,89
BSU14430,540
BSU14440,303
BSU14450,410
BSU14460,44
BSU14470,335
BSU14480,92
BSU14490,428
BSU14500,277
BSU14510,221
BSU14520,577
BSU14530,555
BSU14540,69
BSU14550,257
BSU14560,184
BSU14569,52
BSU14570,223
BSU14580,371
BSU14590,325
BSU14600,442
BSU14610,470
BSU14620,124
BSU14629,39
BSU14630,490
BSU14640,88
BSU14650,212
BSU14660,62
BSU14670,265
BSU14680,142
BSU14690,304
BSU14700,521
BSU14710,646
BSU14720,89
BSU14730,173
BSU14740,97
BSU14750,203
BSU14760,62
BSU14770,612
BSU14780,105
BSU14790,69
BSU14800,209
BSU14810,442
BSU14820,161
BSU14830,309
BSU14840,93
BSU14850,403
BSU14860,1148
BSU14870,306
BSU14880,305
BSU14890,356
BSU14900,622
BSU14910,207
BSU14920,110
BSU14930,297
BSU14940,120
BSU14950,148
BSU14960,346
BSU14970,132
BSU14980,79
BSU14990,149
BSU15000,90
BSU15010,184
BSU15020,161
BSU15030,408
BSU15040,260
BSU15050,341
BSU15060,415
BSU15069,61
BSU15070,172
BSU15080,59
BSU15090,193
BSU15100,160
BSU15110,298
BSU15120,539
BSU15130,143
BSU15140,311
BSU15150,117
BSU15160,716
BSU15170,646
BSU15180,494
BSU15190,324
BSU15200,451
BSU15210,366
BSU15220,363
BSU15230,303
BSU15240,263
BSU15250,231
BSU15260,235
BSU15270,121
BSU15280,440
BSU15290,382
BSU15300,1433
BSU15310,309
BSU15320,239
BSU15330,260
BSU15340,264
BSU15350,426
BSU15360,81
BSU15370,278
BSU15380,230
BSU15390,149
BSU15400,90
BSU15410,257
BSU15420,164
BSU15430,921
BSU15440,124
BSU15450,154
BSU15460,303
BSU15470,181
BSU15480,435
BSU15490,304
BSU15500,428
BSU15510,364
BSU15520,1071
BSU15530,256
BSU15540,311
BSU15550,239
BSU15560,216
BSU15570,233
BSU15580,354
BSU15590,382
BSU15600,197
BSU15610,257
BSU15620,261
BSU15630,162
BSU15640,572
BSU15650,890
BSU15660,291
BSU15670,89
BSU15680,204
BSU15690,67
BSU15700,406
BSU15710,805
BSU15720,160
BSU15730,317
BSU15740,447
BSU15750,363
BSU15760,254
BSU15770,648
BSU15780,298
BSU15790,217
BSU15800,214
BSU15810,26
BSU15820,62
BSU15830,120
BSU15840,553
BSU15850,220
BSU15860,300
BSU15870,682
BSU15880,188
BSU15890,333
BSU15900,317
BSU15910,246
BSU15920,77
BSU15930,249
BSU15940,1186
BSU15950,329
BSU15960,161
BSU15970,110
BSU15980,446
BSU15990,90
BSU16000,81
BSU16010,128
BSU16020,174
BSU16030,243
BSU16040,118
BSU16050,282
BSU16060,255
BSU16070,576
BSU16080,93
BSU16090,385
BSU16100,300
BSU16110,297
BSU16120,691
BSU16130,435
BSU16140,304
BSU16150,181
BSU16160,467
BSU16170,259
BSU16180,129
BSU16190,150
BSU16200,106
BSU16210,536
BSU16220,338
BSU16230,208
BSU16240,438
BSU16250,147
BSU16260,204
BSU16270,487
BSU16280,140
BSU16290,264
BSU16299,71
BSU16300,140
BSU16310,332
BSU16320,378
BSU16330,120
BSU16340,219
BSU16350,221
BSU16360,89
BSU16370,259
BSU16380,360
BSU16390,677
BSU16400,366
BSU16410,298
BSU16420,357
BSU16430,672
BSU16440,156
BSU16450,209
BSU16460,166
BSU16470,254
BSU16480,167
BSU16490,246
BSU16500,293
BSU16510,240
BSU16520,185
BSU16530,260
BSU16540,269
BSU16550,383
BSU16560,422
BSU16570,564
BSU16580,1437
BSU16590,156
BSU16600,371
BSU16610,91
BSU16620,100
BSU16630,716
BSU16640,92
BSU16650,117
BSU16660,309
BSU16670,316
BSU16680,89
BSU16690,705
BSU16700,319
BSU16710,409
BSU16720,85
BSU16730,297
BSU16740,200
BSU16750,346
BSU16760,404
BSU16770,290
BSU16780,555
BSU16790,245
BSU16799,70
BSU16800,789
BSU16810,241
BSU16825,402
BSU16845,426
BSU16860,428
BSU16870,242
BSU16880,85
BSU16910,288
BSU16920,193
BSU16930,416
BSU16940,348
BSU16950,391
BSU16960,520
BSU16970,264
BSU16980,86
BSU16990,347
BSU17000,392
BSU17010,509
BSU17020,143
BSU17030,181
BSU17040,858
BSU17050,627
BSU17060,151
BSU17070,185
BSU17080,205
BSU17090,225
BSU17100,288
BSU17110,324
BSU17120,767
BSU17130,82
BSU17140,415
BSU17150,420
BSU17160,259
BSU17170,249
BSU17180,5043
BSU17190,4538
BSU17200,4262
BSU17210,5488
BSU17220,2543
BSU17230,405
BSU17240,118
BSU17250,274
BSU17260,442
BSU17270,235
BSU17280,150
BSU17290,117
BSU17300,105
BSU17310,91
BSU17320,137
BSU17330,314
BSU17340,73
BSU17350,90
BSU17360,76
BSU17370,130
BSU17380,700
BSU17390,329
BSU17400,206
BSU17410,255
BSU17420,322
BSU17430,420
BSU17440,421
BSU17450,135
BSU17460,444
BSU17470,96
BSU17480,114
BSU17490,83
BSU17500,144
BSU17510,263
BSU17520,170
BSU17530,213
BSU17540,117
BSU17550,91
BSU17559,54
BSU17560,156
BSU17570,463
BSU17580,533
BSU17590,350
BSU17600,445
BSU17610,499
BSU17620,211
BSU17630,471
BSU17640,394
BSU17650,153
BSU17660,144
BSU17670,86
BSU17680,279
BSU17690,250
BSU17699,118
BSU17700,66
BSU17710,62
BSU17720,132
BSU17730,144
BSU17740,62
BSU17750,520
BSU17760,363
BSU17770,404
BSU17780,268
BSU17790,205
BSU17800,546
BSU17810,121
BSU17820,252
BSU17830,179
BSU17840,144
BSU17850,205
BSU17860,105
BSU17870,217
BSU17880,77
BSU17890,667
BSU17900,148
BSU17910,72
BSU17920,57
BSU17930,235
BSU17940,120
BSU17950,163
BSU17960,142
BSU17970,130
BSU17980,48
BSU17990,48
BSU18000,909
BSU18010,170
BSU18019,41
BSU18020,48
BSU18030,83
BSU18040,121
BSU18050,99
BSU18060,95
BSU18070,193
BSU18080,135
BSU18090,655
BSU18100,806
BSU18110,136
BSU18120,465
BSU18130,499
BSU18140,87
BSU18150,422
BSU18160,513
BSU18170,148
BSU18180,297
BSU18190,198
BSU18200,399
BSU18210,511
BSU18220,260
BSU18230,299
BSU18239,73
BSU18240,444
BSU18250,549
BSU18260,380
BSU18270,101
BSU18280,510
BSU18290,130
BSU18300,1279
BSU18310,3603
BSU18320,2555
BSU18330,2560
BSU18340,2561
BSU18350,491
BSU18360,325
BSU18370,463
BSU18380,181
BSU18390,181
BSU18400,76
BSU18410,587
BSU18420,285
BSU18430,329
BSU18440,493
BSU18450,1520
BSU18460,300
BSU18470,371
BSU18480,297
BSU18490,122
BSU18500,238
BSU18510,101
BSU18520,256
BSU18530,177
BSU18540,414
BSU18550,487
BSU18560,344
BSU18570,680
BSU18580,97
BSU18590,134
BSU18600,97
BSU18610,561
BSU18620,483
BSU18630,232
BSU18640,225
BSU18650,345
BSU18660,227
BSU18669,101
BSU18670,392
BSU18680,162
BSU18690,251
BSU18700,118
BSU18709,79
BSU18710,165
BSU18720,303
BSU18730,160
BSU18740,84
BSU18750,264
BSU18760,290
BSU18770,292
BSU18780,143
BSU18790,210
BSU18800,306
BSU18810,120
BSU18820,87
BSU18830,866
BSU18840,213
BSU18849,79
BSU18850,112
BSU18860,118
BSU18870,121
BSU18880,219
BSU18890,307
BSU18898,57
BSU18899,74
BSU18900,151
BSU18908,86
BSU18910,371
BSU18920,40
BSU18930,217
BSU18940,115
BSU18950,97
BSU18960,111
BSU18970,1201
BSU18980,280
BSU18990,152
BSU19000,600
BSU19010,187
BSU19020,446
BSU19030,806
BSU19040,110
BSU19050,241
BSU19060,247
BSU19070,191
BSU19080,233
BSU19090,160
BSU19100,313
BSU19110,181
BSU19120,107
BSU19130,225
BSU19140,178
BSU19150,260
BSU19160,165
BSU19170,325
BSU19180,352
BSU19190,370
BSU19200,199
BSU19210,287
BSU19220,591
BSU19230,208
BSU19240,163
BSU19250,110
BSU19259,75
BSU19260,158
BSU19270,87
BSU19280,77
BSU19290,114
BSU19300,67
BSU19310,495
BSU19320,632
BSU19330,281
BSU19340,445
BSU19350,321
BSU19360,417
BSU19370,944
BSU19380,638
BSU19390,304
BSU19400,196
BSU19410,414
BSU19420,405
BSU19430,207
BSU19440,452
BSU19450,282
BSU19460,221
BSU19470,116
BSU19479,92
BSU19480,298
BSU19490,157
BSU19510,78
BSU19520,444
BSU19530,129
BSU19540,112
BSU19550,202
BSU19560,200
BSU19570,303
BSU19579,66
BSU19580,496
BSU19590,466
BSU19600,233
BSU19610,83
BSU19620,273
BSU19630,233
BSU19639,41
BSU19640,104
BSU19650,203
BSU19660,58
BSU19669,47
BSU19670,226
BSU19680,74
BSU19689,92
BSU19690,471
BSU19700,275
BSU19710,436
BSU19720,217
BSU19730,229
BSU19740,444
BSU19749,37
BSU19750,259
BSU19760,426
BSU19770,101
BSU19780,133
BSU19790,317
BSU19800,382
BSU19820,58
BSU19830,195
BSU19840,80
BSU19850,61
BSU19860,70
BSU19870,120
BSU19880,57
BSU19890,105
BSU19900,25
BSU19910,48
BSU19920,43
BSU19930,63
BSU19940,275
BSU19950,72
BSU19970,117
BSU19980,113
BSU19990,96
BSU19999,55
BSU20000,81
BSU20010,149
BSU20020,142
BSU20030,80
BSU20040,329
BSU20050,173
BSU20060,1084
BSU20070,129
BSU20080,117
BSU20090,66
BSU20100,64
BSU20110,44
BSU20120,156
BSU20130,120
BSU20140,41
BSU20150,115
BSU20160,131
BSU20170,180
BSU20180,59
BSU20190,39
BSU20200,70
BSU20210,60
BSU20220,75
BSU20230,121
BSU20240,72
BSU20250,443
BSU20260,39
BSU20270,172
BSU20280,165
BSU20290,51
BSU20300,71
BSU20310,65
BSU20320,49
BSU20330,238
BSU20340,1305
BSU20350,576
BSU20360,378
BSU20370,504
BSU20380,156
BSU20390,323
BSU20400,304
BSU20410,123
BSU20420,104
BSU20430,126
BSU20440,98
BSU20450,586
BSU20460,274
BSU20470,131
BSU20480,73
BSU20490,224
BSU20500,270
BSU20510,137
BSU20520,49
BSU20530,115
BSU20540,118
BSU20550,113
BSU20560,124
BSU20570,72
BSU20580,92
BSU20590,230
BSU20600,67
BSU20610,171
BSU20620,64
BSU20630,150
BSU20640,85
BSU20650,67
BSU20660,54
BSU20670,251
BSU20680,135
BSU20690,112
BSU20700,116
BSU20710,67
BSU20720,92
BSU20730,134
BSU20740,111
BSU20750,64
BSU20760,65
BSU20770,72
BSU20780,74
BSU20790,325
BSU20800,460
BSU20810,358
BSU20820,70
BSU20830,105
BSU20840,66
BSU20850,41
BSU20860,386
BSU20870,138
BSU20880,177
BSU20890,178
BSU20900,43
BSU20910,71
BSU20920,83
BSU20928,59
BSU20929,76
BSU20930,131
BSU20940,442
BSU20950,75
BSU20960,438
BSU20970,168
BSU20980,410
BSU20990,62
BSU20999,83
BSU21000,58
BSU21010,203
BSU21020,108
BSU21030,64
BSU21040,839
BSU21050,92
BSU21060,63
BSU21070,405
BSU21080,136
BSU21090,166
BSU21100,306
BSU21110,589
BSU21120,506
BSU21130,478
BSU21140,178
BSU21150,338
BSU21160,156
BSU21170,131
BSU21180,84
BSU21190,216
BSU21200,168
BSU21210,236
BSU21220,265
BSU21229,203
BSU21230,75
BSU21240,118
BSU21250,405
BSU21260,116
BSU21270,63
BSU21280,166
BSU21290,139
BSU21300,333
BSU21310,109
BSU21320,228
BSU21329,58
BSU21330,148
BSU21340,227
BSU21350,2285
BSU21360,252
BSU21370,875
BSU21380,273
BSU21390,644
BSU21400,274
BSU21410,367
BSU21420,70
BSU21430,88
BSU21440,148
BSU21450,422
BSU21460,137
BSU21470,705
BSU21480,56
BSU21490,105
BSU21500,416
BSU21510,110
BSU21520,111
BSU21530,118
BSU21540,155
BSU21550,177
BSU21560,192
BSU21570,165
BSU21580,571
BSU21590,185
BSU21600,357
BSU21610,296
BSU21620,160
BSU21630,272
BSU21640,171
BSU21650,236
BSU21660,545
BSU21680,143
BSU21690,177
BSU21700,141
BSU21710,445
BSU21720,64
BSU21730,187
BSU21740,255
BSU21750,193
BSU21760,83
BSU21770,422
BSU21780,331
BSU21790,213
BSU21800,206
BSU21810,168
BSU21820,264
BSU21830,177
BSU21840,203
BSU21850,257
BSU21860,144
BSU21870,558
BSU21880,377
BSU21890,205
BSU21900,160
BSU21910,301
BSU21920,382
BSU21930,66
BSU21940,60
BSU21950,89
BSU21960,60
BSU21970,226
BSU21980,229
BSU21990,132
BSU22000,42
BSU22010,296
BSU22019,48
BSU22020,85
BSU22030,1193
BSU22040,168
BSU22050,365
BSU22060,438
BSU22070,194
BSU22080,501
BSU22090,330
BSU22100,196
BSU22110,324
BSU22120,339
BSU22130,275
BSU22140,254
BSU22150,641
BSU22160,63
BSU22169,50
BSU22170,385
BSU22180,98
BSU22190,209
BSU22200,75
BSU22210,413
BSU22220,749
BSU22230,168
BSU22240,139
BSU22250,125
BSU22260,62
BSU22270,123
BSU22280,81
BSU22290,34
BSU22300,320
BSU22310,206
BSU22320,914
BSU22330,164
BSU22340,219
BSU22350,232
BSU22360,430
BSU22370,393
BSU22380,161
BSU22390,56
BSU22400,931
BSU22410,127
BSU22420,286
BSU22430,277
BSU22440,325
BSU22450,397
BSU22460,377
BSU22470,236
BSU22480,137
BSU22490,267
BSU22500,111
BSU22510,290
BSU22520,264
BSU22530,185
BSU22540,255
BSU22550,224
BSU22560,167
BSU22570,148
BSU22580,179
BSU22590,423
BSU22600,428
BSU22610,371
BSU22620,360
BSU22630,267
BSU22640,400
BSU22650,215
BSU22660,249
BSU22670,338
BSU22680,515
BSU22690,127
BSU22700,362
BSU22710,390
BSU22720,256
BSU22730,149
BSU22740,348
BSU22750,233
BSU22760,251
BSU22770,75
BSU22780,190
BSU22790,92
BSU22800,492
BSU22810,244
BSU22820,67
BSU22830,345
BSU22840,436
BSU22849,64
BSU22850,297
BSU22860,199
BSU22869,45
BSU22870,349
BSU22880,382
BSU22890,224
BSU22900,58
BSU22910,217
BSU22920,450
BSU22930,305
BSU22940,218
BSU22950,324
BSU22960,427
BSU22970,194
BSU22980,259
BSU22990,147
BSU23000,240
BSU23010,189
BSU23020,496
BSU23030,352
BSU23040,82
BSU23050,190
BSU23060,54
BSU23070,525
BSU23080,255
BSU23090,368
BSU23100,194
BSU23110,589
BSU23120,240
BSU23130,391
BSU23140,542
BSU23150,179
BSU23160,244
BSU23170,178
BSU23180,196
BSU23190,382
BSU23200,179
BSU23210,197
BSU23220,251
BSU23230,174
BSU23240,124
BSU23250,154
BSU23260,398
BSU23270,215
BSU23280,361
BSU23300,114
BSU23310,184
BSU23320,78
BSU23328,68
BSU23340,67
BSU23350,70
BSU23360,143
BSU23370,290
BSU23380,439
BSU23390,493
BSU23401,203
BSU23402,116
BSU23410,338
BSU23420,150
BSU23430,141
BSU23440,206
BSU23450,255
BSU23460,146
BSU23470,117
BSU23480,389
BSU23490,271
BSU23500,394
BSU23510,296
BSU23519,75
BSU23520,149
BSU23530,214
BSU23540,71
BSU23550,439
BSU23560,468
BSU23570,475
BSU23580,329
BSU23590,116
BSU23600,387
BSU23610,185
BSU23620,306
BSU23630,74
BSU23640,305
BSU23650,79
BSU23660,107
BSU23670,343
BSU23680,114
BSU23690,156
BSU23700,112
BSU23710,412
BSU23720,68
BSU23730,410
BSU23740,63
BSU23750,128
BSU23760,319
BSU23770,448
BSU23780,259
BSU23790,319
BSU23800,278
BSU23810,547
BSU23820,338
BSU23830,253
BSU23840,307
BSU23850,489
BSU23860,469
BSU23870,414
BSU23880,95
BSU23890,275
BSU23900,242
BSU23910,371
BSU23920,507
BSU23930,140
BSU23940,176
BSU23950,322
BSU23960,240
BSU23970,219
BSU23980,255
BSU23990,145
BSU24000,297
BSU24010,389
BSU24020,278
BSU24030,424
BSU24040,327
BSU24050,330
BSU24060,474
BSU24070,363
BSU24080,364
BSU24090,299
BSU24100,692
BSU24110,78
BSU24120,301
BSU24130,472
BSU24140,372
BSU24150,379
BSU24160,287
BSU24170,393
BSU24180,243
BSU24190,206
BSU24200,97
BSU24210,372
BSU24220,267
BSU24230,426
BSU24240,576
BSU24250,149
BSU24260,281
BSU24270,633
BSU24280,296
BSU24290,84
BSU24300,448
BSU24310,283
BSU24320,131
BSU24330,135
BSU24340,450
BSU24350,159
BSU24360,218
BSU24370,229
BSU24380,206
BSU24390,399
BSU24400,133
BSU24410,68
BSU24420,171
BSU24430,307
BSU24440,93
BSU24450,185
BSU24460,353
BSU24470,148
BSU24480,178
BSU24490,318
BSU24500,131
BSU24510,291
BSU24520,142
BSU24530,278
BSU24540,126
BSU24550,488
BSU24560,448
BSU24570,362
BSU24580,557
BSU24590,264
BSU24600,57
BSU24610,111
BSU24620,261
BSU24630,190
BSU24640,253
BSU24650,108
BSU24660,59
BSU24670,124
BSU24680,127
BSU24690,115
BSU24700,143
BSU24710,98
BSU24720,323
BSU24730,356
BSU24740,317
BSU24750,442
BSU24760,278
BSU24770,126
BSU24780,81
BSU24790,211
BSU24800,57
BSU24810,104
BSU24820,353
BSU24830,376
BSU24840,638
BSU24850,321
BSU24860,71
BSU24870,507
BSU24880,57
BSU24890,187
BSU24900,49
BSU24910,359
BSU24920,156
BSU24930,117
BSU24940,154
BSU24950,260
BSU24960,269
BSU24970,294
BSU24980,309
BSU24990,300
BSU25000,716
BSU25010,430
BSU25020,202
BSU25030,160
BSU25040,255
BSU25050,142
BSU25060,99
BSU25070,377
BSU25080,129
BSU25090,193
BSU25100,145
BSU25110,293
BSU25120,84
BSU25130,297
BSU25140,438
BSU25150,247
BSU25160,314
BSU25170,373
BSU25180,216
BSU25190,120
BSU25200,371
BSU25210,603
BSU25220,98
BSU25230,164
BSU25240,270
BSU25250,212
BSU25260,679
BSU25270,295
BSU25280,255
BSU25289,47
BSU25290,301
BSU25300,136
BSU25310,123
BSU25320,157
BSU25330,711
BSU25340,319
BSU25350,398
BSU25360,93
BSU25370,139
BSU25380,331
BSU25390,437
BSU25400,148
BSU25410,57
BSU25420,307
BSU25430,451
BSU25440,256
BSU25450,311
BSU25460,375
BSU25470,611
BSU25480,187
BSU25490,343
BSU25500,379
BSU25510,612
BSU25520,112
BSU25530,401
BSU25540,368
BSU25550,88
BSU25560,347
BSU25569,44
BSU25570,776
BSU25580,189
BSU25590,205
BSU25600,273
BSU25610,247
BSU25620,118
BSU25630,186
BSU25640,189
BSU25650,96
BSU25660,280
BSU25670,366
BSU25680,172
BSU25690,52
BSU25700,243
BSU25710,250
BSU25720,208
BSU25730,297
BSU25740,240
BSU25750,136
BSU25770,500
BSU25780,139
BSU25790,346
BSU25800,146
BSU25810,105
BSU25820,254
BSU25830,375
BSU25840,44
BSU25850,52
BSU25860,531
BSU25870,192
BSU25880,120
BSU25890,159
BSU25900,272
BSU25910,140
BSU25920,297
BSU25930,54
BSU25940,111
BSU25950,366
BSU25960,90
BSU25970,192
BSU25980,348
BSU25990,141
BSU26000,87
BSU26010,326
BSU26020,219
BSU26030,1585
BSU26050,59
BSU26060,147
BSU26075,466
BSU26089,63
BSU26090,145
BSU26100,167
BSU26110,120
BSU26120,131
BSU26130,103
BSU26140,311
BSU26150,322
BSU26160,217
BSU26170,305
BSU26180,510
BSU26190,431
BSU26200,239
BSU26210,154
BSU26220,151
BSU26230,309
BSU26240,68
BSU26250,142
BSU26259,49
BSU26260,286
BSU26270,225
BSU26280,284
BSU26290,319
BSU26300,64
BSU26310,85
BSU26320,189
BSU26330,46
BSU26340,76
BSU26350,116
BSU26360,55
BSU26370,178
BSU26380,172
BSU26400,54
BSU26410,138
BSU26420,432
BSU26430,231
BSU26440,405
BSU26450,185
BSU26470,174
BSU26480,158
BSU26490,261
BSU26500,75
BSU26510,377
BSU26530,185
BSU26540,160
BSU26550,63
BSU26560,186
BSU26570,48
BSU26580,273
BSU26590,400
BSU26600,152
BSU26610,434
BSU26619,47
BSU26620,321
BSU26630,288
BSU26640,345
BSU26650,311
BSU26660,129
BSU26670,296
BSU26680,92
BSU26690,440
BSU26700,110
BSU26710,254
BSU26720,157
BSU26730,91
BSU26740,410
BSU26760,187
BSU26770,123
BSU26780,167
BSU26790,284
BSU26800,347
BSU26810,265
BSU26820,235
BSU26830,251
BSU26840,176
BSU26850,326
BSU26860,438
BSU26870,289
BSU26880,367
BSU26890,277
BSU26900,87
BSU26910,271
BSU26920,118
BSU26930,144
BSU26940,128
BSU26950,81
BSU26960,122
BSU26970,378
BSU26980,65
BSU26990,99
BSU27000,140
BSU27010,349
BSU27020,169
BSU27030,677
BSU27040,275
BSU27050,269
BSU27060,162
BSU27070,146
BSU27080,935
BSU27090,462
BSU27100,210
BSU27110,275
BSU27120,166
BSU27130,285
BSU27140,634
BSU27150,96
BSU27160,1054
BSU27170,194
BSU27180,180
BSU27190,49
BSU27200,266
BSU27210,122
BSU27220,980
BSU27230,160
BSU27240,76
BSU27250,379
BSU27260,307
BSU27270,231
BSU27280,213
BSU27290,67
BSU27300,233
BSU27310,584
BSU27320,157
BSU27330,211
BSU27340,422
BSU27350,309
BSU27360,217
BSU27370,360
BSU27380,93
BSU27390,138
BSU27400,88
BSU27410,878
BSU27420,353
BSU27430,242
BSU27440,273
BSU27450,216
BSU27460,218
BSU27468,43
BSU27469,63
BSU27470,174
BSU27480,798
BSU27490,206
BSU27500,371
BSU27510,379
BSU27520,138
BSU27530,421
BSU27540,254
BSU27550,592
BSU27560,424
BSU27570,56
BSU27580,518
BSU27590,132
BSU27600,734
BSU27610,170
BSU27620,786
BSU27630,107
BSU27640,165
BSU27650,737
BSU27660,98
BSU27670,518
BSU27680,218
BSU27690,150
BSU27700,88
BSU27710,381
BSU27720,342
BSU27729,66
BSU27730,334
BSU27740,201
BSU27750,170
BSU27760,435
BSU27770,341
BSU27785,215
BSU27800,43
BSU27809,46
BSU27810,484
BSU27820,240
BSU27830,198
BSU27840,387
BSU27850,368
BSU27860,289
BSU27870,531
BSU27880,395
BSU27890,180
BSU27900,285
BSU27910,147
BSU27920,428
BSU27930,192
BSU27940,94
BSU27950,112
BSU27960,102
BSU27970,288
BSU27980,264
BSU27990,268
BSU28000,226
BSU28010,172
BSU28020,290
BSU28030,337
BSU28040,231
BSU28050,189
BSU28060,332
BSU28070,248
BSU28080,430
BSU28090,880
BSU28099,63
BSU28100,341
BSU28110,575
BSU28120,430
BSU28130,324
BSU28140,262
BSU28150,314
BSU28160,276
BSU28170,455
BSU28180,165
BSU28190,195
BSU28200,774
BSU28210,552
BSU28220,420
BSU28230,424
BSU28240,334
BSU28250,199
BSU28260,472
BSU28270,365
BSU28280,518
BSU28290,342
BSU28300,172
BSU28310,574
BSU28320,111
BSU28330,151
BSU28340,273
BSU28350,169
BSU28360,198
BSU28370,245
BSU28380,366
BSU28390,272
BSU28400,146
BSU28410,74
BSU28420,147
BSU28430,253
BSU28440,586
BSU28450,202
BSU28460,148
BSU28470,408
BSU28490,590
BSU28500,104
BSU28510,495
BSU28520,325
BSU28530,257
BSU28540,258
BSU28550,194
BSU28560,560
BSU28570,134
BSU28580,785
BSU28590,570
BSU28600,177
BSU28610,85
BSU28620,313
BSU28630,804
BSU28640,344
BSU28650,248
BSU28660,71
BSU28670,368
BSU28680,470
BSU28690,444
BSU28700,80
BSU28710,598
BSU28720,500
BSU28730,281
BSU28740,313
BSU28750,433
BSU28760,394
BSU28770,272
BSU28780,229
BSU28790,560
BSU28800,496
BSU28810,323
BSU28820,361
BSU28830,130
BSU28840,89
BSU28850,119
BSU28860,66
BSU28870,173
BSU28890,221
BSU28900,231
BSU28910,146
BSU28920,241
BSU28930,593
BSU28940,260
BSU28950,643
BSU28960,281
BSU28970,213
BSU28980,311
BSU28990,472
BSU29000,152
BSU29010,126
BSU29020,340
BSU29030,126
BSU29040,396
BSU29050,280
BSU29060,197
BSU29070,210
BSU29080,276
BSU29090,880
BSU29100,579
BSU29110,240
BSU29120,312
BSU29130,423
BSU29140,372
BSU29150,154
BSU29160,371
BSU29170,127
BSU29180,585
BSU29190,319
BSU29200,325
BSU29210,290
BSU29220,410
BSU29230,1115
BSU29239,113
BSU29240,176
BSU29249,63
BSU29250,313
BSU29260,100
BSU29270,439
BSU29280,300
BSU29290,416
BSU29300,230
BSU29310,442
BSU29320,93
BSU29330,334
BSU29340,259
BSU29350,235
BSU29360,239
BSU29370,270
BSU29380,269
BSU29390,178
BSU29400,308
BSU29410,227
BSU29420,255
BSU29430,44
BSU29440,461
BSU29450,403
BSU29460,170
BSU29470,395
BSU29480,329
BSU29490,167
BSU29500,151
BSU29510,226
BSU29520,164
BSU29530,335
BSU29540,267
BSU29550,529
BSU29560,529
BSU29570,69
BSU29580,401
BSU29590,381
BSU29600,445
BSU29610,562
BSU29620,268
BSU29630,207
BSU29640,163
BSU29650,579
BSU29660,200
BSU29670,422
BSU29679,47
BSU29680,572
BSU29690,210
BSU29700,214
BSU29710,387
BSU29720,242
BSU29730,272
BSU29740,334
BSU29750,358
BSU29760,108
BSU29770,151
BSU29780,140
BSU29790,432
BSU29805,952
BSU29820,201
BSU29830,269
BSU29840,107
BSU29850,148
BSU29860,357
BSU29870,105
BSU29880,566
BSU29890,256
BSU29900,213
BSU29910,92
BSU29920,204
BSU29930,718
BSU29940,309
BSU29950,304
BSU29960,183
BSU29970,311
BSU29980,463
BSU29990,432
BSU30000,385
BSU30010,236
BSU30020,73
BSU30035,239
BSU30050,544
BSU30060,420
BSU30070,512
BSU30080,60
BSU30090,222
BSU30100,428
BSU30110,167
BSU30120,370
BSU30135,321
BSU30150,772
BSU30160,498
BSU30170,286
BSU30180,253
BSU30190,395
BSU30200,335
BSU30210,231
BSU30220,389
BSU30230,448
BSU30240,258
BSU30250,299
BSU30260,344
BSU30270,426
BSU30280,303
BSU30290,276
BSU30300,432
BSU30310,103
BSU30320,804
BSU30330,109
BSU30340,261
BSU30350,397
BSU30360,248
BSU30370,646
BSU30380,253
BSU30390,334
BSU30400,231
BSU30410,436
BSU30420,231
BSU30430,325
BSU30440,328
BSU30450,292
BSU30460,130
BSU30470,90
BSU30480,322
BSU30490,194
BSU30500,367
BSU30510,259
BSU30520,171
BSU30530,463
BSU30540,632
BSU30550,400
BSU30560,527
BSU30570,80
BSU30580,257
BSU30595,334
BSU30610,260
BSU30620,270
BSU30630,158
BSU30640,134
BSU30650,145
BSU30659,58
BSU30660,145
BSU30670,157
BSU30680,75
BSU30690,187
BSU30700,82
BSU30710,443
BSU30720,346
BSU30739,52
BSU30740,295
BSU30750,435
BSU30760,250
BSU30770,306
BSU30780,371
BSU30790,486
BSU30800,271
BSU30810,274
BSU30820,580
BSU30830,471
BSU30840,239
BSU30850,272
BSU30860,428
BSU30870,316
BSU30880,407
BSU30890,143
BSU30900,351
BSU30910,377
BSU30920,357
BSU30930,155
BSU30940,798
BSU30950,484
BSU30960,343
BSU30970,380
BSU30980,627
BSU30990,192
BSU31000,173
BSU31010,509
BSU31020,174
BSU31030,162
BSU31040,192
BSU31050,402
BSU31060,490
BSU31070,180
BSU31080,181
BSU31090,222
BSU31100,445
BSU31110,87
BSU31120,282
BSU31130,511
BSU31140,161
BSU31150,276
BSU31160,388
BSU31170,328
BSU31180,424
BSU31190,104
BSU31200,485
BSU31210,258
BSU31220,689
BSU31230,662
BSU31240,661
BSU31250,662
BSU31260,662
BSU31270,245
BSU31279,84
BSU31280,132
BSU31290,554
BSU31300,429
BSU31310,225
BSU31319,87
BSU31321,110
BSU31322,328
BSU31330,134
BSU31340,123
BSU31350,450
BSU31360,390
BSU31370,387
BSU31380,78
BSU31390,130
BSU31400,386
BSU31410,166
BSU31420,273
BSU31430,86
BSU31440,387
BSU31450,428
BSU31460,128
BSU31470,205
BSU31480,392
BSU31490,624
BSU31500,137
BSU31510,185
BSU31520,533
BSU31530,235
BSU31540,359
BSU31550,510
BSU31560,348
BSU31570,319
BSU31580,448
BSU31590,71
BSU31600,801
BSU31610,143
BSU31620,113
BSU31630,493
BSU31640,158
BSU31650,94
BSU31660,124
BSU31670,126
BSU31680,214
BSU31690,769
BSU31700,55
BSU31710,299
BSU31720,46
BSU31730,122
BSU31740,409
BSU31750,490
BSU31760,183
BSU31770,132
BSU31780,82
BSU31790,73
BSU31800,369
BSU31810,129
BSU31820,78
BSU31830,176
BSU31840,243
BSU31850,151
BSU31860,1076
BSU31875,1495
BSU31890,451
BSU31900,79
BSU31910,97
BSU31920,422
BSU31930,378
BSU31945,225
BSU31959,69
BSU31960,2378
BSU31970,312
BSU31980,539
BSU31990,398
BSU32000,261
BSU32010,289
BSU32020,198
BSU32030,200
BSU32040,442
BSU32050,500
BSU32060,158
BSU32070,218
BSU32080,106
BSU32090,47
BSU32100,406
BSU32110,332
BSU32120,46
BSU32130,326
BSU32140,207
BSU32150,172
BSU32160,120
BSU32170,284
BSU32180,404
BSU32190,78
BSU32200,355
BSU32210,108
BSU32220,111
BSU32230,657
BSU32240,309
BSU32250,352
BSU32260,433
BSU32270,339
BSU32280,166
BSU32290,256
BSU32300,144
BSU32310,91
BSU32320,210
BSU32330,298
BSU32340,326
BSU32350,254
BSU32360,101
BSU32370,462
BSU32380,273
BSU32390,282
BSU32400,115
BSU32410,446
BSU32420,531
BSU32430,449
BSU32440,430
BSU32450,494
BSU32460,114
BSU32469,43
BSU32470,173
BSU32480,745
BSU32490,277
BSU32500,205
BSU32510,330
BSU32520,416
BSU32530,412
BSU32540,288
BSU32550,367
BSU32560,262
BSU32570,284
BSU32580,300
BSU32590,292
BSU32600,422
BSU32610,328
BSU32620,124
BSU32630,372
BSU32640,48
BSU32650,91
BSU32660,127
BSU32669,92
BSU32670,465
BSU32680,147
BSU32690,406
BSU32700,437
BSU32710,261
BSU32719,45
BSU32720,125
BSU32730,274
BSU32740,222
BSU32750,341
BSU32760,114
BSU32770,106
BSU32780,146
BSU32790,78
BSU32800,127
BSU32810,118
BSU32820,594
BSU32830,391
BSU32840,815
BSU32849,48
BSU32850,302
BSU32859,81
BSU32860,110
BSU32870,155
BSU32880,541
BSU32890,127
BSU32900,129
BSU32910,109
BSU32920,295
BSU32930,95
BSU32940,275
BSU32950,145
BSU32980,280
BSU32990,153
BSU33000,458
BSU33010,225
BSU33020,451
BSU33029,54
BSU33030,291
BSU33040,462
BSU33049,61
BSU33050,482
BSU33060,365
BSU33070,373
BSU33080,211
BSU33090,360
BSU33100,241
BSU33110,290
BSU33120,225
BSU33130,126
BSU33140,422
BSU33150,193
BSU33160,442
BSU33170,353
BSU33180,314
BSU33190,263
BSU33200,292
BSU33210,580
BSU33221,237
BSU33222,79
BSU33230,176
BSU33239,112
BSU33240,385
BSU33250,136
BSU33260,409
BSU33270,229
BSU33280,397
BSU33290,269
BSU33300,336
BSU33310,384
BSU33320,315
BSU33330,469
BSU33340,46
BSU33350,160
BSU33360,617
BSU33370,308
BSU33380,260
BSU33390,227
BSU33400,276
BSU33410,161
BSU33420,670
BSU33430,571
BSU33440,605
BSU33450,774
BSU33460,202
BSU33470,138
BSU33480,222
BSU33490,699
BSU33500,802
BSU33510,69
BSU33520,101
BSU33530,358
BSU33540,211
BSU33550,631
BSU33560,133
BSU33570,119
BSU33580,190
BSU33590,264
BSU33600,156
BSU33610,779
BSU33620,248
BSU33630,76
BSU33640,256
BSU33650,77
BSU33660,135
BSU33670,139
BSU33680,108
BSU33690,566
BSU33700,226
BSU33710,306
BSU33720,217
BSU33730,381
BSU33740,177
BSU33750,158
BSU33760,323
BSU33770,203
BSU33780,207
BSU33790,90
BSU33800,229
BSU33810,303
BSU33820,217
BSU33830,380
BSU33840,185
BSU33850,211
BSU33860,204
BSU33870,232
BSU33880,605
BSU33890,155
BSU33900,430
BSU33910,511
BSU33920,253
BSU33930,394
BSU33940,335
BSU33950,340
BSU33960,464
BSU33970,384
BSU33980,336
BSU33990,292
BSU34000,305
BSU34010,447
BSU34020,344
BSU34030,240
BSU34040,479
BSU34050,238
BSU34060,200
BSU34070,328
BSU34080,245
BSU34090,301
BSU34100,269
BSU34110,403
BSU34120,429
BSU34130,687
BSU34140,283
BSU34150,418
BSU34160,421
BSU34170,330
BSU34180,219
BSU34190,563
BSU34200,436
BSU34210,72
BSU34220,322
BSU34230,388
BSU34240,216
BSU34250,202
BSU34265,505
BSU34280,344
BSU34290,358
BSU34300,344
BSU34310,367
BSU34320,384
BSU34330,278
BSU34340,381
BSU34350,598
BSU34360,227
BSU34370,234
BSU34380,152
BSU34390,489
BSU34400,161
BSU34410,95
BSU34420,30
BSU34430,227
BSU34440,451
BSU34450,473
BSU34460,516
BSU34470,520
BSU34480,194
BSU34490,111
BSU34500,106
BSU34510,170
BSU34520,447
BSU34530,320
BSU34540,197
BSU34550,226
BSU34560,561
BSU34570,757
BSU34580,294
BSU34590,278
BSU34600,435
BSU34610,417
BSU34620,589
BSU34630,316
BSU34640,191
BSU34650,106
BSU34660,530
BSU34670,197
BSU34680,325
BSU34690,646
BSU34700,259
BSU34710,356
BSU34720,237
BSU34729,69
BSU34730,254
BSU34740,85
BSU34750,316
BSU34760,317
BSU34770,295
BSU34780,158
BSU34790,316
BSU34800,473
BSU34810,484
BSU34820,589
BSU34830,119
BSU34840,636
BSU34850,241
BSU34860,209
BSU34870,252
BSU34880,245
BSU34890,212
BSU34900,194
BSU34910,427
BSU34920,213
BSU34930,391
BSU34940,250
BSU34950,221
BSU34960,172
BSU34970,216
BSU34980,312
BSU34990,269
BSU35000,310
BSU35010,396
BSU35020,242
BSU35030,243
BSU35040,1289
BSU35050,157
BSU35060,405
BSU35070,248
BSU35080,169
BSU35090,403
BSU35100,119
BSU35110,65
BSU35120,365
BSU35130,108
BSU35140,76
BSU35150,160
BSU35160,957
BSU35170,661
BSU35180,76
BSU35190,831
BSU35200,189
BSU35210,444
BSU35220,397
BSU35240,480
BSU35250,296
BSU35260,228
BSU35270,112
BSU35280,281
BSU35290,366
BSU35300,841
BSU35310,189
BSU35319,125
BSU35320,113
BSU35330,133
BSU35340,498
BSU35350,109
BSU35360,304
BSU35370,74
BSU35380,143
BSU35390,191
BSU35400,298
BSU35410,507
BSU35420,160
BSU35430,88
BSU35440,139
BSU35450,229
BSU35460,98
BSU35470,463
BSU35480,281
BSU35490,229
BSU35500,385
BSU35510,217
BSU35520,391
BSU35530,358
BSU35540,397
BSU35550,252
BSU35560,226
BSU35570,488
BSU35580,461
BSU35590,389
BSU35600,483
BSU35620,496
BSU35630,705
BSU35640,102
BSU35650,306
BSU35660,380
BSU35670,292
BSU35680,900
BSU35690,446
BSU35700,527
BSU35710,275
BSU35720,746
BSU35730,673
BSU35740,129
BSU35750,256
BSU35760,381
BSU35770,442
BSU35780,880
BSU35790,316
BSU35800,483
BSU35810,368
BSU35820,374
BSU35830,457
BSU35840,322
BSU35850,286
BSU35860,413
BSU35870,55
BSU35880,380
BSU35890,149
BSU35900,393
BSU35910,326
BSU35920,293
BSU35930,131
BSU35940,493
BSU35950,322
BSU35960,305
BSU35970,178
BSU35980,98
BSU35990,175
BSU36000,255
BSU36010,570
BSU36020,302
BSU36030,442
BSU36040,225
BSU36050,380
BSU36060,362
BSU36070,195
BSU36080,205
BSU36090,111
BSU36100,525
BSU36110,158
BSU36120,197
BSU36130,178
BSU36140,73
BSU36150,181
BSU36160,293
BSU36170,238
BSU36180,154
BSU36190,602
BSU36200,86
BSU36210,140
BSU36220,261
BSU36230,440
BSU36240,254
BSU36250,237
BSU36260,248
BSU36269,47
BSU36270,536
BSU36280,922
BSU36290,285
BSU36300,258
BSU36310,113
BSU36320,127
BSU36330,136
BSU36340,102
BSU36350,278
BSU36360,130
BSU36370,141
BSU36380,354
BSU36390,269
BSU36400,270
BSU36410,333
BSU36420,93
BSU36430,36
BSU36440,137
BSU36450,396
BSU36460,468
BSU36470,490
BSU36480,452
BSU36490,189
BSU36500,154
BSU36510,404
BSU36520,116
BSU36530,193
BSU36540,140
BSU36550,283
BSU36560,163
BSU36570,172
BSU36580,144
BSU36590,482
BSU36600,257
BSU36610,127
BSU36620,213
BSU36630,133
BSU36640,569
BSU36650,124
BSU36660,105
BSU36670,62
BSU36680,166
BSU36690,377
BSU36700,341
BSU36710,262
BSU36720,53
BSU36730,224
BSU36740,227
BSU36750,343
BSU36760,436
BSU36770,246
BSU36780,76
BSU36790,157
BSU36800,132
BSU36810,473
BSU36820,287
BSU36830,502
BSU36840,181
BSU36850,170
BSU36860,70
BSU36870,244
BSU36880,127
BSU36890,209
BSU36900,415
BSU36910,180
BSU36920,149
BSU36930,150
BSU36940,185
BSU36950,346
BSU36960,147
BSU36970,224
BSU36980,120
BSU36990,95
BSU37000,288
BSU37010,356
BSU37020,128
BSU37030,184
BSU37040,319
BSU37050,582
BSU37060,195
BSU37070,66
BSU37080,427
BSU37090,321
BSU37100,429
BSU37110,212
BSU37120,285
BSU37130,124
BSU37140,173
BSU37150,535
BSU37160,173
BSU37170,379
BSU37180,705
BSU37190,398
BSU37200,320
BSU37210,90
BSU37220,174
BSU37230,575
BSU37240,500
BSU37250,223
BSU37260,184
BSU37270,487
BSU37280,1228
BSU37290,158
BSU37300,239
BSU37310,238
BSU37320,395
BSU37330,556
BSU37340,142
BSU37350,43
BSU37360,50
BSU37370,448
BSU37380,53
BSU37390,239
BSU37400,436
BSU37410,386
BSU37420,426
BSU37430,233
BSU37440,458
BSU37450,451
BSU37460,381
BSU37470,39
BSU37480,157
BSU37490,290
BSU37500,276
BSU37510,691
BSU37520,172
BSU37530,219
BSU37540,62
BSU37550,139
BSU37560,638
BSU37570,466
BSU37580,156
BSU37590,166
BSU37600,433
BSU37610,74
BSU37620,258
BSU37630,296
BSU37640,281
BSU37650,299
BSU37660,323
BSU37670,249
BSU37680,259
BSU37690,399
BSU37700,394
BSU37710,472
BSU37720,255
BSU37730,235
BSU37740,204
BSU37750,412
BSU37760,470
BSU37770,566
BSU37780,515
BSU37790,424
BSU37800,154
BSU37810,151
BSU37820,283
BSU37830,315
BSU37840,246
BSU37850,339
BSU37860,240
BSU37870,373
BSU37880,289
BSU37890,389
BSU37900,474
BSU37910,256
BSU37920,181
BSU37930,123
BSU37940,440
BSU37950,118
BSU37960,456
BSU37970,225
BSU37980,268
BSU37990,177
BSU38000,211
BSU38018,112
BSU38020,271
BSU38030,82
BSU38040,479
BSU38050,461
BSU38060,256
BSU38070,276
BSU38080,100
BSU38090,806
BSU38100,333
BSU38110,249
BSU38120,393
BSU38130,87
BSU38140,124
BSU38150,204
BSU38160,649
BSU38170,321
BSU38180,81
BSU38190,513
BSU38200,390
BSU38210,127
BSU38220,223
BSU38229,52
BSU38230,102
BSU38240,513
BSU38250,200
BSU38260,416
BSU38270,385
BSU38280,481
BSU38290,222
BSU38300,272
BSU38310,301
BSU38320,128
BSU38330,225
BSU38340,399
BSU38350,65
BSU38360,396
BSU38370,126
BSU38380,225
BSU38390,444
BSU38400,645
BSU38410,459
BSU38420,280
BSU38430,286
BSU38440,237
BSU38450,171
BSU38460,413
BSU38470,455
BSU38480,210
BSU38490,311
BSU38499,49
BSU38500,503
BSU38510,395
BSU38520,78
BSU38530,392
BSU38540,252
BSU38550,363
BSU38560,442
BSU38570,110
BSU38580,452
BSU38590,102
BSU38600,641
BSU38610,52
BSU38620,196
BSU38630,547
BSU38640,400
BSU38650,258
BSU38660,295
BSU38670,62
BSU38680,68
BSU38690,106
BSU38700,178
BSU38710,457
BSU38720,276
BSU38730,575
BSU38740,567
BSU38750,338
BSU38760,468
BSU38770,450
BSU38780,562
BSU38790,66
BSU38800,279
BSU38810,365
BSU38820,297
BSU38830,485
BSU38840,278
BSU38850,213
BSU38860,339
BSU38870,168
BSU38880,291
BSU38890,157
BSU38900,406
BSU38910,218
BSU38920,410
BSU38930,87
BSU38940,162
BSU38950,377
BSU38960,378
BSU38970,257
BSU38980,216
BSU38990,238
BSU39000,472
BSU39010,282
BSU39020,397
BSU39040,96
BSU39050,686
BSU39060,426
BSU39070,242
BSU39080,277
BSU39090,226
BSU39100,428
BSU39110,479
BSU39120,382
BSU39139,43
BSU39140,153
BSU39150,98
BSU39160,162
BSU39170,150
BSU39180,109
BSU39190,138
BSU39200,122
BSU39210,156
BSU39220,142
BSU39230,2334
BSU39240,311
BSU39250,148
BSU39260,469
BSU39270,609
BSU39280,102
BSU39290,147
BSU39300,569
BSU39310,89
BSU39320,121
BSU39330,469
BSU39339,54
BSU39340,151
BSU39350,508
BSU39360,552
BSU39370,421
BSU39380,319
BSU39390,475
BSU39400,433
BSU39410,393
BSU39420,223
BSU39430,313
BSU39440,275
BSU39450,370
BSU39460,445
BSU39470,380
BSU39480,249
BSU39490,224
BSU39500,264
BSU39510,165
BSU39520,441
BSU39530,75
BSU39540,328
BSU39550,270
BSU39560,185
BSU39570,144
BSU39580,121
BSU39590,117
BSU39600,132
BSU39610,321
BSU39620,115
BSU39630,622
BSU39640,257
BSU39650,325
BSU39660,229
BSU39670,290
BSU39680,278
BSU39690,289
BSU39700,344
BSU39710,438
BSU39720,297
BSU39730,637
BSU39740,325
BSU39750,271
BSU39760,487
BSU39770,251
BSU39780,310
BSU39790,216
BSU39800,102
BSU39810,461
BSU39820,626
BSU39830,83
BSU39840,273
BSU39850,380
BSU39860,445
BSU39870,159
BSU39880,330
BSU39890,244
BSU39900,89
BSU39910,160
BSU39920,747
BSU39930,399
BSU39940,410
BSU39950,141
BSU39960,151
BSU39970,402
BSU39980,337
BSU39990,191
BSU40000,356
BSU40010,143
BSU40021,134
BSU40022,230
BSU40030,343
BSU40040,382
BSU40050,243
BSU40060,513
BSU40070,448
BSU40080,468
BSU40090,187
BSU40100,509
BSU40110,479
BSU40120,76
BSU40130,236
BSU40139,52
BSU40140,240
BSU40150,209
BSU40160,252
BSU40170,319
BSU40180,49
BSU40190,671
BSU40200,586
BSU40210,132
BSU40220,481
BSU40230,159
BSU40239,56
BSU40240,137
BSU40250,408
BSU40259,56
BSU40260,82
BSU40270,387
BSU40280,245
BSU40290,156
BSU40300,365
BSU40310,38
BSU40320,296
BSU40330,467
BSU40340,401
BSU40350,461
BSU40360,400
BSU40370,264
BSU40380,280
BSU40390,455
BSU40400,611
BSU40410,235
BSU40420,430
BSU40430,139
BSU40440,454
BSU40450,66
BSU40460,67
BSU40470,46
BSU40480,402
BSU40490,685
BSU40500,149
BSU40510,659
BSU40520,309
BSU40529,49
BSU40530,160
BSU40540,125
BSU40550,309
BSU40560,148
BSU40570,435
BSU40580,145
BSU40590,251
BSU40600,236
BSU40610,251
BSU40620,218
BSU40630,262
BSU40640,129
BSU40650,279
BSU40660,404
BSU40670,292
BSU40680,147
BSU40690,159
BSU40700,220
BSU40710,150
BSU40720,148
BSU40730,201
BSU40740,173
BSU40750,118
BSU40760,188
BSU40770,458
BSU40790,79
BSU40800,138
BSU40810,305
BSU40820,689
BSU40830,299
BSU40840,451
BSU40850,184
BSU40860,126
BSU40870,311
BSU40880,252
BSU40890,79
BSU40900,172
BSU40910,95
BSU40920,366
BSU40930,667
BSU40939,68
BSU40940,338
BSU40950,205
BSU40960,282
BSU40970,253
BSU40980,146
BSU40990,283
BSU41000,239
BSU41010,628
BSU41020,459
BSU41030,208
BSU41040,261
BSU41050,116
BSU41060,44
